query_id,seed,scenario,configuration,ranking,precision_at_k,recall_at_k,ndcg_at_k,coverage,candidate_count,eligible_count,relevant_count,relevant_lost_to_filter,zero_relevant
syn-11-thin-000,11,thin,full,"[""syn-11-thin-000-d000"", ""syn-11-thin-000-d002"", ""syn-11-thin-000-d003"", ""syn-11-thin-000-d001""]",0.0,,,1.0,4,4,0,0,True
syn-11-thin-000,11,thin,route_removed,"[""syn-11-thin-000-d000"", ""syn-11-thin-000-d002"", ""syn-11-thin-000-d001"", ""syn-11-thin-000-d003""]",0.0,,,1.0,4,4,0,0,True
syn-11-thin-000,11,thin,temporal_removed,"[""syn-11-thin-000-d000"", ""syn-11-thin-000-d002"", ""syn-11-thin-000-d003"", ""syn-11-thin-000-d001""]",0.0,,,1.0,4,4,0,0,True
syn-11-thin-000,11,thin,context_removed,"[""syn-11-thin-000-d000"", ""syn-11-thin-000-d002"", ""syn-11-thin-000-d003"", ""syn-11-thin-000-d001""]",0.0,,,1.0,4,4,0,0,True
syn-11-thin-001,11,thin,full,"[""syn-11-thin-001-d002"", ""syn-11-thin-001-d003"", ""syn-11-thin-001-d000"", ""syn-11-thin-001-d001""]",0.0,,,1.0,4,4,0,0,True
syn-11-thin-001,11,thin,route_removed,"[""syn-11-thin-001-d002"", ""syn-11-thin-001-d003"", ""syn-11-thin-001-d000"", ""syn-11-thin-001-d001""]",0.0,,,1.0,4,4,0,0,True
syn-11-thin-001,11,thin,temporal_removed,"[""syn-11-thin-001-d002"", ""syn-11-thin-001-d003"", ""syn-11-thin-001-d000"", ""syn-11-thin-001-d001""]",0.0,,,1.0,4,4,0,0,True
syn-11-thin-001,11,thin,context_removed,"[""syn-11-thin-001-d002"", ""syn-11-thin-001-d003"", ""syn-11-thin-001-d000"", ""syn-11-thin-001-d001""]",0.0,,,1.0,4,4,0,0,True
syn-11-thin-002,11,thin,full,"[""syn-11-thin-002-d000"", ""syn-11-thin-002-d001"", ""syn-11-thin-002-d002"", ""syn-11-thin-002-d003""]",0.3333333333333333,1.0,1.0,1.0,4,4,1,0,False
syn-11-thin-002,11,thin,route_removed,"[""syn-11-thin-002-d000"", ""syn-11-thin-002-d001"", ""syn-11-thin-002-d003"", ""syn-11-thin-002-d002""]",0.3333333333333333,1.0,1.0,1.0,4,4,1,0,False
syn-11-thin-002,11,thin,temporal_removed,"[""syn-11-thin-002-d000"", ""syn-11-thin-002-d001"", ""syn-11-thin-002-d002"", ""syn-11-thin-002-d003""]",0.3333333333333333,1.0,1.0,1.0,4,4,1,0,False
syn-11-thin-002,11,thin,context_removed,"[""syn-11-thin-002-d000"", ""syn-11-thin-002-d001"", ""syn-11-thin-002-d002"", ""syn-11-thin-002-d003""]",0.3333333333333333,1.0,1.0,1.0,4,4,1,0,False
syn-11-thin-003,11,thin,full,"[""syn-11-thin-003-d002"", ""syn-11-thin-003-d001"", ""syn-11-thin-003-d000""]",0.6666666666666666,1.0,0.6934264036172708,0.75,4,3,2,0,False
syn-11-thin-003,11,thin,route_removed,"[""syn-11-thin-003-d002"", ""syn-11-thin-003-d000"", ""syn-11-thin-003-d001""]",0.6666666666666666,1.0,0.6934264036172708,0.75,4,3,2,0,False
syn-11-thin-003,11,thin,temporal_removed,"[""syn-11-thin-003-d002"", ""syn-11-thin-003-d001"", ""syn-11-thin-003-d000""]",0.6666666666666666,1.0,0.6934264036172708,0.75,4,3,2,0,False
syn-11-thin-003,11,thin,context_removed,"[""syn-11-thin-003-d002"", ""syn-11-thin-003-d001"", ""syn-11-thin-003-d000""]",0.6666666666666666,1.0,0.6934264036172708,0.75,4,3,2,0,False
syn-11-thin-004,11,thin,full,"[""syn-11-thin-004-d000"", ""syn-11-thin-004-d001""]",0.3333333333333333,1.0,1.0,0.5,4,2,1,0,False
syn-11-thin-004,11,thin,route_removed,"[""syn-11-thin-004-d000"", ""syn-11-thin-004-d001""]",0.3333333333333333,1.0,1.0,0.5,4,2,1,0,False
syn-11-thin-004,11,thin,temporal_removed,"[""syn-11-thin-004-d000"", ""syn-11-thin-004-d001""]",0.3333333333333333,1.0,1.0,0.5,4,2,1,0,False
syn-11-thin-004,11,thin,context_removed,"[""syn-11-thin-004-d000"", ""syn-11-thin-004-d001""]",0.3333333333333333,1.0,1.0,0.5,4,2,1,0,False
syn-11-thin-005,11,thin,full,"[""syn-11-thin-005-d000""]",0.0,,,0.25,4,1,0,0,True
syn-11-thin-005,11,thin,route_removed,"[""syn-11-thin-005-d000""]",0.0,,,0.25,4,1,0,0,True
syn-11-thin-005,11,thin,temporal_removed,"[""syn-11-thin-005-d000""]",0.0,,,0.25,4,1,0,0,True
syn-11-thin-005,11,thin,context_removed,"[""syn-11-thin-005-d000""]",0.0,,,0.25,4,1,0,0,True
syn-11-thin-006,11,thin,full,[],0.0,0.0,0.0,0.0,4,0,1,1,False
syn-11-thin-006,11,thin,route_removed,[],0.0,0.0,0.0,0.0,4,0,1,1,False
syn-11-thin-006,11,thin,temporal_removed,[],0.0,0.0,0.0,0.0,4,0,1,1,False
syn-11-thin-006,11,thin,context_removed,[],0.0,0.0,0.0,0.0,4,0,1,1,False
syn-11-thin-007,11,thin,full,[],0.0,0.0,0.0,0.0,4,0,2,2,False
syn-11-thin-007,11,thin,route_removed,[],0.0,0.0,0.0,0.0,4,0,2,2,False
syn-11-thin-007,11,thin,temporal_removed,[],0.0,0.0,0.0,0.0,4,0,2,2,False
syn-11-thin-007,11,thin,context_removed,[],0.0,0.0,0.0,0.0,4,0,2,2,False
syn-11-thin-008,11,thin,full,[],0.0,,,0.0,4,0,0,0,True
syn-11-thin-008,11,thin,route_removed,[],0.0,,,0.0,4,0,0,0,True
syn-11-thin-008,11,thin,temporal_removed,[],0.0,,,0.0,4,0,0,0,True
syn-11-thin-008,11,thin,context_removed,[],0.0,,,0.0,4,0,0,0,True
syn-11-thin-009,11,thin,full,"[""syn-11-thin-009-d003""]",0.0,0.0,0.0,0.25,4,1,1,1,False
syn-11-thin-009,11,thin,route_removed,"[""syn-11-thin-009-d003""]",0.0,0.0,0.0,0.25,4,1,1,1,False
syn-11-thin-009,11,thin,temporal_removed,"[""syn-11-thin-009-d003""]",0.0,0.0,0.0,0.25,4,1,1,1,False
syn-11-thin-009,11,thin,context_removed,"[""syn-11-thin-009-d003""]",0.0,0.0,0.0,0.25,4,1,1,1,False
syn-11-thin-010,11,thin,full,"[""syn-11-thin-010-d002"", ""syn-11-thin-010-d003""]",0.0,,,0.5,4,2,0,0,True
syn-11-thin-010,11,thin,route_removed,"[""syn-11-thin-010-d002"", ""syn-11-thin-010-d003""]",0.0,,,0.5,4,2,0,0,True
syn-11-thin-010,11,thin,temporal_removed,"[""syn-11-thin-010-d002"", ""syn-11-thin-010-d003""]",0.0,,,0.5,4,2,0,0,True
syn-11-thin-010,11,thin,context_removed,"[""syn-11-thin-010-d002"", ""syn-11-thin-010-d003""]",0.0,,,0.5,4,2,0,0,True
syn-11-thin-011,11,thin,full,"[""syn-11-thin-011-d001"", ""syn-11-thin-011-d003"", ""syn-11-thin-011-d002""]",0.0,0.0,0.0,0.75,4,3,1,1,False
syn-11-thin-011,11,thin,route_removed,"[""syn-11-thin-011-d001"", ""syn-11-thin-011-d003"", ""syn-11-thin-011-d002""]",0.0,0.0,0.0,0.75,4,3,1,1,False
syn-11-thin-011,11,thin,temporal_removed,"[""syn-11-thin-011-d001"", ""syn-11-thin-011-d003"", ""syn-11-thin-011-d002""]",0.0,0.0,0.0,0.75,4,3,1,1,False
syn-11-thin-011,11,thin,context_removed,"[""syn-11-thin-011-d001"", ""syn-11-thin-011-d003"", ""syn-11-thin-011-d002""]",0.0,0.0,0.0,0.75,4,3,1,1,False
syn-11-thin-012,11,thin,full,"[""syn-11-thin-012-d000"", ""syn-11-thin-012-d003"", ""syn-11-thin-012-d002"", ""syn-11-thin-012-d001""]",0.0,0.0,0.0,1.0,4,4,1,0,False
syn-11-thin-012,11,thin,route_removed,"[""syn-11-thin-012-d000"", ""syn-11-thin-012-d001"", ""syn-11-thin-012-d002"", ""syn-11-thin-012-d003""]",0.3333333333333333,1.0,0.6309297535714575,1.0,4,4,1,0,False
syn-11-thin-012,11,thin,temporal_removed,"[""syn-11-thin-012-d003"", ""syn-11-thin-012-d000"", ""syn-11-thin-012-d001"", ""syn-11-thin-012-d002""]",0.3333333333333333,1.0,0.5,1.0,4,4,1,0,False
syn-11-thin-012,11,thin,context_removed,"[""syn-11-thin-012-d000"", ""syn-11-thin-012-d003"", ""syn-11-thin-012-d002"", ""syn-11-thin-012-d001""]",0.0,0.0,0.0,1.0,4,4,1,0,False
syn-11-thin-013,11,thin,full,"[""syn-11-thin-013-d000"", ""syn-11-thin-013-d002"", ""syn-11-thin-013-d003"", ""syn-11-thin-013-d001""]",0.3333333333333333,1.0,0.5,1.0,4,4,1,0,False
syn-11-thin-013,11,thin,route_removed,"[""syn-11-thin-013-d000"", ""syn-11-thin-013-d002"", ""syn-11-thin-013-d001"", ""syn-11-thin-013-d003""]",0.0,0.0,0.0,1.0,4,4,1,0,False
syn-11-thin-013,11,thin,temporal_removed,"[""syn-11-thin-013-d000"", ""syn-11-thin-013-d003"", ""syn-11-thin-013-d001"", ""syn-11-thin-013-d002""]",0.3333333333333333,1.0,0.6309297535714575,1.0,4,4,1,0,False
syn-11-thin-013,11,thin,context_removed,"[""syn-11-thin-013-d000"", ""syn-11-thin-013-d002"", ""syn-11-thin-013-d003"", ""syn-11-thin-013-d001""]",0.3333333333333333,1.0,0.5,1.0,4,4,1,0,False
syn-11-thin-014,11,thin,full,"[""syn-11-thin-014-d001"", ""syn-11-thin-014-d000"", ""syn-11-thin-014-d003"", ""syn-11-thin-014-d002""]",0.6666666666666666,1.0,0.9197207891481876,1.0,4,4,2,0,False
syn-11-thin-014,11,thin,route_removed,"[""syn-11-thin-014-d001"", ""syn-11-thin-014-d000"", ""syn-11-thin-014-d003"", ""syn-11-thin-014-d002""]",0.6666666666666666,1.0,0.9197207891481876,1.0,4,4,2,0,False
syn-11-thin-014,11,thin,temporal_removed,"[""syn-11-thin-014-d001"", ""syn-11-thin-014-d000"", ""syn-11-thin-014-d003"", ""syn-11-thin-014-d002""]",0.6666666666666666,1.0,0.9197207891481876,1.0,4,4,2,0,False
syn-11-thin-014,11,thin,context_removed,"[""syn-11-thin-014-d001"", ""syn-11-thin-014-d000"", ""syn-11-thin-014-d003"", ""syn-11-thin-014-d002""]",0.6666666666666666,1.0,0.9197207891481876,1.0,4,4,2,0,False
syn-11-thin-015,11,thin,full,"[""syn-11-thin-015-d001"", ""syn-11-thin-015-d002"", ""syn-11-thin-015-d000""]",0.6666666666666666,0.6666666666666666,0.7653606369886217,0.75,4,3,3,1,False
syn-11-thin-015,11,thin,route_removed,"[""syn-11-thin-015-d001"", ""syn-11-thin-015-d002"", ""syn-11-thin-015-d000""]",0.6666666666666666,0.6666666666666666,0.7653606369886217,0.75,4,3,3,1,False
syn-11-thin-015,11,thin,temporal_removed,"[""syn-11-thin-015-d001"", ""syn-11-thin-015-d000"", ""syn-11-thin-015-d002""]",0.6666666666666666,0.6666666666666666,0.7039180890341347,0.75,4,3,3,1,False
syn-11-thin-015,11,thin,context_removed,"[""syn-11-thin-015-d001"", ""syn-11-thin-015-d002"", ""syn-11-thin-015-d000""]",0.6666666666666666,0.6666666666666666,0.7653606369886217,0.75,4,3,3,1,False
syn-11-thin-016,11,thin,full,"[""syn-11-thin-016-d001"", ""syn-11-thin-016-d000""]",0.3333333333333333,1.0,1.0,0.5,4,2,1,0,False
syn-11-thin-016,11,thin,route_removed,"[""syn-11-thin-016-d001"", ""syn-11-thin-016-d000""]",0.3333333333333333,1.0,1.0,0.5,4,2,1,0,False
syn-11-thin-016,11,thin,temporal_removed,"[""syn-11-thin-016-d001"", ""syn-11-thin-016-d000""]",0.3333333333333333,1.0,1.0,0.5,4,2,1,0,False
syn-11-thin-016,11,thin,context_removed,"[""syn-11-thin-016-d001"", ""syn-11-thin-016-d000""]",0.3333333333333333,1.0,1.0,0.5,4,2,1,0,False
syn-11-thin-017,11,thin,full,"[""syn-11-thin-017-d000""]",0.0,,,0.25,4,1,0,0,True
syn-11-thin-017,11,thin,route_removed,"[""syn-11-thin-017-d000""]",0.0,,,0.25,4,1,0,0,True
syn-11-thin-017,11,thin,temporal_removed,"[""syn-11-thin-017-d000""]",0.0,,,0.25,4,1,0,0,True
syn-11-thin-017,11,thin,context_removed,"[""syn-11-thin-017-d000""]",0.0,,,0.25,4,1,0,0,True
syn-11-thin-018,11,thin,full,[],0.0,0.0,0.0,0.0,4,0,1,1,False
syn-11-thin-018,11,thin,route_removed,[],0.0,0.0,0.0,0.0,4,0,1,1,False
syn-11-thin-018,11,thin,temporal_removed,[],0.0,0.0,0.0,0.0,4,0,1,1,False
syn-11-thin-018,11,thin,context_removed,[],0.0,0.0,0.0,0.0,4,0,1,1,False
syn-11-thin-019,11,thin,full,[],0.0,,,0.0,4,0,0,0,True
syn-11-thin-019,11,thin,route_removed,[],0.0,,,0.0,4,0,0,0,True
syn-11-thin-019,11,thin,temporal_removed,[],0.0,,,0.0,4,0,0,0,True
syn-11-thin-019,11,thin,context_removed,[],0.0,,,0.0,4,0,0,0,True
syn-11-balanced-000,11,balanced,full,"[""syn-11-balanced-000-d003"", ""syn-11-balanced-000-d001"", ""syn-11-balanced-000-d002"", ""syn-11-balanced-000-d004"", ""syn-11-balanced-000-d000"", ""syn-11-balanced-000-d005""]",0.0,,,0.5,12,6,0,0,True
syn-11-balanced-000,11,balanced,route_removed,"[""syn-11-balanced-000-d003"", ""syn-11-balanced-000-d001"", ""syn-11-balanced-000-d002"", ""syn-11-balanced-000-d004"", ""syn-11-balanced-000-d000"", ""syn-11-balanced-000-d005""]",0.0,,,0.5,12,6,0,0,True
syn-11-balanced-000,11,balanced,temporal_removed,"[""syn-11-balanced-000-d003"", ""syn-11-balanced-000-d002"", ""syn-11-balanced-000-d001"", ""syn-11-balanced-000-d004"", ""syn-11-balanced-000-d005"", ""syn-11-balanced-000-d000""]",0.0,,,0.5,12,6,0,0,True
syn-11-balanced-000,11,balanced,context_removed,"[""syn-11-balanced-000-d003"", ""syn-11-balanced-000-d001"", ""syn-11-balanced-000-d002"", ""syn-11-balanced-000-d004"", ""syn-11-balanced-000-d000"", ""syn-11-balanced-000-d005""]",0.0,,,0.5,12,6,0,0,True
syn-11-balanced-001,11,balanced,full,"[""syn-11-balanced-001-d001"", ""syn-11-balanced-001-d000"", ""syn-11-balanced-001-d004"", ""syn-11-balanced-001-d002"", ""syn-11-balanced-001-d003"", ""syn-11-balanced-001-d011""]",0.6666666666666666,0.5,0.7039180890341347,0.5,12,6,4,1,False
syn-11-balanced-001,11,balanced,route_removed,"[""syn-11-balanced-001-d001"", ""syn-11-balanced-001-d004"", ""syn-11-balanced-001-d000"", ""syn-11-balanced-001-d002"", ""syn-11-balanced-001-d003"", ""syn-11-balanced-001-d011""]",0.6666666666666666,0.5,0.7653606369886217,0.5,12,6,4,1,False
syn-11-balanced-001,11,balanced,temporal_removed,"[""syn-11-balanced-001-d001"", ""syn-11-balanced-001-d000"", ""syn-11-balanced-001-d002"", ""syn-11-balanced-001-d003"", ""syn-11-balanced-001-d004"", ""syn-11-balanced-001-d011""]",0.6666666666666666,0.5,0.7039180890341347,0.5,12,6,4,1,False
syn-11-balanced-001,11,balanced,context_removed,"[""syn-11-balanced-001-d001"", ""syn-11-balanced-001-d000"", ""syn-11-balanced-001-d004"", ""syn-11-balanced-001-d002"", ""syn-11-balanced-001-d003"", ""syn-11-balanced-001-d011""]",0.6666666666666666,0.5,0.7039180890341347,0.5,12,6,4,1,False
syn-11-balanced-002,11,balanced,full,"[""syn-11-balanced-002-d002"", ""syn-11-balanced-002-d001"", ""syn-11-balanced-002-d000"", ""syn-11-balanced-002-d010"", ""syn-11-balanced-002-d011"", ""syn-11-balanced-002-d003""]",0.0,,,0.5,12,6,0,0,True
syn-11-balanced-002,11,balanced,route_removed,"[""syn-11-balanced-002-d002"", ""syn-11-balanced-002-d001"", ""syn-11-balanced-002-d000"", ""syn-11-balanced-002-d010"", ""syn-11-balanced-002-d011"", ""syn-11-balanced-002-d003""]",0.0,,,0.5,12,6,0,0,True
syn-11-balanced-002,11,balanced,temporal_removed,"[""syn-11-balanced-002-d002"", ""syn-11-balanced-002-d001"", ""syn-11-balanced-002-d000"", ""syn-11-balanced-002-d010"", ""syn-11-balanced-002-d011"", ""syn-11-balanced-002-d003""]",0.0,,,0.5,12,6,0,0,True
syn-11-balanced-002,11,balanced,context_removed,"[""syn-11-balanced-002-d002"", ""syn-11-balanced-002-d001"", ""syn-11-balanced-002-d000"", ""syn-11-balanced-002-d010"", ""syn-11-balanced-002-d011"", ""syn-11-balanced-002-d003""]",0.0,,,0.5,12,6,0,0,True
syn-11-balanced-003,11,balanced,full,"[""syn-11-balanced-003-d011"", ""syn-11-balanced-003-d002"", ""syn-11-balanced-003-d001"", ""syn-11-balanced-003-d000"", ""syn-11-balanced-003-d009"", ""syn-11-balanced-003-d010""]",0.0,0.0,0.0,0.5,12,6,3,3,False
syn-11-balanced-003,11,balanced,route_removed,"[""syn-11-balanced-003-d011"", ""syn-11-balanced-003-d002"", ""syn-11-balanced-003-d001"", ""syn-11-balanced-003-d000"", ""syn-11-balanced-003-d010"", ""syn-11-balanced-003-d009""]",0.0,0.0,0.0,0.5,12,6,3,3,False
syn-11-balanced-003,11,balanced,temporal_removed,"[""syn-11-balanced-003-d002"", ""syn-11-balanced-003-d011"", ""syn-11-balanced-003-d001"", ""syn-11-balanced-003-d000"", ""syn-11-balanced-003-d009"", ""syn-11-balanced-003-d010""]",0.0,0.0,0.0,0.5,12,6,3,3,False
syn-11-balanced-003,11,balanced,context_removed,"[""syn-11-balanced-003-d011"", ""syn-11-balanced-003-d002"", ""syn-11-balanced-003-d001"", ""syn-11-balanced-003-d000"", ""syn-11-balanced-003-d009"", ""syn-11-balanced-003-d010""]",0.0,0.0,0.0,0.5,12,6,3,3,False
syn-11-balanced-004,11,balanced,full,"[""syn-11-balanced-004-d000"", ""syn-11-balanced-004-d008"", ""syn-11-balanced-004-d011"", ""syn-11-balanced-004-d010"", ""syn-11-balanced-004-d009"", ""syn-11-balanced-004-d001""]",0.6666666666666666,0.3333333333333333,0.5307212739772434,0.5,12,6,6,2,False
syn-11-balanced-004,11,balanced,route_removed,"[""syn-11-balanced-004-d000"", ""syn-11-balanced-004-d008"", ""syn-11-balanced-004-d011"", ""syn-11-balanced-004-d010"", ""syn-11-balanced-004-d001"", ""syn-11-balanced-004-d009""]",0.6666666666666666,0.3333333333333333,0.5307212739772434,0.5,12,6,6,2,False
syn-11-balanced-004,11,balanced,temporal_removed,"[""syn-11-balanced-004-d000"", ""syn-11-balanced-004-d008"", ""syn-11-balanced-004-d011"", ""syn-11-balanced-004-d010"", ""syn-11-balanced-004-d009"", ""syn-11-balanced-004-d001""]",0.6666666666666666,0.3333333333333333,0.5307212739772434,0.5,12,6,6,2,False
syn-11-balanced-004,11,balanced,context_removed,"[""syn-11-balanced-004-d000"", ""syn-11-balanced-004-d008"", ""syn-11-balanced-004-d011"", ""syn-11-balanced-004-d010"", ""syn-11-balanced-004-d009"", ""syn-11-balanced-004-d001""]",0.6666666666666666,0.3333333333333333,0.5307212739772434,0.5,12,6,6,2,False
syn-11-balanced-005,11,balanced,full,"[""syn-11-balanced-005-d010"", ""syn-11-balanced-005-d000"", ""syn-11-balanced-005-d009"", ""syn-11-balanced-005-d007"", ""syn-11-balanced-005-d008"", ""syn-11-balanced-005-d011""]",1.0,0.375,1.0,0.5,12,6,8,2,False
syn-11-balanced-005,11,balanced,route_removed,"[""syn-11-balanced-005-d010"", ""syn-11-balanced-005-d000"", ""syn-11-balanced-005-d007"", ""syn-11-balanced-005-d009"", ""syn-11-balanced-005-d008"", ""syn-11-balanced-005-d011""]",1.0,0.375,1.0,0.5,12,6,8,2,False
syn-11-balanced-005,11,balanced,temporal_removed,"[""syn-11-balanced-005-d010"", ""syn-11-balanced-005-d000"", ""syn-11-balanced-005-d009"", ""syn-11-balanced-005-d007"", ""syn-11-balanced-005-d008"", ""syn-11-balanced-005-d011""]",1.0,0.375,1.0,0.5,12,6,8,2,False
syn-11-balanced-005,11,balanced,context_removed,"[""syn-11-balanced-005-d010"", ""syn-11-balanced-005-d000"", ""syn-11-balanced-005-d009"", ""syn-11-balanced-005-d007"", ""syn-11-balanced-005-d008"", ""syn-11-balanced-005-d011""]",1.0,0.375,1.0,0.5,12,6,8,2,False
syn-11-balanced-006,11,balanced,full,"[""syn-11-balanced-006-d009"", ""syn-11-balanced-006-d008"", ""syn-11-balanced-006-d011"", ""syn-11-balanced-006-d010"", ""syn-11-balanced-006-d007"", ""syn-11-balanced-006-d006""]",0.6666666666666666,0.6666666666666666,0.7039180890341347,0.5,12,6,3,1,False
syn-11-balanced-006,11,balanced,route_removed,"[""syn-11-balanced-006-d009"", ""syn-11-balanced-006-d008"", ""syn-11-balanced-006-d011"", ""syn-11-balanced-006-d010"", ""syn-11-balanced-006-d007"", ""syn-11-balanced-006-d006""]",0.6666666666666666,0.6666666666666666,0.7039180890341347,0.5,12,6,3,1,False
syn-11-balanced-006,11,balanced,temporal_removed,"[""syn-11-balanced-006-d008"", ""syn-11-balanced-006-d009"", ""syn-11-balanced-006-d011"", ""syn-11-balanced-006-d010"", ""syn-11-balanced-006-d006"", ""syn-11-balanced-006-d007""]",0.6666666666666666,0.6666666666666666,0.5307212739772434,0.5,12,6,3,1,False
syn-11-balanced-006,11,balanced,context_removed,"[""syn-11-balanced-006-d009"", ""syn-11-balanced-006-d008"", ""syn-11-balanced-006-d011"", ""syn-11-balanced-006-d010"", ""syn-11-balanced-006-d007"", ""syn-11-balanced-006-d006""]",0.6666666666666666,0.6666666666666666,0.7039180890341347,0.5,12,6,3,1,False
syn-11-balanced-007,11,balanced,full,"[""syn-11-balanced-007-d009"", ""syn-11-balanced-007-d010"", ""syn-11-balanced-007-d008"", ""syn-11-balanced-007-d007"", ""syn-11-balanced-007-d006"", ""syn-11-balanced-007-d005""]",0.0,0.0,0.0,0.5,12,6,2,1,False
syn-11-balanced-007,11,balanced,route_removed,"[""syn-11-balanced-007-d007"", ""syn-11-balanced-007-d010"", ""syn-11-balanced-007-d006"", ""syn-11-balanced-007-d008"", ""syn-11-balanced-007-d005"", ""syn-11-balanced-007-d009""]",0.3333333333333333,0.5,0.6131471927654584,0.5,12,6,2,1,False
syn-11-balanced-007,11,balanced,temporal_removed,"[""syn-11-balanced-007-d010"", ""syn-11-balanced-007-d009"", ""syn-11-balanced-007-d008"", ""syn-11-balanced-007-d006"", ""syn-11-balanced-007-d005"", ""syn-11-balanced-007-d007""]",0.0,0.0,0.0,0.5,12,6,2,1,False
syn-11-balanced-007,11,balanced,context_removed,"[""syn-11-balanced-007-d009"", ""syn-11-balanced-007-d010"", ""syn-11-balanced-007-d008"", ""syn-11-balanced-007-d007"", ""syn-11-balanced-007-d006"", ""syn-11-balanced-007-d005""]",0.0,0.0,0.0,0.5,12,6,2,1,False
syn-11-balanced-008,11,balanced,full,"[""syn-11-balanced-008-d005"", ""syn-11-balanced-008-d004"", ""syn-11-balanced-008-d007"", ""syn-11-balanced-008-d008"", ""syn-11-balanced-008-d006"", ""syn-11-balanced-008-d009""]",0.6666666666666666,0.3333333333333333,0.7653606369886217,0.5,12,6,6,3,False
syn-11-balanced-008,11,balanced,route_removed,"[""syn-11-balanced-008-d004"", ""syn-11-balanced-008-d005"", ""syn-11-balanced-008-d007"", ""syn-11-balanced-008-d008"", ""syn-11-balanced-008-d006"", ""syn-11-balanced-008-d009""]",0.6666666666666666,0.3333333333333333,0.7653606369886217,0.5,12,6,6,3,False
syn-11-balanced-008,11,balanced,temporal_removed,"[""syn-11-balanced-008-d005"", ""syn-11-balanced-008-d004"", ""syn-11-balanced-008-d007"", ""syn-11-balanced-008-d008"", ""syn-11-balanced-008-d006"", ""syn-11-balanced-008-d009""]",0.6666666666666666,0.3333333333333333,0.7653606369886217,0.5,12,6,6,3,False
syn-11-balanced-008,11,balanced,context_removed,"[""syn-11-balanced-008-d005"", ""syn-11-balanced-008-d004"", ""syn-11-balanced-008-d007"", ""syn-11-balanced-008-d008"", ""syn-11-balanced-008-d006"", ""syn-11-balanced-008-d009""]",0.6666666666666666,0.3333333333333333,0.7653606369886217,0.5,12,6,6,3,False
syn-11-balanced-009,11,balanced,full,"[""syn-11-balanced-009-d008"", ""syn-11-balanced-009-d006"", ""syn-11-balanced-009-d004"", ""syn-11-balanced-009-d003"", ""syn-11-balanced-009-d007"", ""syn-11-balanced-009-d005""]",1.0,0.42857142857142855,1.0,0.5,12,6,7,3,False
syn-11-balanced-009,11,balanced,route_removed,"[""syn-11-balanced-009-d008"", ""syn-11-balanced-009-d006"", ""syn-11-balanced-009-d004"", ""syn-11-balanced-009-d007"", ""syn-11-balanced-009-d003"", ""syn-11-balanced-009-d005""]",1.0,0.42857142857142855,1.0,0.5,12,6,7,3,False
syn-11-balanced-009,11,balanced,temporal_removed,"[""syn-11-balanced-009-d006"", ""syn-11-balanced-009-d008"", ""syn-11-balanced-009-d004"", ""syn-11-balanced-009-d003"", ""syn-11-balanced-009-d007"", ""syn-11-balanced-009-d005""]",1.0,0.42857142857142855,1.0,0.5,12,6,7,3,False
syn-11-balanced-009,11,balanced,context_removed,"[""syn-11-balanced-009-d008"", ""syn-11-balanced-009-d006"", ""syn-11-balanced-009-d004"", ""syn-11-balanced-009-d003"", ""syn-11-balanced-009-d007"", ""syn-11-balanced-009-d005""]",1.0,0.42857142857142855,1.0,0.5,12,6,7,3,False
syn-11-balanced-010,11,balanced,full,"[""syn-11-balanced-010-d003"", ""syn-11-balanced-010-d007"", ""syn-11-balanced-010-d004"", ""syn-11-balanced-010-d006"", ""syn-11-balanced-010-d005"", ""syn-11-balanced-010-d002""]",0.0,,,0.5,12,6,0,0,True
syn-11-balanced-010,11,balanced,route_removed,"[""syn-11-balanced-010-d004"", ""syn-11-balanced-010-d003"", ""syn-11-balanced-010-d007"", ""syn-11-balanced-010-d006"", ""syn-11-balanced-010-d005"", ""syn-11-balanced-010-d002""]",0.0,,,0.5,12,6,0,0,True
syn-11-balanced-010,11,balanced,temporal_removed,"[""syn-11-balanced-010-d003"", ""syn-11-balanced-010-d004"", ""syn-11-balanced-010-d007"", ""syn-11-balanced-010-d005"", ""syn-11-balanced-010-d006"", ""syn-11-balanced-010-d002""]",0.0,,,0.5,12,6,0,0,True
syn-11-balanced-010,11,balanced,context_removed,"[""syn-11-balanced-010-d003"", ""syn-11-balanced-010-d007"", ""syn-11-balanced-010-d004"", ""syn-11-balanced-010-d006"", ""syn-11-balanced-010-d005"", ""syn-11-balanced-010-d002""]",0.0,,,0.5,12,6,0,0,True
syn-11-balanced-011,11,balanced,full,"[""syn-11-balanced-011-d003"", ""syn-11-balanced-011-d004"", ""syn-11-balanced-011-d002"", ""syn-11-balanced-011-d001"", ""syn-11-balanced-011-d005"", ""syn-11-balanced-011-d006""]",0.0,0.0,0.0,0.5,12,6,3,2,False
syn-11-balanced-011,11,balanced,route_removed,"[""syn-11-balanced-011-d003"", ""syn-11-balanced-011-d004"", ""syn-11-balanced-011-d006"", ""syn-11-balanced-011-d005"", ""syn-11-balanced-011-d001"", ""syn-11-balanced-011-d002""]",0.0,0.0,0.0,0.5,12,6,3,2,False
syn-11-balanced-011,11,balanced,temporal_removed,"[""syn-11-balanced-011-d003"", ""syn-11-balanced-011-d004"", ""syn-11-balanced-011-d002"", ""syn-11-balanced-011-d001"", ""syn-11-balanced-011-d006"", ""syn-11-balanced-011-d005""]",0.0,0.0,0.0,0.5,12,6,3,2,False
syn-11-balanced-011,11,balanced,context_removed,"[""syn-11-balanced-011-d003"", ""syn-11-balanced-011-d004"", ""syn-11-balanced-011-d002"", ""syn-11-balanced-011-d001"", ""syn-11-balanced-011-d005"", ""syn-11-balanced-011-d006""]",0.0,0.0,0.0,0.5,12,6,3,2,False
syn-11-balanced-012,11,balanced,full,"[""syn-11-balanced-012-d004"", ""syn-11-balanced-012-d002"", ""syn-11-balanced-012-d005"", ""syn-11-balanced-012-d001"", ""syn-11-balanced-012-d003"", ""syn-11-balanced-012-d000""]",0.0,0.0,0.0,0.5,12,6,3,2,False
syn-11-balanced-012,11,balanced,route_removed,"[""syn-11-balanced-012-d004"", ""syn-11-balanced-012-d002"", ""syn-11-balanced-012-d005"", ""syn-11-balanced-012-d001"", ""syn-11-balanced-012-d000"", ""syn-11-balanced-012-d003""]",0.0,0.0,0.0,0.5,12,6,3,2,False
syn-11-balanced-012,11,balanced,temporal_removed,"[""syn-11-balanced-012-d002"", ""syn-11-balanced-012-d004"", ""syn-11-balanced-012-d005"", ""syn-11-balanced-012-d001"", ""syn-11-balanced-012-d003"", ""syn-11-balanced-012-d000""]",0.0,0.0,0.0,0.5,12,6,3,2,False
syn-11-balanced-012,11,balanced,context_removed,"[""syn-11-balanced-012-d004"", ""syn-11-balanced-012-d002"", ""syn-11-balanced-012-d005"", ""syn-11-balanced-012-d001"", ""syn-11-balanced-012-d003"", ""syn-11-balanced-012-d000""]",0.0,0.0,0.0,0.5,12,6,3,2,False
syn-11-balanced-013,11,balanced,full,"[""syn-11-balanced-013-d000"", ""syn-11-balanced-013-d002"", ""syn-11-balanced-013-d004"", ""syn-11-balanced-013-d011"", ""syn-11-balanced-013-d003"", ""syn-11-balanced-013-d001""]",0.6666666666666666,0.2857142857142857,0.5307212739772434,0.5,12,6,7,2,False
syn-11-balanced-013,11,balanced,route_removed,"[""syn-11-balanced-013-d000"", ""syn-11-balanced-013-d002"", ""syn-11-balanced-013-d004"", ""syn-11-balanced-013-d011"", ""syn-11-balanced-013-d003"", ""syn-11-balanced-013-d001""]",0.6666666666666666,0.2857142857142857,0.5307212739772434,0.5,12,6,7,2,False
syn-11-balanced-013,11,balanced,temporal_removed,"[""syn-11-balanced-013-d002"", ""syn-11-balanced-013-d000"", ""syn-11-balanced-013-d011"", ""syn-11-balanced-013-d003"", ""syn-11-balanced-013-d004"", ""syn-11-balanced-013-d001""]",0.6666666666666666,0.2857142857142857,0.7039180890341347,0.5,12,6,7,2,False
syn-11-balanced-013,11,balanced,context_removed,"[""syn-11-balanced-013-d000"", ""syn-11-balanced-013-d002"", ""syn-11-balanced-013-d004"", ""syn-11-balanced-013-d011"", ""syn-11-balanced-013-d003"", ""syn-11-balanced-013-d001""]",0.6666666666666666,0.2857142857142857,0.5307212739772434,0.5,12,6,7,2,False
syn-11-balanced-014,11,balanced,full,"[""syn-11-balanced-014-d001"", ""syn-11-balanced-014-d002"", ""syn-11-balanced-014-d003"", ""syn-11-balanced-014-d000"", ""syn-11-balanced-014-d011"", ""syn-11-balanced-014-d010""]",0.3333333333333333,0.25,0.46927872602275644,0.5,12,6,4,1,False
syn-11-balanced-014,11,balanced,route_removed,"[""syn-11-balanced-014-d001"", ""syn-11-balanced-014-d002"", ""syn-11-balanced-014-d003"", ""syn-11-balanced-014-d000"", ""syn-11-balanced-014-d011"", ""syn-11-balanced-014-d010""]",0.3333333333333333,0.25,0.46927872602275644,0.5,12,6,4,1,False
syn-11-balanced-014,11,balanced,temporal_removed,"[""syn-11-balanced-014-d001"", ""syn-11-balanced-014-d002"", ""syn-11-balanced-014-d003"", ""syn-11-balanced-014-d000"", ""syn-11-balanced-014-d011"", ""syn-11-balanced-014-d010""]",0.3333333333333333,0.25,0.46927872602275644,0.5,12,6,4,1,False
syn-11-balanced-014,11,balanced,context_removed,"[""syn-11-balanced-014-d001"", ""syn-11-balanced-014-d002"", ""syn-11-balanced-014-d003"", ""syn-11-balanced-014-d000"", ""syn-11-balanced-014-d011"", ""syn-11-balanced-014-d010""]",0.3333333333333333,0.25,0.46927872602275644,0.5,12,6,4,1,False
syn-11-balanced-015,11,balanced,full,"[""syn-11-balanced-015-d009"", ""syn-11-balanced-015-d010"", ""syn-11-balanced-015-d002"", ""syn-11-balanced-015-d011"", ""syn-11-balanced-015-d000"", ""syn-11-balanced-015-d001""]",0.0,0.0,0.0,0.5,12,6,2,1,False
syn-11-balanced-015,11,balanced,route_removed,"[""syn-11-balanced-015-d010"", ""syn-11-balanced-015-d009"", ""syn-11-balanced-015-d002"", ""syn-11-balanced-015-d011"", ""syn-11-balanced-015-d000"", ""syn-11-balanced-015-d001""]",0.0,0.0,0.0,0.5,12,6,2,1,False
syn-11-balanced-015,11,balanced,temporal_removed,"[""syn-11-balanced-015-d009"", ""syn-11-balanced-015-d010"", ""syn-11-balanced-015-d002"", ""syn-11-balanced-015-d000"", ""syn-11-balanced-015-d011"", ""syn-11-balanced-015-d001""]",0.0,0.0,0.0,0.5,12,6,2,1,False
syn-11-balanced-015,11,balanced,context_removed,"[""syn-11-balanced-015-d009"", ""syn-11-balanced-015-d010"", ""syn-11-balanced-015-d002"", ""syn-11-balanced-015-d011"", ""syn-11-balanced-015-d000"", ""syn-11-balanced-015-d001""]",0.0,0.0,0.0,0.5,12,6,2,1,False
syn-11-balanced-016,11,balanced,full,"[""syn-11-balanced-016-d011"", ""syn-11-balanced-016-d009"", ""syn-11-balanced-016-d008"", ""syn-11-balanced-016-d000"", ""syn-11-balanced-016-d010"", ""syn-11-balanced-016-d001""]",0.6666666666666666,0.4,0.7039180890341347,0.5,12,6,5,1,False
syn-11-balanced-016,11,balanced,route_removed,"[""syn-11-balanced-016-d011"", ""syn-11-balanced-016-d009"", ""syn-11-balanced-016-d008"", ""syn-11-balanced-016-d000"", ""syn-11-balanced-016-d010"", ""syn-11-balanced-016-d001""]",0.6666666666666666,0.4,0.7039180890341347,0.5,12,6,5,1,False
syn-11-balanced-016,11,balanced,temporal_removed,"[""syn-11-balanced-016-d009"", ""syn-11-balanced-016-d011"", ""syn-11-balanced-016-d008"", ""syn-11-balanced-016-d000"", ""syn-11-balanced-016-d010"", ""syn-11-balanced-016-d001""]",0.6666666666666666,0.4,0.5307212739772434,0.5,12,6,5,1,False
syn-11-balanced-016,11,balanced,context_removed,"[""syn-11-balanced-016-d011"", ""syn-11-balanced-016-d009"", ""syn-11-balanced-016-d008"", ""syn-11-balanced-016-d000"", ""syn-11-balanced-016-d010"", ""syn-11-balanced-016-d001""]",0.6666666666666666,0.4,0.7039180890341347,0.5,12,6,5,1,False
syn-11-balanced-017,11,balanced,full,"[""syn-11-balanced-017-d010"", ""syn-11-balanced-017-d008"", ""syn-11-balanced-017-d009"", ""syn-11-balanced-017-d000"", ""syn-11-balanced-017-d011"", ""syn-11-balanced-017-d007""]",0.6666666666666666,0.2857142857142857,0.7653606369886217,0.5,12,6,7,4,False
syn-11-balanced-017,11,balanced,route_removed,"[""syn-11-balanced-017-d010"", ""syn-11-balanced-017-d008"", ""syn-11-balanced-017-d000"", ""syn-11-balanced-017-d011"", ""syn-11-balanced-017-d009"", ""syn-11-balanced-017-d007""]",0.6666666666666666,0.2857142857142857,0.7653606369886217,0.5,12,6,7,4,False
syn-11-balanced-017,11,balanced,temporal_removed,"[""syn-11-balanced-017-d010"", ""syn-11-balanced-017-d008"", ""syn-11-balanced-017-d000"", ""syn-11-balanced-017-d009"", ""syn-11-balanced-017-d011"", ""syn-11-balanced-017-d007""]",0.6666666666666666,0.2857142857142857,0.7653606369886217,0.5,12,6,7,4,False
syn-11-balanced-017,11,balanced,context_removed,"[""syn-11-balanced-017-d010"", ""syn-11-balanced-017-d008"", ""syn-11-balanced-017-d009"", ""syn-11-balanced-017-d000"", ""syn-11-balanced-017-d011"", ""syn-11-balanced-017-d007""]",0.6666666666666666,0.2857142857142857,0.7653606369886217,0.5,12,6,7,4,False
syn-11-balanced-018,11,balanced,full,"[""syn-11-balanced-018-d008"", ""syn-11-balanced-018-d007"", ""syn-11-balanced-018-d010"", ""syn-11-balanced-018-d006"", ""syn-11-balanced-018-d009"", ""syn-11-balanced-018-d011""]",0.6666666666666666,0.2857142857142857,0.5307212739772434,0.5,12,6,7,2,False
syn-11-balanced-018,11,balanced,route_removed,"[""syn-11-balanced-018-d008"", ""syn-11-balanced-018-d006"", ""syn-11-balanced-018-d007"", ""syn-11-balanced-018-d010"", ""syn-11-balanced-018-d011"", ""syn-11-balanced-018-d009""]",0.6666666666666666,0.2857142857142857,0.5307212739772434,0.5,12,6,7,2,False
syn-11-balanced-018,11,balanced,temporal_removed,"[""syn-11-balanced-018-d008"", ""syn-11-balanced-018-d007"", ""syn-11-balanced-018-d006"", ""syn-11-balanced-018-d010"", ""syn-11-balanced-018-d009"", ""syn-11-balanced-018-d011""]",0.6666666666666666,0.2857142857142857,0.5307212739772434,0.5,12,6,7,2,False
syn-11-balanced-018,11,balanced,context_removed,"[""syn-11-balanced-018-d008"", ""syn-11-balanced-018-d007"", ""syn-11-balanced-018-d010"", ""syn-11-balanced-018-d006"", ""syn-11-balanced-018-d009"", ""syn-11-balanced-018-d011""]",0.6666666666666666,0.2857142857142857,0.5307212739772434,0.5,12,6,7,2,False
syn-11-balanced-019,11,balanced,full,"[""syn-11-balanced-019-d006"", ""syn-11-balanced-019-d005"", ""syn-11-balanced-019-d010"", ""syn-11-balanced-019-d009"", ""syn-11-balanced-019-d008"", ""syn-11-balanced-019-d007""]",0.6666666666666666,0.4,0.7039180890341347,0.5,12,6,5,3,False
syn-11-balanced-019,11,balanced,route_removed,"[""syn-11-balanced-019-d005"", ""syn-11-balanced-019-d006"", ""syn-11-balanced-019-d010"", ""syn-11-balanced-019-d008"", ""syn-11-balanced-019-d007"", ""syn-11-balanced-019-d009""]",0.6666666666666666,0.4,0.5307212739772434,0.5,12,6,5,3,False
syn-11-balanced-019,11,balanced,temporal_removed,"[""syn-11-balanced-019-d006"", ""syn-11-balanced-019-d005"", ""syn-11-balanced-019-d010"", ""syn-11-balanced-019-d009"", ""syn-11-balanced-019-d008"", ""syn-11-balanced-019-d007""]",0.6666666666666666,0.4,0.7039180890341347,0.5,12,6,5,3,False
syn-11-balanced-019,11,balanced,context_removed,"[""syn-11-balanced-019-d006"", ""syn-11-balanced-019-d005"", ""syn-11-balanced-019-d010"", ""syn-11-balanced-019-d009"", ""syn-11-balanced-019-d008"", ""syn-11-balanced-019-d007""]",0.6666666666666666,0.4,0.7039180890341347,0.5,12,6,5,3,False
syn-11-dense-000,11,dense,full,"[""syn-11-dense-000-d004"", ""syn-11-dense-000-d012"", ""syn-11-dense-000-d003"", ""syn-11-dense-000-d016"", ""syn-11-dense-000-d002"", ""syn-11-dense-000-d014"", ""syn-11-dense-000-d017"", ""syn-11-dense-000-d000"", ""syn-11-dense-000-d013"", ""syn-11-dense-000-d001"", ""syn-11-dense-000-d015"", ""syn-11-dense-000-d005""]",0.0,,,0.5,24,12,0,0,True
syn-11-dense-000,11,dense,route_removed,"[""syn-11-dense-000-d004"", ""syn-11-dense-000-d012"", ""syn-11-dense-000-d016"", ""syn-11-dense-000-d003"", ""syn-11-dense-000-d017"", ""syn-11-dense-000-d013"", ""syn-11-dense-000-d002"", ""syn-11-dense-000-d015"", ""syn-11-dense-000-d014"", ""syn-11-dense-000-d005"", ""syn-11-dense-000-d000"", ""syn-11-dense-000-d001""]",0.0,,,0.5,24,12,0,0,True
syn-11-dense-000,11,dense,temporal_removed,"[""syn-11-dense-000-d004"", ""syn-11-dense-000-d012"", ""syn-11-dense-000-d003"", ""syn-11-dense-000-d016"", ""syn-11-dense-000-d014"", ""syn-11-dense-000-d002"", ""syn-11-dense-000-d017"", ""syn-11-dense-000-d000"", ""syn-11-dense-000-d001"", ""syn-11-dense-000-d013"", ""syn-11-dense-000-d015"", ""syn-11-dense-000-d005""]",0.0,,,0.5,24,12,0,0,True
syn-11-dense-000,11,dense,context_removed,"[""syn-11-dense-000-d004"", ""syn-11-dense-000-d012"", ""syn-11-dense-000-d003"", ""syn-11-dense-000-d016"", ""syn-11-dense-000-d002"", ""syn-11-dense-000-d014"", ""syn-11-dense-000-d017"", ""syn-11-dense-000-d000"", ""syn-11-dense-000-d013"", ""syn-11-dense-000-d001"", ""syn-11-dense-000-d015"", ""syn-11-dense-000-d005""]",0.0,,,0.5,24,12,0,0,True
syn-11-dense-001,11,dense,full,"[""syn-11-dense-001-d003"", ""syn-11-dense-001-d001"", ""syn-11-dense-001-d011"", ""syn-11-dense-001-d023"", ""syn-11-dense-001-d002"", ""syn-11-dense-001-d016"", ""syn-11-dense-001-d013"", ""syn-11-dense-001-d000"", ""syn-11-dense-001-d014"", ""syn-11-dense-001-d015"", ""syn-11-dense-001-d004"", ""syn-11-dense-001-d012""]",0.6666666666666666,0.18181818181818182,0.7039180890341347,0.5,24,12,11,4,False
syn-11-dense-001,11,dense,route_removed,"[""syn-11-dense-001-d003"", ""syn-11-dense-001-d013"", ""syn-11-dense-001-d001"", ""syn-11-dense-001-d011"", ""syn-11-dense-001-d023"", ""syn-11-dense-001-d016"", ""syn-11-dense-001-d000"", ""syn-11-dense-001-d002"", ""syn-11-dense-001-d015"", ""syn-11-dense-001-d014"", ""syn-11-dense-001-d012"", ""syn-11-dense-001-d004""]",0.6666666666666666,0.18181818181818182,0.7653606369886217,0.5,24,12,11,4,False
syn-11-dense-001,11,dense,temporal_removed,"[""syn-11-dense-001-d003"", ""syn-11-dense-001-d001"", ""syn-11-dense-001-d011"", ""syn-11-dense-001-d002"", ""syn-11-dense-001-d023"", ""syn-11-dense-001-d016"", ""syn-11-dense-001-d000"", ""syn-11-dense-001-d013"", ""syn-11-dense-001-d015"", ""syn-11-dense-001-d014"", ""syn-11-dense-001-d004"", ""syn-11-dense-001-d012""]",0.6666666666666666,0.18181818181818182,0.7039180890341347,0.5,24,12,11,4,False
syn-11-dense-001,11,dense,context_removed,"[""syn-11-dense-001-d003"", ""syn-11-dense-001-d001"", ""syn-11-dense-001-d011"", ""syn-11-dense-001-d023"", ""syn-11-dense-001-d002"", ""syn-11-dense-001-d016"", ""syn-11-dense-001-d013"", ""syn-11-dense-001-d000"", ""syn-11-dense-001-d014"", ""syn-11-dense-001-d015"", ""syn-11-dense-001-d004"", ""syn-11-dense-001-d012""]",0.6666666666666666,0.18181818181818182,0.7039180890341347,0.5,24,12,11,4,False
syn-11-dense-002,11,dense,full,"[""syn-11-dense-002-d002"", ""syn-11-dense-002-d015"", ""syn-11-dense-002-d023"", ""syn-11-dense-002-d003"", ""syn-11-dense-002-d013"", ""syn-11-dense-002-d014"", ""syn-11-dense-002-d001"", ""syn-11-dense-002-d012"", ""syn-11-dense-002-d011"", ""syn-11-dense-002-d000"", ""syn-11-dense-002-d022"", ""syn-11-dense-002-d010""]",0.3333333333333333,0.16666666666666666,0.23463936301137822,0.5,24,12,6,1,False
syn-11-dense-002,11,dense,route_removed,"[""syn-11-dense-002-d003"", ""syn-11-dense-002-d014"", ""syn-11-dense-002-d001"", ""syn-11-dense-002-d002"", ""syn-11-dense-002-d015"", ""syn-11-dense-002-d023"", ""syn-11-dense-002-d013"", ""syn-11-dense-002-d011"", ""syn-11-dense-002-d012"", ""syn-11-dense-002-d000"", ""syn-11-dense-002-d022"", ""syn-11-dense-002-d010""]",0.6666666666666666,0.3333333333333333,0.7653606369886217,0.5,24,12,6,1,False
syn-11-dense-002,11,dense,temporal_removed,"[""syn-11-dense-002-d015"", ""syn-11-dense-002-d002"", ""syn-11-dense-002-d023"", ""syn-11-dense-002-d013"", ""syn-11-dense-002-d003"", ""syn-11-dense-002-d014"", ""syn-11-dense-002-d012"", ""syn-11-dense-002-d011"", ""syn-11-dense-002-d001"", ""syn-11-dense-002-d022"", ""syn-11-dense-002-d000"", ""syn-11-dense-002-d010""]",0.3333333333333333,0.16666666666666666,0.23463936301137822,0.5,24,12,6,1,False
syn-11-dense-002,11,dense,context_removed,"[""syn-11-dense-002-d002"", ""syn-11-dense-002-d015"", ""syn-11-dense-002-d023"", ""syn-11-dense-002-d003"", ""syn-11-dense-002-d013"", ""syn-11-dense-002-d014"", ""syn-11-dense-002-d001"", ""syn-11-dense-002-d012"", ""syn-11-dense-002-d011"", ""syn-11-dense-002-d000"", ""syn-11-dense-002-d022"", ""syn-11-dense-002-d010""]",0.3333333333333333,0.16666666666666666,0.23463936301137822,0.5,24,12,6,1,False
syn-11-dense-003,11,dense,full,"[""syn-11-dense-003-d014"", ""syn-11-dense-003-d000"", ""syn-11-dense-003-d023"", ""syn-11-dense-003-d021"", ""syn-11-dense-003-d010"", ""syn-11-dense-003-d009"", ""syn-11-dense-003-d002"", ""syn-11-dense-003-d013"", ""syn-11-dense-003-d022"", ""syn-11-dense-003-d001"", ""syn-11-dense-003-d011"", ""syn-11-dense-003-d012""]",1.0,0.23076923076923078,1.0,0.5,24,12,13,5,False
syn-11-dense-003,11,dense,route_removed,"[""syn-11-dense-003-d014"", ""syn-11-dense-003-d000"", ""syn-11-dense-003-d023"", ""syn-11-dense-003-d013"", ""syn-11-dense-003-d010"", ""syn-11-dense-003-d009"", ""syn-11-dense-003-d002"", ""syn-11-dense-003-d021"", ""syn-11-dense-003-d001"", ""syn-11-dense-003-d022"", ""syn-11-dense-003-d011"", ""syn-11-dense-003-d012""]",1.0,0.23076923076923078,1.0,0.5,24,12,13,5,False
syn-11-dense-003,11,dense,temporal_removed,"[""syn-11-dense-003-d014"", ""syn-11-dense-003-d000"", ""syn-11-dense-003-d021"", ""syn-11-dense-003-d023"", ""syn-11-dense-003-d009"", ""syn-11-dense-003-d010"", ""syn-11-dense-003-d022"", ""syn-11-dense-003-d002"", ""syn-11-dense-003-d013"", ""syn-11-dense-003-d001"", ""syn-11-dense-003-d011"", ""syn-11-dense-003-d012""]",0.6666666666666666,0.15384615384615385,0.7653606369886217,0.5,24,12,13,5,False
syn-11-dense-003,11,dense,context_removed,"[""syn-11-dense-003-d014"", ""syn-11-dense-003-d000"", ""syn-11-dense-003-d023"", ""syn-11-dense-003-d021"", ""syn-11-dense-003-d010"", ""syn-11-dense-003-d009"", ""syn-11-dense-003-d002"", ""syn-11-dense-003-d013"", ""syn-11-dense-003-d022"", ""syn-11-dense-003-d001"", ""syn-11-dense-003-d011"", ""syn-11-dense-003-d012""]",1.0,0.23076923076923078,1.0,0.5,24,12,13,5,False
syn-11-dense-004,11,dense,full,"[""syn-11-dense-004-d021"", ""syn-11-dense-004-d023"", ""syn-11-dense-004-d012"", ""syn-11-dense-004-d000"", ""syn-11-dense-004-d009"", ""syn-11-dense-004-d022"", ""syn-11-dense-004-d011"", ""syn-11-dense-004-d001"", ""syn-11-dense-004-d008"", ""syn-11-dense-004-d013"", ""syn-11-dense-004-d020"", ""syn-11-dense-004-d010""]",0.6666666666666666,0.2222222222222222,0.5307212739772434,0.5,24,12,9,3,False
syn-11-dense-004,11,dense,route_removed,"[""syn-11-dense-004-d021"", ""syn-11-dense-004-d023"", ""syn-11-dense-004-d012"", ""syn-11-dense-004-d000"", ""syn-11-dense-004-d009"", ""syn-11-dense-004-d022"", ""syn-11-dense-004-d008"", ""syn-11-dense-004-d011"", ""syn-11-dense-004-d020"", ""syn-11-dense-004-d001"", ""syn-11-dense-004-d010"", ""syn-11-dense-004-d013""]",0.6666666666666666,0.2222222222222222,0.5307212739772434,0.5,24,12,9,3,False
syn-11-dense-004,11,dense,temporal_removed,"[""syn-11-dense-004-d021"", ""syn-11-dense-004-d023"", ""syn-11-dense-004-d012"", ""syn-11-dense-004-d009"", ""syn-11-dense-004-d000"", ""syn-11-dense-004-d022"", ""syn-11-dense-004-d008"", ""syn-11-dense-004-d001"", ""syn-11-dense-004-d011"", ""syn-11-dense-004-d013"", ""syn-11-dense-004-d020"", ""syn-11-dense-004-d010""]",0.6666666666666666,0.2222222222222222,0.5307212739772434,0.5,24,12,9,3,False
syn-11-dense-004,11,dense,context_removed,"[""syn-11-dense-004-d021"", ""syn-11-dense-004-d023"", ""syn-11-dense-004-d012"", ""syn-11-dense-004-d000"", ""syn-11-dense-004-d009"", ""syn-11-dense-004-d022"", ""syn-11-dense-004-d011"", ""syn-11-dense-004-d001"", ""syn-11-dense-004-d008"", ""syn-11-dense-004-d013"", ""syn-11-dense-004-d020"", ""syn-11-dense-004-d010""]",0.6666666666666666,0.2222222222222222,0.5307212739772434,0.5,24,12,9,3,False
syn-11-dense-005,11,dense,full,"[""syn-11-dense-005-d012"", ""syn-11-dense-005-d019"", ""syn-11-dense-005-d000"", ""syn-11-dense-005-d011"", ""syn-11-dense-005-d007"", ""syn-11-dense-005-d020"", ""syn-11-dense-005-d010"", ""syn-11-dense-005-d023"", ""syn-11-dense-005-d009"", ""syn-11-dense-005-d022"", ""syn-11-dense-005-d008"", ""syn-11-dense-005-d021""]",0.6666666666666666,0.15384615384615385,0.7039180890341347,0.5,24,12,13,5,False
syn-11-dense-005,11,dense,route_removed,"[""syn-11-dense-005-d012"", ""syn-11-dense-005-d019"", ""syn-11-dense-005-d011"", ""syn-11-dense-005-d007"", ""syn-11-dense-005-d000"", ""syn-11-dense-005-d020"", ""syn-11-dense-005-d010"", ""syn-11-dense-005-d009"", ""syn-11-dense-005-d023"", ""syn-11-dense-005-d022"", ""syn-11-dense-005-d021"", ""syn-11-dense-005-d008""]",0.6666666666666666,0.15384615384615385,0.7039180890341347,0.5,24,12,13,5,False
syn-11-dense-005,11,dense,temporal_removed,"[""syn-11-dense-005-d012"", ""syn-11-dense-005-d019"", ""syn-11-dense-005-d011"", ""syn-11-dense-005-d000"", ""syn-11-dense-005-d023"", ""syn-11-dense-005-d007"", ""syn-11-dense-005-d020"", ""syn-11-dense-005-d010"", ""syn-11-dense-005-d022"", ""syn-11-dense-005-d009"", ""syn-11-dense-005-d008"", ""syn-11-dense-005-d021""]",0.6666666666666666,0.15384615384615385,0.7039180890341347,0.5,24,12,13,5,False
syn-11-dense-005,11,dense,context_removed,"[""syn-11-dense-005-d012"", ""syn-11-dense-005-d019"", ""syn-11-dense-005-d000"", ""syn-11-dense-005-d011"", ""syn-11-dense-005-d007"", ""syn-11-dense-005-d020"", ""syn-11-dense-005-d010"", ""syn-11-dense-005-d023"", ""syn-11-dense-005-d009"", ""syn-11-dense-005-d022"", ""syn-11-dense-005-d008"", ""syn-11-dense-005-d021""]",0.6666666666666666,0.15384615384615385,0.7039180890341347,0.5,24,12,13,5,False
syn-11-dense-006,11,dense,full,"[""syn-11-dense-006-d011"", ""syn-11-dense-006-d006"", ""syn-11-dense-006-d021"", ""syn-11-dense-006-d007"", ""syn-11-dense-006-d008"", ""syn-11-dense-006-d009"", ""syn-11-dense-006-d022"", ""syn-11-dense-006-d023"", ""syn-11-dense-006-d020"", ""syn-11-dense-006-d018"", ""syn-11-dense-006-d010"", ""syn-11-dense-006-d019""]",0.0,,,0.5,24,12,0,0,True
syn-11-dense-006,11,dense,route_removed,"[""syn-11-dense-006-d011"", ""syn-11-dense-006-d021"", ""syn-11-dense-006-d008"", ""syn-11-dense-006-d023"", ""syn-11-dense-006-d006"", ""syn-11-dense-006-d020"", ""syn-11-dense-006-d007"", ""syn-11-dense-006-d009"", ""syn-11-dense-006-d018"", ""syn-11-dense-006-d022"", ""syn-11-dense-006-d019"", ""syn-11-dense-006-d010""]",0.0,,,0.5,24,12,0,0,True
syn-11-dense-006,11,dense,temporal_removed,"[""syn-11-dense-006-d006"", ""syn-11-dense-006-d011"", ""syn-11-dense-006-d021"", ""syn-11-dense-006-d007"", ""syn-11-dense-006-d008"", ""syn-11-dense-006-d023"", ""syn-11-dense-006-d009"", ""syn-11-dense-006-d022"", ""syn-11-dense-006-d018"", ""syn-11-dense-006-d010"", ""syn-11-dense-006-d020"", ""syn-11-dense-006-d019""]",0.0,,,0.5,24,12,0,0,True
syn-11-dense-006,11,dense,context_removed,"[""syn-11-dense-006-d011"", ""syn-11-dense-006-d006"", ""syn-11-dense-006-d021"", ""syn-11-dense-006-d007"", ""syn-11-dense-006-d008"", ""syn-11-dense-006-d009"", ""syn-11-dense-006-d022"", ""syn-11-dense-006-d023"", ""syn-11-dense-006-d020"", ""syn-11-dense-006-d018"", ""syn-11-dense-006-d010"", ""syn-11-dense-006-d019""]",0.0,,,0.5,24,12,0,0,True
syn-11-dense-007,11,dense,full,"[""syn-11-dense-007-d022"", ""syn-11-dense-007-d007"", ""syn-11-dense-007-d010"", ""syn-11-dense-007-d009"", ""syn-11-dense-007-d018"", ""syn-11-dense-007-d021"", ""syn-11-dense-007-d019"", ""syn-11-dense-007-d008"", ""syn-11-dense-007-d017"", ""syn-11-dense-007-d006"", ""syn-11-dense-007-d020"", ""syn-11-dense-007-d005""]",0.6666666666666666,0.2857142857142857,0.7039180890341347,0.5,24,12,7,2,False
syn-11-dense-007,11,dense,route_removed,"[""syn-11-dense-007-d022"", ""syn-11-dense-007-d007"", ""syn-11-dense-007-d009"", ""syn-11-dense-007-d010"", ""syn-11-dense-007-d008"", ""syn-11-dense-007-d021"", ""syn-11-dense-007-d018"", ""syn-11-dense-007-d019"", ""syn-11-dense-007-d017"", ""syn-11-dense-007-d006"", ""syn-11-dense-007-d020"", ""syn-11-dense-007-d005""]",0.3333333333333333,0.14285714285714285,0.46927872602275644,0.5,24,12,7,2,False
syn-11-dense-007,11,dense,temporal_removed,"[""syn-11-dense-007-d022"", ""syn-11-dense-007-d007"", ""syn-11-dense-007-d010"", ""syn-11-dense-007-d009"", ""syn-11-dense-007-d018"", ""syn-11-dense-007-d021"", ""syn-11-dense-007-d019"", ""syn-11-dense-007-d008"", ""syn-11-dense-007-d020"", ""syn-11-dense-007-d006"", ""syn-11-dense-007-d017"", ""syn-11-dense-007-d005""]",0.6666666666666666,0.2857142857142857,0.7039180890341347,0.5,24,12,7,2,False
syn-11-dense-007,11,dense,context_removed,"[""syn-11-dense-007-d022"", ""syn-11-dense-007-d007"", ""syn-11-dense-007-d010"", ""syn-11-dense-007-d009"", ""syn-11-dense-007-d018"", ""syn-11-dense-007-d021"", ""syn-11-dense-007-d019"", ""syn-11-dense-007-d008"", ""syn-11-dense-007-d017"", ""syn-11-dense-007-d006"", ""syn-11-dense-007-d020"", ""syn-11-dense-007-d005""]",0.6666666666666666,0.2857142857142857,0.7039180890341347,0.5,24,12,7,2,False
syn-11-dense-008,11,dense,full,"[""syn-11-dense-008-d005"", ""syn-11-dense-008-d006"", ""syn-11-dense-008-d008"", ""syn-11-dense-008-d021"", ""syn-11-dense-008-d016"", ""syn-11-dense-008-d017"", ""syn-11-dense-008-d004"", ""syn-11-dense-008-d019"", ""syn-11-dense-008-d018"", ""syn-11-dense-008-d009"", ""syn-11-dense-008-d020"", ""syn-11-dense-008-d007""]",1.0,0.23076923076923078,1.0,0.5,24,12,13,5,False
syn-11-dense-008,11,dense,route_removed,"[""syn-11-dense-008-d005"", ""syn-11-dense-008-d008"", ""syn-11-dense-008-d006"", ""syn-11-dense-008-d017"", ""syn-11-dense-008-d018"", ""syn-11-dense-008-d021"", ""syn-11-dense-008-d009"", ""syn-11-dense-008-d016"", ""syn-11-dense-008-d019"", ""syn-11-dense-008-d004"", ""syn-11-dense-008-d020"", ""syn-11-dense-008-d007""]",1.0,0.23076923076923078,1.0,0.5,24,12,13,5,False
syn-11-dense-008,11,dense,temporal_removed,"[""syn-11-dense-008-d005"", ""syn-11-dense-008-d006"", ""syn-11-dense-008-d008"", ""syn-11-dense-008-d021"", ""syn-11-dense-008-d017"", ""syn-11-dense-008-d004"", ""syn-11-dense-008-d019"", ""syn-11-dense-008-d016"", ""syn-11-dense-008-d009"", ""syn-11-dense-008-d018"", ""syn-11-dense-008-d020"", ""syn-11-dense-008-d007""]",1.0,0.23076923076923078,1.0,0.5,24,12,13,5,False
syn-11-dense-008,11,dense,context_removed,"[""syn-11-dense-008-d005"", ""syn-11-dense-008-d006"", ""syn-11-dense-008-d008"", ""syn-11-dense-008-d021"", ""syn-11-dense-008-d016"", ""syn-11-dense-008-d017"", ""syn-11-dense-008-d004"", ""syn-11-dense-008-d019"", ""syn-11-dense-008-d018"", ""syn-11-dense-008-d009"", ""syn-11-dense-008-d020"", ""syn-11-dense-008-d007""]",1.0,0.23076923076923078,1.0,0.5,24,12,13,5,False
syn-11-dense-009,11,dense,full,"[""syn-11-dense-009-d004"", ""syn-11-dense-009-d015"", ""syn-11-dense-009-d006"", ""syn-11-dense-009-d020"", ""syn-11-dense-009-d017"", ""syn-11-dense-009-d018"", ""syn-11-dense-009-d005"", ""syn-11-dense-009-d003"", ""syn-11-dense-009-d008"", ""syn-11-dense-009-d019"", ""syn-11-dense-009-d007"", ""syn-11-dense-009-d016""]",0.3333333333333333,0.1,0.46927872602275644,0.5,24,12,10,5,False
syn-11-dense-009,11,dense,route_removed,"[""syn-11-dense-009-d004"", ""syn-11-dense-009-d015"", ""syn-11-dense-009-d020"", ""syn-11-dense-009-d005"", ""syn-11-dense-009-d006"", ""syn-11-dense-009-d017"", ""syn-11-dense-009-d018"", ""syn-11-dense-009-d019"", ""syn-11-dense-009-d007"", ""syn-11-dense-009-d016"", ""syn-11-dense-009-d003"", ""syn-11-dense-009-d008""]",0.6666666666666666,0.2,0.7039180890341347,0.5,24,12,10,5,False
syn-11-dense-009,11,dense,temporal_removed,"[""syn-11-dense-009-d004"", ""syn-11-dense-009-d015"", ""syn-11-dense-009-d006"", ""syn-11-dense-009-d020"", ""syn-11-dense-009-d017"", ""syn-11-dense-009-d018"", ""syn-11-dense-009-d003"", ""syn-11-dense-009-d005"", ""syn-11-dense-009-d008"", ""syn-11-dense-009-d007"", ""syn-11-dense-009-d019"", ""syn-11-dense-009-d016""]",0.3333333333333333,0.1,0.46927872602275644,0.5,24,12,10,5,False
syn-11-dense-009,11,dense,context_removed,"[""syn-11-dense-009-d004"", ""syn-11-dense-009-d015"", ""syn-11-dense-009-d006"", ""syn-11-dense-009-d020"", ""syn-11-dense-009-d017"", ""syn-11-dense-009-d018"", ""syn-11-dense-009-d005"", ""syn-11-dense-009-d003"", ""syn-11-dense-009-d008"", ""syn-11-dense-009-d019"", ""syn-11-dense-009-d007"", ""syn-11-dense-009-d016""]",0.3333333333333333,0.1,0.46927872602275644,0.5,24,12,10,5,False
syn-11-dense-010,11,dense,full,"[""syn-11-dense-010-d004"", ""syn-11-dense-010-d002"", ""syn-11-dense-010-d005"", ""syn-11-dense-010-d014"", ""syn-11-dense-010-d019"", ""syn-11-dense-010-d007"", ""syn-11-dense-010-d017"", ""syn-11-dense-010-d015"", ""syn-11-dense-010-d003"", ""syn-11-dense-010-d006"", ""syn-11-dense-010-d018"", ""syn-11-dense-010-d016""]",0.0,,,0.5,24,12,0,0,True
syn-11-dense-010,11,dense,route_removed,"[""syn-11-dense-010-d005"", ""syn-11-dense-010-d004"", ""syn-11-dense-010-d002"", ""syn-11-dense-010-d019"", ""syn-11-dense-010-d015"", ""syn-11-dense-010-d014"", ""syn-11-dense-010-d007"", ""syn-11-dense-010-d017"", ""syn-11-dense-010-d003"", ""syn-11-dense-010-d006"", ""syn-11-dense-010-d018"", ""syn-11-dense-010-d016""]",0.0,,,0.5,24,12,0,0,True
syn-11-dense-010,11,dense,temporal_removed,"[""syn-11-dense-010-d004"", ""syn-11-dense-010-d002"", ""syn-11-dense-010-d005"", ""syn-11-dense-010-d007"", ""syn-11-dense-010-d019"", ""syn-11-dense-010-d014"", ""syn-11-dense-010-d017"", ""syn-11-dense-010-d015"", ""syn-11-dense-010-d003"", ""syn-11-dense-010-d006"", ""syn-11-dense-010-d018"", ""syn-11-dense-010-d016""]",0.0,,,0.5,24,12,0,0,True
syn-11-dense-010,11,dense,context_removed,"[""syn-11-dense-010-d004"", ""syn-11-dense-010-d002"", ""syn-11-dense-010-d005"", ""syn-11-dense-010-d014"", ""syn-11-dense-010-d019"", ""syn-11-dense-010-d007"", ""syn-11-dense-010-d017"", ""syn-11-dense-010-d015"", ""syn-11-dense-010-d003"", ""syn-11-dense-010-d006"", ""syn-11-dense-010-d018"", ""syn-11-dense-010-d016""]",0.0,,,0.5,24,12,0,0,True
syn-11-dense-011,11,dense,full,"[""syn-11-dense-011-d017"", ""syn-11-dense-011-d001"", ""syn-11-dense-011-d016"", ""syn-11-dense-011-d005"", ""syn-11-dense-011-d006"", ""syn-11-dense-011-d004"", ""syn-11-dense-011-d013"", ""syn-11-dense-011-d018"", ""syn-11-dense-011-d015"", ""syn-11-dense-011-d003"", ""syn-11-dense-011-d014"", ""syn-11-dense-011-d002""]",0.3333333333333333,0.3333333333333333,0.46927872602275644,0.5,24,12,3,0,False
syn-11-dense-011,11,dense,route_removed,"[""syn-11-dense-011-d017"", ""syn-11-dense-011-d016"", ""syn-11-dense-011-d005"", ""syn-11-dense-011-d001"", ""syn-11-dense-011-d006"", ""syn-11-dense-011-d003"", ""syn-11-dense-011-d004"", ""syn-11-dense-011-d015"", ""syn-11-dense-011-d013"", ""syn-11-dense-011-d018"", ""syn-11-dense-011-d014"", ""syn-11-dense-011-d002""]",0.6666666666666666,0.6666666666666666,0.7039180890341347,0.5,24,12,3,0,False
syn-11-dense-011,11,dense,temporal_removed,"[""syn-11-dense-011-d017"", ""syn-11-dense-011-d001"", ""syn-11-dense-011-d016"", ""syn-11-dense-011-d005"", ""syn-11-dense-011-d006"", ""syn-11-dense-011-d004"", ""syn-11-dense-011-d013"", ""syn-11-dense-011-d015"", ""syn-11-dense-011-d018"", ""syn-11-dense-011-d014"", ""syn-11-dense-011-d003"", ""syn-11-dense-011-d002""]",0.3333333333333333,0.3333333333333333,0.46927872602275644,0.5,24,12,3,0,False
syn-11-dense-011,11,dense,context_removed,"[""syn-11-dense-011-d017"", ""syn-11-dense-011-d001"", ""syn-11-dense-011-d016"", ""syn-11-dense-011-d005"", ""syn-11-dense-011-d006"", ""syn-11-dense-011-d004"", ""syn-11-dense-011-d013"", ""syn-11-dense-011-d018"", ""syn-11-dense-011-d015"", ""syn-11-dense-011-d003"", ""syn-11-dense-011-d014"", ""syn-11-dense-011-d002""]",0.3333333333333333,0.3333333333333333,0.46927872602275644,0.5,24,12,3,0,False
syn-11-dense-012,11,dense,full,"[""syn-11-dense-012-d004"", ""syn-11-dense-012-d012"", ""syn-11-dense-012-d015"", ""syn-11-dense-012-d017"", ""syn-11-dense-012-d013"", ""syn-11-dense-012-d001"", ""syn-11-dense-012-d014"", ""syn-11-dense-012-d016"", ""syn-11-dense-012-d002"", ""syn-11-dense-012-d003"", ""syn-11-dense-012-d005"", ""syn-11-dense-012-d000""]",0.6666666666666666,0.2222222222222222,0.7653606369886217,0.5,24,12,9,2,False
syn-11-dense-012,11,dense,route_removed,"[""syn-11-dense-012-d004"", ""syn-11-dense-012-d012"", ""syn-11-dense-012-d015"", ""syn-11-dense-012-d001"", ""syn-11-dense-012-d013"", ""syn-11-dense-012-d017"", ""syn-11-dense-012-d014"", ""syn-11-dense-012-d002"", ""syn-11-dense-012-d003"", ""syn-11-dense-012-d016"", ""syn-11-dense-012-d005"", ""syn-11-dense-012-d000""]",0.6666666666666666,0.2222222222222222,0.7653606369886217,0.5,24,12,9,2,False
syn-11-dense-012,11,dense,temporal_removed,"[""syn-11-dense-012-d012"", ""syn-11-dense-012-d015"", ""syn-11-dense-012-d004"", ""syn-11-dense-012-d017"", ""syn-11-dense-012-d013"", ""syn-11-dense-012-d001"", ""syn-11-dense-012-d014"", ""syn-11-dense-012-d016"", ""syn-11-dense-012-d003"", ""syn-11-dense-012-d002"", ""syn-11-dense-012-d005"", ""syn-11-dense-012-d000""]",0.6666666666666666,0.2222222222222222,0.7039180890341347,0.5,24,12,9,2,False
syn-11-dense-012,11,dense,context_removed,"[""syn-11-dense-012-d004"", ""syn-11-dense-012-d012"", ""syn-11-dense-012-d015"", ""syn-11-dense-012-d017"", ""syn-11-dense-012-d013"", ""syn-11-dense-012-d001"", ""syn-11-dense-012-d014"", ""syn-11-dense-012-d016"", ""syn-11-dense-012-d002"", ""syn-11-dense-012-d003"", ""syn-11-dense-012-d005"", ""syn-11-dense-012-d000""]",0.6666666666666666,0.2222222222222222,0.7653606369886217,0.5,24,12,9,2,False
syn-11-dense-013,11,dense,full,"[""syn-11-dense-013-d013"", ""syn-11-dense-013-d016"", ""syn-11-dense-013-d003"", ""syn-11-dense-013-d001"", ""syn-11-dense-013-d012"", ""syn-11-dense-013-d004"", ""syn-11-dense-013-d014"", ""syn-11-dense-013-d011"", ""syn-11-dense-013-d023"", ""syn-11-dense-013-d000"", ""syn-11-dense-013-d002"", ""syn-11-dense-013-d015""]",0.0,0.0,0.0,0.5,24,12,7,4,False
syn-11-dense-013,11,dense,route_removed,"[""syn-11-dense-013-d013"", ""syn-11-dense-013-d016"", ""syn-11-dense-013-d003"", ""syn-11-dense-013-d001"", ""syn-11-dense-013-d004"", ""syn-11-dense-013-d000"", ""syn-11-dense-013-d014"", ""syn-11-dense-013-d012"", ""syn-11-dense-013-d023"", ""syn-11-dense-013-d011"", ""syn-11-dense-013-d002"", ""syn-11-dense-013-d015""]",0.0,0.0,0.0,0.5,24,12,7,4,False
syn-11-dense-013,11,dense,temporal_removed,"[""syn-11-dense-013-d016"", ""syn-11-dense-013-d013"", ""syn-11-dense-013-d003"", ""syn-11-dense-013-d001"", ""syn-11-dense-013-d004"", ""syn-11-dense-013-d000"", ""syn-11-dense-013-d011"", ""syn-11-dense-013-d012"", ""syn-11-dense-013-d023"", ""syn-11-dense-013-d014"", ""syn-11-dense-013-d002"", ""syn-11-dense-013-d015""]",0.0,0.0,0.0,0.5,24,12,7,4,False
syn-11-dense-013,11,dense,context_removed,"[""syn-11-dense-013-d013"", ""syn-11-dense-013-d016"", ""syn-11-dense-013-d003"", ""syn-11-dense-013-d001"", ""syn-11-dense-013-d012"", ""syn-11-dense-013-d004"", ""syn-11-dense-013-d014"", ""syn-11-dense-013-d011"", ""syn-11-dense-013-d023"", ""syn-11-dense-013-d000"", ""syn-11-dense-013-d002"", ""syn-11-dense-013-d015""]",0.0,0.0,0.0,0.5,24,12,7,4,False
syn-11-dense-014,11,dense,full,"[""syn-11-dense-014-d000"", ""syn-11-dense-014-d013"", ""syn-11-dense-014-d015"", ""syn-11-dense-014-d003"", ""syn-11-dense-014-d011"", ""syn-11-dense-014-d022"", ""syn-11-dense-014-d010"", ""syn-11-dense-014-d023"", ""syn-11-dense-014-d014"", ""syn-11-dense-014-d001"", ""syn-11-dense-014-d012"", ""syn-11-dense-014-d002""]",0.3333333333333333,0.08333333333333333,0.23463936301137822,0.5,24,12,12,8,False
syn-11-dense-014,11,dense,route_removed,"[""syn-11-dense-014-d013"", ""syn-11-dense-014-d000"", ""syn-11-dense-014-d015"", ""syn-11-dense-014-d010"", ""syn-11-dense-014-d022"", ""syn-11-dense-014-d003"", ""syn-11-dense-014-d014"", ""syn-11-dense-014-d011"", ""syn-11-dense-014-d001"", ""syn-11-dense-014-d012"", ""syn-11-dense-014-d023"", ""syn-11-dense-014-d002""]",0.3333333333333333,0.08333333333333333,0.23463936301137822,0.5,24,12,12,8,False
syn-11-dense-014,11,dense,temporal_removed,"[""syn-11-dense-014-d000"", ""syn-11-dense-014-d013"", ""syn-11-dense-014-d015"", ""syn-11-dense-014-d011"", ""syn-11-dense-014-d003"", ""syn-11-dense-014-d022"", ""syn-11-dense-014-d010"", ""syn-11-dense-014-d023"", ""syn-11-dense-014-d014"", ""syn-11-dense-014-d001"", ""syn-11-dense-014-d012"", ""syn-11-dense-014-d002""]",0.3333333333333333,0.08333333333333333,0.23463936301137822,0.5,24,12,12,8,False
syn-11-dense-014,11,dense,context_removed,"[""syn-11-dense-014-d000"", ""syn-11-dense-014-d013"", ""syn-11-dense-014-d015"", ""syn-11-dense-014-d003"", ""syn-11-dense-014-d011"", ""syn-11-dense-014-d022"", ""syn-11-dense-014-d010"", ""syn-11-dense-014-d023"", ""syn-11-dense-014-d014"", ""syn-11-dense-014-d001"", ""syn-11-dense-014-d012"", ""syn-11-dense-014-d002""]",0.3333333333333333,0.08333333333333333,0.23463936301137822,0.5,24,12,12,8,False
syn-11-dense-015,11,dense,full,"[""syn-11-dense-015-d023"", ""syn-11-dense-015-d012"", ""syn-11-dense-015-d009"", ""syn-11-dense-015-d022"", ""syn-11-dense-015-d014"", ""syn-11-dense-015-d002"", ""syn-11-dense-015-d010"", ""syn-11-dense-015-d013"", ""syn-11-dense-015-d001"", ""syn-11-dense-015-d011"", ""syn-11-dense-015-d021"", ""syn-11-dense-015-d000""]",0.6666666666666666,0.18181818181818182,0.7653606369886217,0.5,24,12,11,4,False
syn-11-dense-015,11,dense,route_removed,"[""syn-11-dense-015-d023"", ""syn-11-dense-015-d012"", ""syn-11-dense-015-d009"", ""syn-11-dense-015-d010"", ""syn-11-dense-015-d002"", ""syn-11-dense-015-d013"", ""syn-11-dense-015-d022"", ""syn-11-dense-015-d021"", ""syn-11-dense-015-d014"", ""syn-11-dense-015-d011"", ""syn-11-dense-015-d000"", ""syn-11-dense-015-d001""]",0.6666666666666666,0.18181818181818182,0.7653606369886217,0.5,24,12,11,4,False
syn-11-dense-015,11,dense,temporal_removed,"[""syn-11-dense-015-d023"", ""syn-11-dense-015-d012"", ""syn-11-dense-015-d009"", ""syn-11-dense-015-d022"", ""syn-11-dense-015-d014"", ""syn-11-dense-015-d002"", ""syn-11-dense-015-d010"", ""syn-11-dense-015-d021"", ""syn-11-dense-015-d011"", ""syn-11-dense-015-d013"", ""syn-11-dense-015-d001"", ""syn-11-dense-015-d000""]",0.6666666666666666,0.18181818181818182,0.7653606369886217,0.5,24,12,11,4,False
syn-11-dense-015,11,dense,context_removed,"[""syn-11-dense-015-d023"", ""syn-11-dense-015-d012"", ""syn-11-dense-015-d009"", ""syn-11-dense-015-d022"", ""syn-11-dense-015-d014"", ""syn-11-dense-015-d002"", ""syn-11-dense-015-d010"", ""syn-11-dense-015-d013"", ""syn-11-dense-015-d001"", ""syn-11-dense-015-d011"", ""syn-11-dense-015-d021"", ""syn-11-dense-015-d000""]",0.6666666666666666,0.18181818181818182,0.7653606369886217,0.5,24,12,11,4,False
syn-11-dense-016,11,dense,full,"[""syn-11-dense-016-d021"", ""syn-11-dense-016-d012"", ""syn-11-dense-016-d010"", ""syn-11-dense-016-d000"", ""syn-11-dense-016-d023"", ""syn-11-dense-016-d008"", ""syn-11-dense-016-d022"", ""syn-11-dense-016-d011"", ""syn-11-dense-016-d009"", ""syn-11-dense-016-d001"", ""syn-11-dense-016-d020"", ""syn-11-dense-016-d013""]",0.3333333333333333,0.09090909090909091,0.23463936301137822,0.5,24,12,11,6,False
syn-11-dense-016,11,dense,route_removed,"[""syn-11-dense-016-d021"", ""syn-11-dense-016-d010"", ""syn-11-dense-016-d012"", ""syn-11-dense-016-d000"", ""syn-11-dense-016-d001"", ""syn-11-dense-016-d011"", ""syn-11-dense-016-d008"", ""syn-11-dense-016-d023"", ""syn-11-dense-016-d022"", ""syn-11-dense-016-d009"", ""syn-11-dense-016-d013"", ""syn-11-dense-016-d020""]",0.3333333333333333,0.09090909090909091,0.2960819109658652,0.5,24,12,11,6,False
syn-11-dense-016,11,dense,temporal_removed,"[""syn-11-dense-016-d021"", ""syn-11-dense-016-d012"", ""syn-11-dense-016-d000"", ""syn-11-dense-016-d010"", ""syn-11-dense-016-d008"", ""syn-11-dense-016-d023"", ""syn-11-dense-016-d022"", ""syn-11-dense-016-d011"", ""syn-11-dense-016-d009"", ""syn-11-dense-016-d001"", ""syn-11-dense-016-d020"", ""syn-11-dense-016-d013""]",0.0,0.0,0.0,0.5,24,12,11,6,False
syn-11-dense-016,11,dense,context_removed,"[""syn-11-dense-016-d021"", ""syn-11-dense-016-d012"", ""syn-11-dense-016-d010"", ""syn-11-dense-016-d000"", ""syn-11-dense-016-d023"", ""syn-11-dense-016-d008"", ""syn-11-dense-016-d022"", ""syn-11-dense-016-d011"", ""syn-11-dense-016-d009"", ""syn-11-dense-016-d001"", ""syn-11-dense-016-d020"", ""syn-11-dense-016-d013""]",0.3333333333333333,0.09090909090909091,0.23463936301137822,0.5,24,12,11,6,False
syn-11-dense-017,11,dense,full,"[""syn-11-dense-017-d022"", ""syn-11-dense-017-d020"", ""syn-11-dense-017-d019"", ""syn-11-dense-017-d021"", ""syn-11-dense-017-d012"", ""syn-11-dense-017-d009"", ""syn-11-dense-017-d008"", ""syn-11-dense-017-d023"", ""syn-11-dense-017-d011"", ""syn-11-dense-017-d007"", ""syn-11-dense-017-d000"", ""syn-11-dense-017-d010""]",0.3333333333333333,0.2,0.46927872602275644,0.5,24,12,5,0,False
syn-11-dense-017,11,dense,route_removed,"[""syn-11-dense-017-d022"", ""syn-11-dense-017-d020"", ""syn-11-dense-017-d019"", ""syn-11-dense-017-d021"", ""syn-11-dense-017-d012"", ""syn-11-dense-017-d009"", ""syn-11-dense-017-d008"", ""syn-11-dense-017-d023"", ""syn-11-dense-017-d007"", ""syn-11-dense-017-d000"", ""syn-11-dense-017-d010"", ""syn-11-dense-017-d011""]",0.3333333333333333,0.2,0.46927872602275644,0.5,24,12,5,0,False
syn-11-dense-017,11,dense,temporal_removed,"[""syn-11-dense-017-d022"", ""syn-11-dense-017-d020"", ""syn-11-dense-017-d019"", ""syn-11-dense-017-d021"", ""syn-11-dense-017-d008"", ""syn-11-dense-017-d009"", ""syn-11-dense-017-d012"", ""syn-11-dense-017-d023"", ""syn-11-dense-017-d011"", ""syn-11-dense-017-d007"", ""syn-11-dense-017-d010"", ""syn-11-dense-017-d000""]",0.3333333333333333,0.2,0.46927872602275644,0.5,24,12,5,0,False
syn-11-dense-017,11,dense,context_removed,"[""syn-11-dense-017-d022"", ""syn-11-dense-017-d020"", ""syn-11-dense-017-d019"", ""syn-11-dense-017-d021"", ""syn-11-dense-017-d012"", ""syn-11-dense-017-d009"", ""syn-11-dense-017-d008"", ""syn-11-dense-017-d023"", ""syn-11-dense-017-d011"", ""syn-11-dense-017-d007"", ""syn-11-dense-017-d000"", ""syn-11-dense-017-d010""]",0.3333333333333333,0.2,0.46927872602275644,0.5,24,12,5,0,False
syn-11-dense-018,11,dense,full,"[""syn-11-dense-018-d022"", ""syn-11-dense-018-d021"", ""syn-11-dense-018-d019"", ""syn-11-dense-018-d023"", ""syn-11-dense-018-d018"", ""syn-11-dense-018-d010"", ""syn-11-dense-018-d006"", ""syn-11-dense-018-d020"", ""syn-11-dense-018-d009"", ""syn-11-dense-018-d011"", ""syn-11-dense-018-d008"", ""syn-11-dense-018-d007""]",0.3333333333333333,0.3333333333333333,0.46927872602275644,0.5,24,12,3,1,False
syn-11-dense-018,11,dense,route_removed,"[""syn-11-dense-018-d022"", ""syn-11-dense-018-d021"", ""syn-11-dense-018-d019"", ""syn-11-dense-018-d023"", ""syn-11-dense-018-d018"", ""syn-11-dense-018-d006"", ""syn-11-dense-018-d010"", ""syn-11-dense-018-d020"", ""syn-11-dense-018-d009"", ""syn-11-dense-018-d011"", ""syn-11-dense-018-d008"", ""syn-11-dense-018-d007""]",0.3333333333333333,0.3333333333333333,0.46927872602275644,0.5,24,12,3,1,False
syn-11-dense-018,11,dense,temporal_removed,"[""syn-11-dense-018-d021"", ""syn-11-dense-018-d022"", ""syn-11-dense-018-d019"", ""syn-11-dense-018-d023"", ""syn-11-dense-018-d018"", ""syn-11-dense-018-d006"", ""syn-11-dense-018-d010"", ""syn-11-dense-018-d020"", ""syn-11-dense-018-d011"", ""syn-11-dense-018-d008"", ""syn-11-dense-018-d009"", ""syn-11-dense-018-d007""]",0.3333333333333333,0.3333333333333333,0.2960819109658652,0.5,24,12,3,1,False
syn-11-dense-018,11,dense,context_removed,"[""syn-11-dense-018-d022"", ""syn-11-dense-018-d021"", ""syn-11-dense-018-d019"", ""syn-11-dense-018-d023"", ""syn-11-dense-018-d018"", ""syn-11-dense-018-d010"", ""syn-11-dense-018-d006"", ""syn-11-dense-018-d020"", ""syn-11-dense-018-d009"", ""syn-11-dense-018-d011"", ""syn-11-dense-018-d008"", ""syn-11-dense-018-d007""]",0.3333333333333333,0.3333333333333333,0.46927872602275644,0.5,24,12,3,1,False
syn-11-dense-019,11,dense,full,"[""syn-11-dense-019-d007"", ""syn-11-dense-019-d010"", ""syn-11-dense-019-d005"", ""syn-11-dense-019-d009"", ""syn-11-dense-019-d021"", ""syn-11-dense-019-d022"", ""syn-11-dense-019-d020"", ""syn-11-dense-019-d017"", ""syn-11-dense-019-d019"", ""syn-11-dense-019-d018"", ""syn-11-dense-019-d008"", ""syn-11-dense-019-d006""]",0.6666666666666666,0.2857142857142857,0.5307212739772434,0.5,24,12,7,2,False
syn-11-dense-019,11,dense,route_removed,"[""syn-11-dense-019-d007"", ""syn-11-dense-019-d010"", ""syn-11-dense-019-d009"", ""syn-11-dense-019-d005"", ""syn-11-dense-019-d018"", ""syn-11-dense-019-d017"", ""syn-11-dense-019-d020"", ""syn-11-dense-019-d019"", ""syn-11-dense-019-d021"", ""syn-11-dense-019-d022"", ""syn-11-dense-019-d008"", ""syn-11-dense-019-d006""]",0.6666666666666666,0.2857142857142857,0.5307212739772434,0.5,24,12,7,2,False
syn-11-dense-019,11,dense,temporal_removed,"[""syn-11-dense-019-d007"", ""syn-11-dense-019-d010"", ""syn-11-dense-019-d005"", ""syn-11-dense-019-d009"", ""syn-11-dense-019-d021"", ""syn-11-dense-019-d022"", ""syn-11-dense-019-d019"", ""syn-11-dense-019-d017"", ""syn-11-dense-019-d020"", ""syn-11-dense-019-d018"", ""syn-11-dense-019-d006"", ""syn-11-dense-019-d008""]",0.6666666666666666,0.2857142857142857,0.5307212739772434,0.5,24,12,7,2,False
syn-11-dense-019,11,dense,context_removed,"[""syn-11-dense-019-d007"", ""syn-11-dense-019-d010"", ""syn-11-dense-019-d005"", ""syn-11-dense-019-d009"", ""syn-11-dense-019-d021"", ""syn-11-dense-019-d022"", ""syn-11-dense-019-d020"", ""syn-11-dense-019-d017"", ""syn-11-dense-019-d019"", ""syn-11-dense-019-d018"", ""syn-11-dense-019-d008"", ""syn-11-dense-019-d006""]",0.6666666666666666,0.2857142857142857,0.5307212739772434,0.5,24,12,7,2,False
syn-29-thin-000,29,thin,full,"[""syn-29-thin-000-d002"", ""syn-29-thin-000-d003"", ""syn-29-thin-000-d000"", ""syn-29-thin-000-d001""]",0.0,,,1.0,4,4,0,0,True
syn-29-thin-000,29,thin,route_removed,"[""syn-29-thin-000-d002"", ""syn-29-thin-000-d000"", ""syn-29-thin-000-d001"", ""syn-29-thin-000-d003""]",0.0,,,1.0,4,4,0,0,True
syn-29-thin-000,29,thin,temporal_removed,"[""syn-29-thin-000-d002"", ""syn-29-thin-000-d000"", ""syn-29-thin-000-d003"", ""syn-29-thin-000-d001""]",0.0,,,1.0,4,4,0,0,True
syn-29-thin-000,29,thin,context_removed,"[""syn-29-thin-000-d002"", ""syn-29-thin-000-d003"", ""syn-29-thin-000-d000"", ""syn-29-thin-000-d001""]",0.0,,,1.0,4,4,0,0,True
syn-29-thin-001,29,thin,full,"[""syn-29-thin-001-d001"", ""syn-29-thin-001-d003"", ""syn-29-thin-001-d002"", ""syn-29-thin-001-d000""]",0.3333333333333333,1.0,1.0,1.0,4,4,1,0,False
syn-29-thin-001,29,thin,route_removed,"[""syn-29-thin-001-d001"", ""syn-29-thin-001-d003"", ""syn-29-thin-001-d000"", ""syn-29-thin-001-d002""]",0.3333333333333333,1.0,1.0,1.0,4,4,1,0,False
syn-29-thin-001,29,thin,temporal_removed,"[""syn-29-thin-001-d001"", ""syn-29-thin-001-d003"", ""syn-29-thin-001-d002"", ""syn-29-thin-001-d000""]",0.3333333333333333,1.0,1.0,1.0,4,4,1,0,False
syn-29-thin-001,29,thin,context_removed,"[""syn-29-thin-001-d001"", ""syn-29-thin-001-d003"", ""syn-29-thin-001-d002"", ""syn-29-thin-001-d000""]",0.3333333333333333,1.0,1.0,1.0,4,4,1,0,False
syn-29-thin-002,29,thin,full,"[""syn-29-thin-002-d003"", ""syn-29-thin-002-d000"", ""syn-29-thin-002-d002"", ""syn-29-thin-002-d001""]",0.6666666666666666,1.0,0.9197207891481876,1.0,4,4,2,0,False
syn-29-thin-002,29,thin,route_removed,"[""syn-29-thin-002-d003"", ""syn-29-thin-002-d002"", ""syn-29-thin-002-d001"", ""syn-29-thin-002-d000""]",0.6666666666666666,1.0,1.0,1.0,4,4,2,0,False
syn-29-thin-002,29,thin,temporal_removed,"[""syn-29-thin-002-d000"", ""syn-29-thin-002-d003"", ""syn-29-thin-002-d002"", ""syn-29-thin-002-d001""]",0.6666666666666666,1.0,0.6934264036172708,1.0,4,4,2,0,False
syn-29-thin-002,29,thin,context_removed,"[""syn-29-thin-002-d003"", ""syn-29-thin-002-d000"", ""syn-29-thin-002-d002"", ""syn-29-thin-002-d001""]",0.6666666666666666,1.0,0.9197207891481876,1.0,4,4,2,0,False
syn-29-thin-003,29,thin,full,"[""syn-29-thin-003-d001"", ""syn-29-thin-003-d002"", ""syn-29-thin-003-d000""]",0.3333333333333333,1.0,1.0,0.75,4,3,1,0,False
syn-29-thin-003,29,thin,route_removed,"[""syn-29-thin-003-d001"", ""syn-29-thin-003-d002"", ""syn-29-thin-003-d000""]",0.3333333333333333,1.0,1.0,0.75,4,3,1,0,False
syn-29-thin-003,29,thin,temporal_removed,"[""syn-29-thin-003-d002"", ""syn-29-thin-003-d001"", ""syn-29-thin-003-d000""]",0.3333333333333333,1.0,0.6309297535714575,0.75,4,3,1,0,False
syn-29-thin-003,29,thin,context_removed,"[""syn-29-thin-003-d001"", ""syn-29-thin-003-d002"", ""syn-29-thin-003-d000""]",0.3333333333333333,1.0,1.0,0.75,4,3,1,0,False
syn-29-thin-004,29,thin,full,"[""syn-29-thin-004-d000"", ""syn-29-thin-004-d001""]",0.3333333333333333,1.0,0.6309297535714575,0.5,4,2,1,0,False
syn-29-thin-004,29,thin,route_removed,"[""syn-29-thin-004-d000"", ""syn-29-thin-004-d001""]",0.3333333333333333,1.0,0.6309297535714575,0.5,4,2,1,0,False
syn-29-thin-004,29,thin,temporal_removed,"[""syn-29-thin-004-d000"", ""syn-29-thin-004-d001""]",0.3333333333333333,1.0,0.6309297535714575,0.5,4,2,1,0,False
syn-29-thin-004,29,thin,context_removed,"[""syn-29-thin-004-d000"", ""syn-29-thin-004-d001""]",0.3333333333333333,1.0,0.6309297535714575,0.5,4,2,1,0,False
syn-29-thin-005,29,thin,full,"[""syn-29-thin-005-d000""]",0.3333333333333333,0.5,0.6131471927654584,0.25,4,1,2,1,False
syn-29-thin-005,29,thin,route_removed,"[""syn-29-thin-005-d000""]",0.3333333333333333,0.5,0.6131471927654584,0.25,4,1,2,1,False
syn-29-thin-005,29,thin,temporal_removed,"[""syn-29-thin-005-d000""]",0.3333333333333333,0.5,0.6131471927654584,0.25,4,1,2,1,False
syn-29-thin-005,29,thin,context_removed,"[""syn-29-thin-005-d000""]",0.3333333333333333,0.5,0.6131471927654584,0.25,4,1,2,1,False
syn-29-thin-006,29,thin,full,[],0.0,0.0,0.0,0.0,4,0,4,4,False
syn-29-thin-006,29,thin,route_removed,[],0.0,0.0,0.0,0.0,4,0,4,4,False
syn-29-thin-006,29,thin,temporal_removed,[],0.0,0.0,0.0,0.0,4,0,4,4,False
syn-29-thin-006,29,thin,context_removed,[],0.0,0.0,0.0,0.0,4,0,4,4,False
syn-29-thin-007,29,thin,full,[],0.0,,,0.0,4,0,0,0,True
syn-29-thin-007,29,thin,route_removed,[],0.0,,,0.0,4,0,0,0,True
syn-29-thin-007,29,thin,temporal_removed,[],0.0,,,0.0,4,0,0,0,True
syn-29-thin-007,29,thin,context_removed,[],0.0,,,0.0,4,0,0,0,True
syn-29-thin-008,29,thin,full,[],0.0,0.0,0.0,0.0,4,0,4,4,False
syn-29-thin-008,29,thin,route_removed,[],0.0,0.0,0.0,0.0,4,0,4,4,False
syn-29-thin-008,29,thin,temporal_removed,[],0.0,0.0,0.0,0.0,4,0,4,4,False
syn-29-thin-008,29,thin,context_removed,[],0.0,0.0,0.0,0.0,4,0,4,4,False
syn-29-thin-009,29,thin,full,"[""syn-29-thin-009-d003""]",0.0,0.0,0.0,0.25,4,1,1,1,False
syn-29-thin-009,29,thin,route_removed,"[""syn-29-thin-009-d003""]",0.0,0.0,0.0,0.25,4,1,1,1,False
syn-29-thin-009,29,thin,temporal_removed,"[""syn-29-thin-009-d003""]",0.0,0.0,0.0,0.25,4,1,1,1,False
syn-29-thin-009,29,thin,context_removed,"[""syn-29-thin-009-d003""]",0.0,0.0,0.0,0.25,4,1,1,1,False
syn-29-thin-010,29,thin,full,"[""syn-29-thin-010-d003"", ""syn-29-thin-010-d002""]",0.0,,,0.5,4,2,0,0,True
syn-29-thin-010,29,thin,route_removed,"[""syn-29-thin-010-d003"", ""syn-29-thin-010-d002""]",0.0,,,0.5,4,2,0,0,True
syn-29-thin-010,29,thin,temporal_removed,"[""syn-29-thin-010-d003"", ""syn-29-thin-010-d002""]",0.0,,,0.5,4,2,0,0,True
syn-29-thin-010,29,thin,context_removed,"[""syn-29-thin-010-d003"", ""syn-29-thin-010-d002""]",0.0,,,0.5,4,2,0,0,True
syn-29-thin-011,29,thin,full,"[""syn-29-thin-011-d002"", ""syn-29-thin-011-d001"", ""syn-29-thin-011-d003""]",1.0,1.0,1.0,0.75,4,3,3,0,False
syn-29-thin-011,29,thin,route_removed,"[""syn-29-thin-011-d002"", ""syn-29-thin-011-d003"", ""syn-29-thin-011-d001""]",1.0,1.0,1.0,0.75,4,3,3,0,False
syn-29-thin-011,29,thin,temporal_removed,"[""syn-29-thin-011-d002"", ""syn-29-thin-011-d001"", ""syn-29-thin-011-d003""]",1.0,1.0,1.0,0.75,4,3,3,0,False
syn-29-thin-011,29,thin,context_removed,"[""syn-29-thin-011-d002"", ""syn-29-thin-011-d001"", ""syn-29-thin-011-d003""]",1.0,1.0,1.0,0.75,4,3,3,0,False
syn-29-thin-012,29,thin,full,"[""syn-29-thin-012-d000"", ""syn-29-thin-012-d001"", ""syn-29-thin-012-d003"", ""syn-29-thin-012-d002""]",0.6666666666666666,1.0,0.9197207891481876,1.0,4,4,2,0,False
syn-29-thin-012,29,thin,route_removed,"[""syn-29-thin-012-d000"", ""syn-29-thin-012-d003"", ""syn-29-thin-012-d001"", ""syn-29-thin-012-d002""]",0.6666666666666666,1.0,1.0,1.0,4,4,2,0,False
syn-29-thin-012,29,thin,temporal_removed,"[""syn-29-thin-012-d000"", ""syn-29-thin-012-d001"", ""syn-29-thin-012-d003"", ""syn-29-thin-012-d002""]",0.6666666666666666,1.0,0.9197207891481876,1.0,4,4,2,0,False
syn-29-thin-012,29,thin,context_removed,"[""syn-29-thin-012-d000"", ""syn-29-thin-012-d001"", ""syn-29-thin-012-d003"", ""syn-29-thin-012-d002""]",0.6666666666666666,1.0,0.9197207891481876,1.0,4,4,2,0,False
syn-29-thin-013,29,thin,full,"[""syn-29-thin-013-d003"", ""syn-29-thin-013-d000"", ""syn-29-thin-013-d002"", ""syn-29-thin-013-d001""]",0.3333333333333333,1.0,0.6309297535714575,1.0,4,4,1,0,False
syn-29-thin-013,29,thin,route_removed,"[""syn-29-thin-013-d003"", ""syn-29-thin-013-d000"", ""syn-29-thin-013-d001"", ""syn-29-thin-013-d002""]",0.3333333333333333,1.0,0.6309297535714575,1.0,4,4,1,0,False
syn-29-thin-013,29,thin,temporal_removed,"[""syn-29-thin-013-d003"", ""syn-29-thin-013-d000"", ""syn-29-thin-013-d002"", ""syn-29-thin-013-d001""]",0.3333333333333333,1.0,0.6309297535714575,1.0,4,4,1,0,False
syn-29-thin-013,29,thin,context_removed,"[""syn-29-thin-013-d003"", ""syn-29-thin-013-d000"", ""syn-29-thin-013-d002"", ""syn-29-thin-013-d001""]",0.3333333333333333,1.0,0.6309297535714575,1.0,4,4,1,0,False
syn-29-thin-014,29,thin,full,"[""syn-29-thin-014-d003"", ""syn-29-thin-014-d002"", ""syn-29-thin-014-d001"", ""syn-29-thin-014-d000""]",0.3333333333333333,1.0,1.0,1.0,4,4,1,0,False
syn-29-thin-014,29,thin,route_removed,"[""syn-29-thin-014-d003"", ""syn-29-thin-014-d002"", ""syn-29-thin-014-d001"", ""syn-29-thin-014-d000""]",0.3333333333333333,1.0,1.0,1.0,4,4,1,0,False
syn-29-thin-014,29,thin,temporal_removed,"[""syn-29-thin-014-d002"", ""syn-29-thin-014-d003"", ""syn-29-thin-014-d001"", ""syn-29-thin-014-d000""]",0.3333333333333333,1.0,0.6309297535714575,1.0,4,4,1,0,False
syn-29-thin-014,29,thin,context_removed,"[""syn-29-thin-014-d003"", ""syn-29-thin-014-d002"", ""syn-29-thin-014-d001"", ""syn-29-thin-014-d000""]",0.3333333333333333,1.0,1.0,1.0,4,4,1,0,False
syn-29-thin-015,29,thin,full,"[""syn-29-thin-015-d001"", ""syn-29-thin-015-d000"", ""syn-29-thin-015-d002""]",0.0,,,0.75,4,3,0,0,True
syn-29-thin-015,29,thin,route_removed,"[""syn-29-thin-015-d001"", ""syn-29-thin-015-d002"", ""syn-29-thin-015-d000""]",0.0,,,0.75,4,3,0,0,True
syn-29-thin-015,29,thin,temporal_removed,"[""syn-29-thin-015-d001"", ""syn-29-thin-015-d000"", ""syn-29-thin-015-d002""]",0.0,,,0.75,4,3,0,0,True
syn-29-thin-015,29,thin,context_removed,"[""syn-29-thin-015-d001"", ""syn-29-thin-015-d000"", ""syn-29-thin-015-d002""]",0.0,,,0.75,4,3,0,0,True
syn-29-thin-016,29,thin,full,"[""syn-29-thin-016-d000"", ""syn-29-thin-016-d001""]",0.3333333333333333,0.5,0.38685280723454163,0.5,4,2,2,1,False
syn-29-thin-016,29,thin,route_removed,"[""syn-29-thin-016-d000"", ""syn-29-thin-016-d001""]",0.3333333333333333,0.5,0.38685280723454163,0.5,4,2,2,1,False
syn-29-thin-016,29,thin,temporal_removed,"[""syn-29-thin-016-d000"", ""syn-29-thin-016-d001""]",0.3333333333333333,0.5,0.38685280723454163,0.5,4,2,2,1,False
syn-29-thin-016,29,thin,context_removed,"[""syn-29-thin-016-d000"", ""syn-29-thin-016-d001""]",0.3333333333333333,0.5,0.38685280723454163,0.5,4,2,2,1,False
syn-29-thin-017,29,thin,full,"[""syn-29-thin-017-d000""]",0.3333333333333333,1.0,1.0,0.25,4,1,1,0,False
syn-29-thin-017,29,thin,route_removed,"[""syn-29-thin-017-d000""]",0.3333333333333333,1.0,1.0,0.25,4,1,1,0,False
syn-29-thin-017,29,thin,temporal_removed,"[""syn-29-thin-017-d000""]",0.3333333333333333,1.0,1.0,0.25,4,1,1,0,False
syn-29-thin-017,29,thin,context_removed,"[""syn-29-thin-017-d000""]",0.3333333333333333,1.0,1.0,0.25,4,1,1,0,False
syn-29-thin-018,29,thin,full,[],0.0,0.0,0.0,0.0,4,0,1,1,False
syn-29-thin-018,29,thin,route_removed,[],0.0,0.0,0.0,0.0,4,0,1,1,False
syn-29-thin-018,29,thin,temporal_removed,[],0.0,0.0,0.0,0.0,4,0,1,1,False
syn-29-thin-018,29,thin,context_removed,[],0.0,0.0,0.0,0.0,4,0,1,1,False
syn-29-thin-019,29,thin,full,[],0.0,,,0.0,4,0,0,0,True
syn-29-thin-019,29,thin,route_removed,[],0.0,,,0.0,4,0,0,0,True
syn-29-thin-019,29,thin,temporal_removed,[],0.0,,,0.0,4,0,0,0,True
syn-29-thin-019,29,thin,context_removed,[],0.0,,,0.0,4,0,0,0,True
syn-29-balanced-000,29,balanced,full,"[""syn-29-balanced-000-d005"", ""syn-29-balanced-000-d003"", ""syn-29-balanced-000-d001"", ""syn-29-balanced-000-d002"", ""syn-29-balanced-000-d000"", ""syn-29-balanced-000-d004""]",0.0,,,0.5,12,6,0,0,True
syn-29-balanced-000,29,balanced,route_removed,"[""syn-29-balanced-000-d003"", ""syn-29-balanced-000-d005"", ""syn-29-balanced-000-d001"", ""syn-29-balanced-000-d004"", ""syn-29-balanced-000-d002"", ""syn-29-balanced-000-d000""]",0.0,,,0.5,12,6,0,0,True
syn-29-balanced-000,29,balanced,temporal_removed,"[""syn-29-balanced-000-d001"", ""syn-29-balanced-000-d005"", ""syn-29-balanced-000-d003"", ""syn-29-balanced-000-d002"", ""syn-29-balanced-000-d000"", ""syn-29-balanced-000-d004""]",0.0,,,0.5,12,6,0,0,True
syn-29-balanced-000,29,balanced,context_removed,"[""syn-29-balanced-000-d005"", ""syn-29-balanced-000-d003"", ""syn-29-balanced-000-d001"", ""syn-29-balanced-000-d002"", ""syn-29-balanced-000-d000"", ""syn-29-balanced-000-d004""]",0.0,,,0.5,12,6,0,0,True
syn-29-balanced-001,29,balanced,full,"[""syn-29-balanced-001-d003"", ""syn-29-balanced-001-d000"", ""syn-29-balanced-001-d001"", ""syn-29-balanced-001-d002"", ""syn-29-balanced-001-d011"", ""syn-29-balanced-001-d004""]",0.3333333333333333,0.5,0.6131471927654584,0.5,12,6,2,1,False
syn-29-balanced-001,29,balanced,route_removed,"[""syn-29-balanced-001-d003"", ""syn-29-balanced-001-d000"", ""syn-29-balanced-001-d001"", ""syn-29-balanced-001-d002"", ""syn-29-balanced-001-d011"", ""syn-29-balanced-001-d004""]",0.3333333333333333,0.5,0.6131471927654584,0.5,12,6,2,1,False
syn-29-balanced-001,29,balanced,temporal_removed,"[""syn-29-balanced-001-d003"", ""syn-29-balanced-001-d000"", ""syn-29-balanced-001-d001"", ""syn-29-balanced-001-d002"", ""syn-29-balanced-001-d011"", ""syn-29-balanced-001-d004""]",0.3333333333333333,0.5,0.6131471927654584,0.5,12,6,2,1,False
syn-29-balanced-001,29,balanced,context_removed,"[""syn-29-balanced-001-d003"", ""syn-29-balanced-001-d000"", ""syn-29-balanced-001-d001"", ""syn-29-balanced-001-d002"", ""syn-29-balanced-001-d011"", ""syn-29-balanced-001-d004""]",0.3333333333333333,0.5,0.6131471927654584,0.5,12,6,2,1,False
syn-29-balanced-002,29,balanced,full,"[""syn-29-balanced-002-d003"", ""syn-29-balanced-002-d001"", ""syn-29-balanced-002-d000"", ""syn-29-balanced-002-d011"", ""syn-29-balanced-002-d010"", ""syn-29-balanced-002-d002""]",0.3333333333333333,1.0,1.0,0.5,12,6,1,0,False
syn-29-balanced-002,29,balanced,route_removed,"[""syn-29-balanced-002-d003"", ""syn-29-balanced-002-d001"", ""syn-29-balanced-002-d011"", ""syn-29-balanced-002-d000"", ""syn-29-balanced-002-d010"", ""syn-29-balanced-002-d002""]",0.3333333333333333,1.0,1.0,0.5,12,6,1,0,False
syn-29-balanced-002,29,balanced,temporal_removed,"[""syn-29-balanced-002-d001"", ""syn-29-balanced-002-d003"", ""syn-29-balanced-002-d000"", ""syn-29-balanced-002-d011"", ""syn-29-balanced-002-d010"", ""syn-29-balanced-002-d002""]",0.3333333333333333,1.0,0.6309297535714575,0.5,12,6,1,0,False
syn-29-balanced-002,29,balanced,context_removed,"[""syn-29-balanced-002-d003"", ""syn-29-balanced-002-d001"", ""syn-29-balanced-002-d000"", ""syn-29-balanced-002-d011"", ""syn-29-balanced-002-d010"", ""syn-29-balanced-002-d002""]",0.3333333333333333,1.0,1.0,0.5,12,6,1,0,False
syn-29-balanced-003,29,balanced,full,"[""syn-29-balanced-003-d010"", ""syn-29-balanced-003-d002"", ""syn-29-balanced-003-d009"", ""syn-29-balanced-003-d011"", ""syn-29-balanced-003-d000"", ""syn-29-balanced-003-d001""]",0.6666666666666666,0.5,0.7653606369886217,0.5,12,6,4,1,False
syn-29-balanced-003,29,balanced,route_removed,"[""syn-29-balanced-003-d010"", ""syn-29-balanced-003-d009"", ""syn-29-balanced-003-d002"", ""syn-29-balanced-003-d000"", ""syn-29-balanced-003-d011"", ""syn-29-balanced-003-d001""]",0.6666666666666666,0.5,0.7039180890341347,0.5,12,6,4,1,False
syn-29-balanced-003,29,balanced,temporal_removed,"[""syn-29-balanced-003-d010"", ""syn-29-balanced-003-d002"", ""syn-29-balanced-003-d009"", ""syn-29-balanced-003-d011"", ""syn-29-balanced-003-d000"", ""syn-29-balanced-003-d001""]",0.6666666666666666,0.5,0.7653606369886217,0.5,12,6,4,1,False
syn-29-balanced-003,29,balanced,context_removed,"[""syn-29-balanced-003-d010"", ""syn-29-balanced-003-d002"", ""syn-29-balanced-003-d009"", ""syn-29-balanced-003-d011"", ""syn-29-balanced-003-d000"", ""syn-29-balanced-003-d001""]",0.6666666666666666,0.5,0.7653606369886217,0.5,12,6,4,1,False
syn-29-balanced-004,29,balanced,full,"[""syn-29-balanced-004-d000"", ""syn-29-balanced-004-d009"", ""syn-29-balanced-004-d001"", ""syn-29-balanced-004-d010"", ""syn-29-balanced-004-d011"", ""syn-29-balanced-004-d008""]",1.0,0.5,1.0,0.5,12,6,6,1,False
syn-29-balanced-004,29,balanced,route_removed,"[""syn-29-balanced-004-d000"", ""syn-29-balanced-004-d009"", ""syn-29-balanced-004-d001"", ""syn-29-balanced-004-d011"", ""syn-29-balanced-004-d010"", ""syn-29-balanced-004-d008""]",1.0,0.5,1.0,0.5,12,6,6,1,False
syn-29-balanced-004,29,balanced,temporal_removed,"[""syn-29-balanced-004-d000"", ""syn-29-balanced-004-d009"", ""syn-29-balanced-004-d001"", ""syn-29-balanced-004-d010"", ""syn-29-balanced-004-d011"", ""syn-29-balanced-004-d008""]",1.0,0.5,1.0,0.5,12,6,6,1,False
syn-29-balanced-004,29,balanced,context_removed,"[""syn-29-balanced-004-d000"", ""syn-29-balanced-004-d009"", ""syn-29-balanced-004-d001"", ""syn-29-balanced-004-d010"", ""syn-29-balanced-004-d011"", ""syn-29-balanced-004-d008""]",1.0,0.5,1.0,0.5,12,6,6,1,False
syn-29-balanced-005,29,balanced,full,"[""syn-29-balanced-005-d011"", ""syn-29-balanced-005-d009"", ""syn-29-balanced-005-d008"", ""syn-29-balanced-005-d010"", ""syn-29-balanced-005-d000"", ""syn-29-balanced-005-d007""]",0.3333333333333333,0.25,0.23463936301137822,0.5,12,6,4,1,False
syn-29-balanced-005,29,balanced,route_removed,"[""syn-29-balanced-005-d011"", ""syn-29-balanced-005-d009"", ""syn-29-balanced-005-d008"", ""syn-29-balanced-005-d010"", ""syn-29-balanced-005-d000"", ""syn-29-balanced-005-d007""]",0.3333333333333333,0.25,0.23463936301137822,0.5,12,6,4,1,False
syn-29-balanced-005,29,balanced,temporal_removed,"[""syn-29-balanced-005-d009"", ""syn-29-balanced-005-d011"", ""syn-29-balanced-005-d008"", ""syn-29-balanced-005-d010"", ""syn-29-balanced-005-d000"", ""syn-29-balanced-005-d007""]",0.3333333333333333,0.25,0.23463936301137822,0.5,12,6,4,1,False
syn-29-balanced-005,29,balanced,context_removed,"[""syn-29-balanced-005-d011"", ""syn-29-balanced-005-d009"", ""syn-29-balanced-005-d008"", ""syn-29-balanced-005-d010"", ""syn-29-balanced-005-d000"", ""syn-29-balanced-005-d007""]",0.3333333333333333,0.25,0.23463936301137822,0.5,12,6,4,1,False
syn-29-balanced-006,29,balanced,full,"[""syn-29-balanced-006-d011"", ""syn-29-balanced-006-d006"", ""syn-29-balanced-006-d009"", ""syn-29-balanced-006-d007"", ""syn-29-balanced-006-d010"", ""syn-29-balanced-006-d008""]",0.6666666666666666,0.2857142857142857,0.7039180890341347,0.5,12,6,7,2,False
syn-29-balanced-006,29,balanced,route_removed,"[""syn-29-balanced-006-d007"", ""syn-29-balanced-006-d011"", ""syn-29-balanced-006-d006"", ""syn-29-balanced-006-d009"", ""syn-29-balanced-006-d010"", ""syn-29-balanced-006-d008""]",0.6666666666666666,0.2857142857142857,0.7653606369886217,0.5,12,6,7,2,False
syn-29-balanced-006,29,balanced,temporal_removed,"[""syn-29-balanced-006-d011"", ""syn-29-balanced-006-d009"", ""syn-29-balanced-006-d006"", ""syn-29-balanced-006-d007"", ""syn-29-balanced-006-d010"", ""syn-29-balanced-006-d008""]",0.6666666666666666,0.2857142857142857,0.7653606369886217,0.5,12,6,7,2,False
syn-29-balanced-006,29,balanced,context_removed,"[""syn-29-balanced-006-d011"", ""syn-29-balanced-006-d006"", ""syn-29-balanced-006-d009"", ""syn-29-balanced-006-d007"", ""syn-29-balanced-006-d010"", ""syn-29-balanced-006-d008""]",0.6666666666666666,0.2857142857142857,0.7039180890341347,0.5,12,6,7,2,False
syn-29-balanced-007,29,balanced,full,"[""syn-29-balanced-007-d005"", ""syn-29-balanced-007-d010"", ""syn-29-balanced-007-d009"", ""syn-29-balanced-007-d008"", ""syn-29-balanced-007-d007"", ""syn-29-balanced-007-d006""]",0.6666666666666666,0.4,0.7039180890341347,0.5,12,6,5,3,False
syn-29-balanced-007,29,balanced,route_removed,"[""syn-29-balanced-007-d005"", ""syn-29-balanced-007-d009"", ""syn-29-balanced-007-d010"", ""syn-29-balanced-007-d008"", ""syn-29-balanced-007-d007"", ""syn-29-balanced-007-d006""]",0.6666666666666666,0.4,0.7653606369886217,0.5,12,6,5,3,False
syn-29-balanced-007,29,balanced,temporal_removed,"[""syn-29-balanced-007-d010"", ""syn-29-balanced-007-d005"", ""syn-29-balanced-007-d009"", ""syn-29-balanced-007-d008"", ""syn-29-balanced-007-d006"", ""syn-29-balanced-007-d007""]",0.6666666666666666,0.4,0.5307212739772434,0.5,12,6,5,3,False
syn-29-balanced-007,29,balanced,context_removed,"[""syn-29-balanced-007-d005"", ""syn-29-balanced-007-d010"", ""syn-29-balanced-007-d009"", ""syn-29-balanced-007-d008"", ""syn-29-balanced-007-d007"", ""syn-29-balanced-007-d006""]",0.6666666666666666,0.4,0.7039180890341347,0.5,12,6,5,3,False
syn-29-balanced-008,29,balanced,full,"[""syn-29-balanced-008-d005"", ""syn-29-balanced-008-d008"", ""syn-29-balanced-008-d006"", ""syn-29-balanced-008-d007"", ""syn-29-balanced-008-d004"", ""syn-29-balanced-008-d009""]",0.3333333333333333,0.5,0.38685280723454163,0.5,12,6,2,1,False
syn-29-balanced-008,29,balanced,route_removed,"[""syn-29-balanced-008-d005"", ""syn-29-balanced-008-d007"", ""syn-29-balanced-008-d006"", ""syn-29-balanced-008-d008"", ""syn-29-balanced-008-d004"", ""syn-29-balanced-008-d009""]",0.0,0.0,0.0,0.5,12,6,2,1,False
syn-29-balanced-008,29,balanced,temporal_removed,"[""syn-29-balanced-008-d005"", ""syn-29-balanced-008-d008"", ""syn-29-balanced-008-d006"", ""syn-29-balanced-008-d007"", ""syn-29-balanced-008-d004"", ""syn-29-balanced-008-d009""]",0.3333333333333333,0.5,0.38685280723454163,0.5,12,6,2,1,False
syn-29-balanced-008,29,balanced,context_removed,"[""syn-29-balanced-008-d005"", ""syn-29-balanced-008-d008"", ""syn-29-balanced-008-d006"", ""syn-29-balanced-008-d007"", ""syn-29-balanced-008-d004"", ""syn-29-balanced-008-d009""]",0.3333333333333333,0.5,0.38685280723454163,0.5,12,6,2,1,False
syn-29-balanced-009,29,balanced,full,"[""syn-29-balanced-009-d006"", ""syn-29-balanced-009-d005"", ""syn-29-balanced-009-d008"", ""syn-29-balanced-009-d003"", ""syn-29-balanced-009-d007"", ""syn-29-balanced-009-d004""]",0.3333333333333333,0.2,0.23463936301137822,0.5,12,6,5,4,False
syn-29-balanced-009,29,balanced,route_removed,"[""syn-29-balanced-009-d005"", ""syn-29-balanced-009-d008"", ""syn-29-balanced-009-d006"", ""syn-29-balanced-009-d007"", ""syn-29-balanced-009-d003"", ""syn-29-balanced-009-d004""]",0.3333333333333333,0.2,0.2960819109658652,0.5,12,6,5,4,False
syn-29-balanced-009,29,balanced,temporal_removed,"[""syn-29-balanced-009-d006"", ""syn-29-balanced-009-d005"", ""syn-29-balanced-009-d003"", ""syn-29-balanced-009-d008"", ""syn-29-balanced-009-d007"", ""syn-29-balanced-009-d004""]",0.0,0.0,0.0,0.5,12,6,5,4,False
syn-29-balanced-009,29,balanced,context_removed,"[""syn-29-balanced-009-d006"", ""syn-29-balanced-009-d005"", ""syn-29-balanced-009-d008"", ""syn-29-balanced-009-d003"", ""syn-29-balanced-009-d007"", ""syn-29-balanced-009-d004""]",0.3333333333333333,0.2,0.23463936301137822,0.5,12,6,5,4,False
syn-29-balanced-010,29,balanced,full,"[""syn-29-balanced-010-d003"", ""syn-29-balanced-010-d002"", ""syn-29-balanced-010-d005"", ""syn-29-balanced-010-d006"", ""syn-29-balanced-010-d004"", ""syn-29-balanced-010-d007""]",0.0,,,0.5,12,6,0,0,True
syn-29-balanced-010,29,balanced,route_removed,"[""syn-29-balanced-010-d003"", ""syn-29-balanced-010-d002"", ""syn-29-balanced-010-d005"", ""syn-29-balanced-010-d006"", ""syn-29-balanced-010-d007"", ""syn-29-balanced-010-d004""]",0.0,,,0.5,12,6,0,0,True
syn-29-balanced-010,29,balanced,temporal_removed,"[""syn-29-balanced-010-d003"", ""syn-29-balanced-010-d002"", ""syn-29-balanced-010-d005"", ""syn-29-balanced-010-d006"", ""syn-29-balanced-010-d004"", ""syn-29-balanced-010-d007""]",0.0,,,0.5,12,6,0,0,True
syn-29-balanced-010,29,balanced,context_removed,"[""syn-29-balanced-010-d003"", ""syn-29-balanced-010-d002"", ""syn-29-balanced-010-d005"", ""syn-29-balanced-010-d006"", ""syn-29-balanced-010-d004"", ""syn-29-balanced-010-d007""]",0.0,,,0.5,12,6,0,0,True
syn-29-balanced-011,29,balanced,full,"[""syn-29-balanced-011-d002"", ""syn-29-balanced-011-d006"", ""syn-29-balanced-011-d003"", ""syn-29-balanced-011-d001"", ""syn-29-balanced-011-d004"", ""syn-29-balanced-011-d005""]",0.6666666666666666,0.5,0.7653606369886217,0.5,12,6,4,1,False
syn-29-balanced-011,29,balanced,route_removed,"[""syn-29-balanced-011-d006"", ""syn-29-balanced-011-d002"", ""syn-29-balanced-011-d001"", ""syn-29-balanced-011-d003"", ""syn-29-balanced-011-d004"", ""syn-29-balanced-011-d005""]",0.6666666666666666,0.5,0.7653606369886217,0.5,12,6,4,1,False
syn-29-balanced-011,29,balanced,temporal_removed,"[""syn-29-balanced-011-d002"", ""syn-29-balanced-011-d006"", ""syn-29-balanced-011-d003"", ""syn-29-balanced-011-d001"", ""syn-29-balanced-011-d004"", ""syn-29-balanced-011-d005""]",0.6666666666666666,0.5,0.7653606369886217,0.5,12,6,4,1,False
syn-29-balanced-011,29,balanced,context_removed,"[""syn-29-balanced-011-d002"", ""syn-29-balanced-011-d006"", ""syn-29-balanced-011-d003"", ""syn-29-balanced-011-d001"", ""syn-29-balanced-011-d004"", ""syn-29-balanced-011-d005""]",0.6666666666666666,0.5,0.7653606369886217,0.5,12,6,4,1,False
syn-29-balanced-012,29,balanced,full,"[""syn-29-balanced-012-d005"", ""syn-29-balanced-012-d004"", ""syn-29-balanced-012-d002"", ""syn-29-balanced-012-d001"", ""syn-29-balanced-012-d000"", ""syn-29-balanced-012-d003""]",0.3333333333333333,0.25,0.2960819109658652,0.5,12,6,4,1,False
syn-29-balanced-012,29,balanced,route_removed,"[""syn-29-balanced-012-d005"", ""syn-29-balanced-012-d002"", ""syn-29-balanced-012-d004"", ""syn-29-balanced-012-d001"", ""syn-29-balanced-012-d000"", ""syn-29-balanced-012-d003""]",0.3333333333333333,0.25,0.23463936301137822,0.5,12,6,4,1,False
syn-29-balanced-012,29,balanced,temporal_removed,"[""syn-29-balanced-012-d005"", ""syn-29-balanced-012-d004"", ""syn-29-balanced-012-d001"", ""syn-29-balanced-012-d002"", ""syn-29-balanced-012-d000"", ""syn-29-balanced-012-d003""]",0.6666666666666666,0.5,0.5307212739772434,0.5,12,6,4,1,False
syn-29-balanced-012,29,balanced,context_removed,"[""syn-29-balanced-012-d005"", ""syn-29-balanced-012-d004"", ""syn-29-balanced-012-d002"", ""syn-29-balanced-012-d001"", ""syn-29-balanced-012-d000"", ""syn-29-balanced-012-d003""]",0.3333333333333333,0.25,0.2960819109658652,0.5,12,6,4,1,False
syn-29-balanced-013,29,balanced,full,"[""syn-29-balanced-013-d011"", ""syn-29-balanced-013-d004"", ""syn-29-balanced-013-d001"", ""syn-29-balanced-013-d002"", ""syn-29-balanced-013-d003"", ""syn-29-balanced-013-d000""]",1.0,0.42857142857142855,1.0,0.5,12,6,7,3,False
syn-29-balanced-013,29,balanced,route_removed,"[""syn-29-balanced-013-d011"", ""syn-29-balanced-013-d004"", ""syn-29-balanced-013-d001"", ""syn-29-balanced-013-d003"", ""syn-29-balanced-013-d000"", ""syn-29-balanced-013-d002""]",1.0,0.42857142857142855,1.0,0.5,12,6,7,3,False
syn-29-balanced-013,29,balanced,temporal_removed,"[""syn-29-balanced-013-d011"", ""syn-29-balanced-013-d004"", ""syn-29-balanced-013-d001"", ""syn-29-balanced-013-d002"", ""syn-29-balanced-013-d003"", ""syn-29-balanced-013-d000""]",1.0,0.42857142857142855,1.0,0.5,12,6,7,3,False
syn-29-balanced-013,29,balanced,context_removed,"[""syn-29-balanced-013-d011"", ""syn-29-balanced-013-d004"", ""syn-29-balanced-013-d001"", ""syn-29-balanced-013-d002"", ""syn-29-balanced-013-d003"", ""syn-29-balanced-013-d000""]",1.0,0.42857142857142855,1.0,0.5,12,6,7,3,False
syn-29-balanced-014,29,balanced,full,"[""syn-29-balanced-014-d010"", ""syn-29-balanced-014-d003"", ""syn-29-balanced-014-d001"", ""syn-29-balanced-014-d002"", ""syn-29-balanced-014-d011"", ""syn-29-balanced-014-d000""]",0.6666666666666666,0.3333333333333333,0.7653606369886217,0.5,12,6,6,2,False
syn-29-balanced-014,29,balanced,route_removed,"[""syn-29-balanced-014-d010"", ""syn-29-balanced-014-d003"", ""syn-29-balanced-014-d001"", ""syn-29-balanced-014-d002"", ""syn-29-balanced-014-d000"", ""syn-29-balanced-014-d011""]",0.6666666666666666,0.3333333333333333,0.7653606369886217,0.5,12,6,6,2,False
syn-29-balanced-014,29,balanced,temporal_removed,"[""syn-29-balanced-014-d010"", ""syn-29-balanced-014-d003"", ""syn-29-balanced-014-d001"", ""syn-29-balanced-014-d002"", ""syn-29-balanced-014-d011"", ""syn-29-balanced-014-d000""]",0.6666666666666666,0.3333333333333333,0.7653606369886217,0.5,12,6,6,2,False
syn-29-balanced-014,29,balanced,context_removed,"[""syn-29-balanced-014-d010"", ""syn-29-balanced-014-d003"", ""syn-29-balanced-014-d001"", ""syn-29-balanced-014-d002"", ""syn-29-balanced-014-d011"", ""syn-29-balanced-014-d000""]",0.6666666666666666,0.3333333333333333,0.7653606369886217,0.5,12,6,6,2,False
syn-29-balanced-015,29,balanced,full,"[""syn-29-balanced-015-d002"", ""syn-29-balanced-015-d011"", ""syn-29-balanced-015-d010"", ""syn-29-balanced-015-d009"", ""syn-29-balanced-015-d001"", ""syn-29-balanced-015-d000""]",0.6666666666666666,0.3333333333333333,0.5307212739772434,0.5,12,6,6,2,False
syn-29-balanced-015,29,balanced,route_removed,"[""syn-29-balanced-015-d002"", ""syn-29-balanced-015-d010"", ""syn-29-balanced-015-d001"", ""syn-29-balanced-015-d011"", ""syn-29-balanced-015-d009"", ""syn-29-balanced-015-d000""]",0.6666666666666666,0.3333333333333333,0.5307212739772434,0.5,12,6,6,2,False
syn-29-balanced-015,29,balanced,temporal_removed,"[""syn-29-balanced-015-d002"", ""syn-29-balanced-015-d011"", ""syn-29-balanced-015-d010"", ""syn-29-balanced-015-d001"", ""syn-29-balanced-015-d009"", ""syn-29-balanced-015-d000""]",0.6666666666666666,0.3333333333333333,0.5307212739772434,0.5,12,6,6,2,False
syn-29-balanced-015,29,balanced,context_removed,"[""syn-29-balanced-015-d002"", ""syn-29-balanced-015-d011"", ""syn-29-balanced-015-d010"", ""syn-29-balanced-015-d009"", ""syn-29-balanced-015-d001"", ""syn-29-balanced-015-d000""]",0.6666666666666666,0.3333333333333333,0.5307212739772434,0.5,12,6,6,2,False
syn-29-balanced-016,29,balanced,full,"[""syn-29-balanced-016-d011"", ""syn-29-balanced-016-d008"", ""syn-29-balanced-016-d000"", ""syn-29-balanced-016-d001"", ""syn-29-balanced-016-d010"", ""syn-29-balanced-016-d009""]",0.3333333333333333,0.2,0.2960819109658652,0.5,12,6,5,4,False
syn-29-balanced-016,29,balanced,route_removed,"[""syn-29-balanced-016-d008"", ""syn-29-balanced-016-d011"", ""syn-29-balanced-016-d000"", ""syn-29-balanced-016-d001"", ""syn-29-balanced-016-d009"", ""syn-29-balanced-016-d010""]",0.3333333333333333,0.2,0.46927872602275644,0.5,12,6,5,4,False
syn-29-balanced-016,29,balanced,temporal_removed,"[""syn-29-balanced-016-d011"", ""syn-29-balanced-016-d008"", ""syn-29-balanced-016-d000"", ""syn-29-balanced-016-d001"", ""syn-29-balanced-016-d010"", ""syn-29-balanced-016-d009""]",0.3333333333333333,0.2,0.2960819109658652,0.5,12,6,5,4,False
syn-29-balanced-016,29,balanced,context_removed,"[""syn-29-balanced-016-d011"", ""syn-29-balanced-016-d008"", ""syn-29-balanced-016-d000"", ""syn-29-balanced-016-d001"", ""syn-29-balanced-016-d010"", ""syn-29-balanced-016-d009""]",0.3333333333333333,0.2,0.2960819109658652,0.5,12,6,5,4,False
syn-29-balanced-017,29,balanced,full,"[""syn-29-balanced-017-d010"", ""syn-29-balanced-017-d011"", ""syn-29-balanced-017-d007"", ""syn-29-balanced-017-d008"", ""syn-29-balanced-017-d009"", ""syn-29-balanced-017-d000""]",0.3333333333333333,0.3333333333333333,0.46927872602275644,0.5,12,6,3,1,False
syn-29-balanced-017,29,balanced,route_removed,"[""syn-29-balanced-017-d010"", ""syn-29-balanced-017-d011"", ""syn-29-balanced-017-d007"", ""syn-29-balanced-017-d008"", ""syn-29-balanced-017-d009"", ""syn-29-balanced-017-d000""]",0.3333333333333333,0.3333333333333333,0.46927872602275644,0.5,12,6,3,1,False
syn-29-balanced-017,29,balanced,temporal_removed,"[""syn-29-balanced-017-d010"", ""syn-29-balanced-017-d011"", ""syn-29-balanced-017-d007"", ""syn-29-balanced-017-d008"", ""syn-29-balanced-017-d009"", ""syn-29-balanced-017-d000""]",0.3333333333333333,0.3333333333333333,0.46927872602275644,0.5,12,6,3,1,False
syn-29-balanced-017,29,balanced,context_removed,"[""syn-29-balanced-017-d010"", ""syn-29-balanced-017-d011"", ""syn-29-balanced-017-d007"", ""syn-29-balanced-017-d008"", ""syn-29-balanced-017-d009"", ""syn-29-balanced-017-d000""]",0.3333333333333333,0.3333333333333333,0.46927872602275644,0.5,12,6,3,1,False
syn-29-balanced-018,29,balanced,full,"[""syn-29-balanced-018-d011"", ""syn-29-balanced-018-d009"", ""syn-29-balanced-018-d007"", ""syn-29-balanced-018-d008"", ""syn-29-balanced-018-d006"", ""syn-29-balanced-018-d010""]",0.3333333333333333,0.5,0.3065735963827292,0.5,12,6,2,0,False
syn-29-balanced-018,29,balanced,route_removed,"[""syn-29-balanced-018-d009"", ""syn-29-balanced-018-d011"", ""syn-29-balanced-018-d010"", ""syn-29-balanced-018-d007"", ""syn-29-balanced-018-d006"", ""syn-29-balanced-018-d008""]",0.0,0.0,0.0,0.5,12,6,2,0,False
syn-29-balanced-018,29,balanced,temporal_removed,"[""syn-29-balanced-018-d011"", ""syn-29-balanced-018-d009"", ""syn-29-balanced-018-d007"", ""syn-29-balanced-018-d008"", ""syn-29-balanced-018-d006"", ""syn-29-balanced-018-d010""]",0.3333333333333333,0.5,0.3065735963827292,0.5,12,6,2,0,False
syn-29-balanced-018,29,balanced,context_removed,"[""syn-29-balanced-018-d011"", ""syn-29-balanced-018-d009"", ""syn-29-balanced-018-d007"", ""syn-29-balanced-018-d008"", ""syn-29-balanced-018-d006"", ""syn-29-balanced-018-d010""]",0.3333333333333333,0.5,0.3065735963827292,0.5,12,6,2,0,False
syn-29-balanced-019,29,balanced,full,"[""syn-29-balanced-019-d010"", ""syn-29-balanced-019-d009"", ""syn-29-balanced-019-d008"", ""syn-29-balanced-019-d007"", ""syn-29-balanced-019-d005"", ""syn-29-balanced-019-d006""]",0.6666666666666666,0.6666666666666666,0.7039180890341347,0.5,12,6,3,1,False
syn-29-balanced-019,29,balanced,route_removed,"[""syn-29-balanced-019-d010"", ""syn-29-balanced-019-d009"", ""syn-29-balanced-019-d007"", ""syn-29-balanced-019-d005"", ""syn-29-balanced-019-d008"", ""syn-29-balanced-019-d006""]",0.3333333333333333,0.3333333333333333,0.46927872602275644,0.5,12,6,3,1,False
syn-29-balanced-019,29,balanced,temporal_removed,"[""syn-29-balanced-019-d010"", ""syn-29-balanced-019-d009"", ""syn-29-balanced-019-d008"", ""syn-29-balanced-019-d005"", ""syn-29-balanced-019-d007"", ""syn-29-balanced-019-d006""]",0.6666666666666666,0.6666666666666666,0.7039180890341347,0.5,12,6,3,1,False
syn-29-balanced-019,29,balanced,context_removed,"[""syn-29-balanced-019-d010"", ""syn-29-balanced-019-d009"", ""syn-29-balanced-019-d008"", ""syn-29-balanced-019-d007"", ""syn-29-balanced-019-d005"", ""syn-29-balanced-019-d006""]",0.6666666666666666,0.6666666666666666,0.7039180890341347,0.5,12,6,3,1,False
syn-29-dense-000,29,dense,full,"[""syn-29-dense-000-d014"", ""syn-29-dense-000-d004"", ""syn-29-dense-000-d001"", ""syn-29-dense-000-d013"", ""syn-29-dense-000-d012"", ""syn-29-dense-000-d016"", ""syn-29-dense-000-d005"", ""syn-29-dense-000-d002"", ""syn-29-dense-000-d017"", ""syn-29-dense-000-d015"", ""syn-29-dense-000-d000"", ""syn-29-dense-000-d003""]",0.0,,,0.5,24,12,0,0,True
syn-29-dense-000,29,dense,route_removed,"[""syn-29-dense-000-d014"", ""syn-29-dense-000-d004"", ""syn-29-dense-000-d013"", ""syn-29-dense-000-d012"", ""syn-29-dense-000-d001"", ""syn-29-dense-000-d016"", ""syn-29-dense-000-d002"", ""syn-29-dense-000-d005"", ""syn-29-dense-000-d000"", ""syn-29-dense-000-d017"", ""syn-29-dense-000-d003"", ""syn-29-dense-000-d015""]",0.0,,,0.5,24,12,0,0,True
syn-29-dense-000,29,dense,temporal_removed,"[""syn-29-dense-000-d014"", ""syn-29-dense-000-d013"", ""syn-29-dense-000-d004"", ""syn-29-dense-000-d001"", ""syn-29-dense-000-d012"", ""syn-29-dense-000-d016"", ""syn-29-dense-000-d005"", ""syn-29-dense-000-d002"", ""syn-29-dense-000-d015"", ""syn-29-dense-000-d017"", ""syn-29-dense-000-d000"", ""syn-29-dense-000-d003""]",0.0,,,0.5,24,12,0,0,True
syn-29-dense-000,29,dense,context_removed,"[""syn-29-dense-000-d014"", ""syn-29-dense-000-d004"", ""syn-29-dense-000-d001"", ""syn-29-dense-000-d013"", ""syn-29-dense-000-d012"", ""syn-29-dense-000-d016"", ""syn-29-dense-000-d005"", ""syn-29-dense-000-d002"", ""syn-29-dense-000-d017"", ""syn-29-dense-000-d015"", ""syn-29-dense-000-d000"", ""syn-29-dense-000-d003""]",0.0,,,0.5,24,12,0,0,True
syn-29-dense-001,29,dense,full,"[""syn-29-dense-001-d014"", ""syn-29-dense-001-d015"", ""syn-29-dense-001-d003"", ""syn-29-dense-001-d004"", ""syn-29-dense-001-d001"", ""syn-29-dense-001-d012"", ""syn-29-dense-001-d016"", ""syn-29-dense-001-d023"", ""syn-29-dense-001-d002"", ""syn-29-dense-001-d011"", ""syn-29-dense-001-d013"", ""syn-29-dense-001-d000""]",0.6666666666666666,0.3333333333333333,0.7039180890341347,0.5,24,12,6,3,False
syn-29-dense-001,29,dense,route_removed,"[""syn-29-dense-001-d014"", ""syn-29-dense-001-d015"", ""syn-29-dense-001-d004"", ""syn-29-dense-001-d001"", ""syn-29-dense-001-d016"", ""syn-29-dense-001-d023"", ""syn-29-dense-001-d003"", ""syn-29-dense-001-d012"", ""syn-29-dense-001-d013"", ""syn-29-dense-001-d002"", ""syn-29-dense-001-d011"", ""syn-29-dense-001-d000""]",0.3333333333333333,0.16666666666666666,0.46927872602275644,0.5,24,12,6,3,False
syn-29-dense-001,29,dense,temporal_removed,"[""syn-29-dense-001-d015"", ""syn-29-dense-001-d014"", ""syn-29-dense-001-d003"", ""syn-29-dense-001-d001"", ""syn-29-dense-001-d004"", ""syn-29-dense-001-d016"", ""syn-29-dense-001-d012"", ""syn-29-dense-001-d002"", ""syn-29-dense-001-d023"", ""syn-29-dense-001-d011"", ""syn-29-dense-001-d013"", ""syn-29-dense-001-d000""]",0.6666666666666666,0.3333333333333333,0.5307212739772434,0.5,24,12,6,3,False
syn-29-dense-001,29,dense,context_removed,"[""syn-29-dense-001-d014"", ""syn-29-dense-001-d015"", ""syn-29-dense-001-d003"", ""syn-29-dense-001-d004"", ""syn-29-dense-001-d001"", ""syn-29-dense-001-d012"", ""syn-29-dense-001-d016"", ""syn-29-dense-001-d023"", ""syn-29-dense-001-d002"", ""syn-29-dense-001-d011"", ""syn-29-dense-001-d013"", ""syn-29-dense-001-d000""]",0.6666666666666666,0.3333333333333333,0.7039180890341347,0.5,24,12,6,3,False
syn-29-dense-002,29,dense,full,"[""syn-29-dense-002-d012"", ""syn-29-dense-002-d001"", ""syn-29-dense-002-d013"", ""syn-29-dense-002-d022"", ""syn-29-dense-002-d000"", ""syn-29-dense-002-d011"", ""syn-29-dense-002-d010"", ""syn-29-dense-002-d014"", ""syn-29-dense-002-d015"", ""syn-29-dense-002-d002"", ""syn-29-dense-002-d023"", ""syn-29-dense-002-d003""]",0.6666666666666666,0.3333333333333333,0.7653606369886217,0.5,24,12,6,1,False
syn-29-dense-002,29,dense,route_removed,"[""syn-29-dense-002-d012"", ""syn-29-dense-002-d022"", ""syn-29-dense-002-d001"", ""syn-29-dense-002-d013"", ""syn-29-dense-002-d000"", ""syn-29-dense-002-d015"", ""syn-29-dense-002-d010"", ""syn-29-dense-002-d011"", ""syn-29-dense-002-d014"", ""syn-29-dense-002-d023"", ""syn-29-dense-002-d002"", ""syn-29-dense-002-d003""]",1.0,0.5,1.0,0.5,24,12,6,1,False
syn-29-dense-002,29,dense,temporal_removed,"[""syn-29-dense-002-d012"", ""syn-29-dense-002-d013"", ""syn-29-dense-002-d001"", ""syn-29-dense-002-d022"", ""syn-29-dense-002-d011"", ""syn-29-dense-002-d010"", ""syn-29-dense-002-d000"", ""syn-29-dense-002-d014"", ""syn-29-dense-002-d015"", ""syn-29-dense-002-d002"", ""syn-29-dense-002-d023"", ""syn-29-dense-002-d003""]",0.6666666666666666,0.3333333333333333,0.7039180890341347,0.5,24,12,6,1,False
syn-29-dense-002,29,dense,context_removed,"[""syn-29-dense-002-d012"", ""syn-29-dense-002-d001"", ""syn-29-dense-002-d013"", ""syn-29-dense-002-d022"", ""syn-29-dense-002-d000"", ""syn-29-dense-002-d011"", ""syn-29-dense-002-d010"", ""syn-29-dense-002-d014"", ""syn-29-dense-002-d015"", ""syn-29-dense-002-d002"", ""syn-29-dense-002-d023"", ""syn-29-dense-002-d003""]",0.6666666666666666,0.3333333333333333,0.7653606369886217,0.5,24,12,6,1,False
syn-29-dense-003,29,dense,full,"[""syn-29-dense-003-d022"", ""syn-29-dense-003-d023"", ""syn-29-dense-003-d001"", ""syn-29-dense-003-d010"", ""syn-29-dense-003-d012"", ""syn-29-dense-003-d014"", ""syn-29-dense-003-d002"", ""syn-29-dense-003-d013"", ""syn-29-dense-003-d009"", ""syn-29-dense-003-d000"", ""syn-29-dense-003-d021"", ""syn-29-dense-003-d011""]",1.0,0.2727272727272727,1.0,0.5,24,12,11,4,False
syn-29-dense-003,29,dense,route_removed,"[""syn-29-dense-003-d022"", ""syn-29-dense-003-d023"", ""syn-29-dense-003-d001"", ""syn-29-dense-003-d010"", ""syn-29-dense-003-d012"", ""syn-29-dense-003-d009"", ""syn-29-dense-003-d002"", ""syn-29-dense-003-d014"", ""syn-29-dense-003-d000"", ""syn-29-dense-003-d021"", ""syn-29-dense-003-d013"", ""syn-29-dense-003-d011""]",1.0,0.2727272727272727,1.0,0.5,24,12,11,4,False
syn-29-dense-003,29,dense,temporal_removed,"[""syn-29-dense-003-d022"", ""syn-29-dense-003-d023"", ""syn-29-dense-003-d010"", ""syn-29-dense-003-d001"", ""syn-29-dense-003-d012"", ""syn-29-dense-003-d013"", ""syn-29-dense-003-d014"", ""syn-29-dense-003-d009"", ""syn-29-dense-003-d002"", ""syn-29-dense-003-d000"", ""syn-29-dense-003-d011"", ""syn-29-dense-003-d021""]",0.6666666666666666,0.18181818181818182,0.7653606369886217,0.5,24,12,11,4,False
syn-29-dense-003,29,dense,context_removed,"[""syn-29-dense-003-d022"", ""syn-29-dense-003-d023"", ""syn-29-dense-003-d001"", ""syn-29-dense-003-d010"", ""syn-29-dense-003-d012"", ""syn-29-dense-003-d014"", ""syn-29-dense-003-d002"", ""syn-29-dense-003-d013"", ""syn-29-dense-003-d009"", ""syn-29-dense-003-d000"", ""syn-29-dense-003-d021"", ""syn-29-dense-003-d011""]",1.0,0.2727272727272727,1.0,0.5,24,12,11,4,False
syn-29-dense-004,29,dense,full,"[""syn-29-dense-004-d022"", ""syn-29-dense-004-d023"", ""syn-29-dense-004-d010"", ""syn-29-dense-004-d012"", ""syn-29-dense-004-d013"", ""syn-29-dense-004-d020"", ""syn-29-dense-004-d000"", ""syn-29-dense-004-d008"", ""syn-29-dense-004-d001"", ""syn-29-dense-004-d011"", ""syn-29-dense-004-d021"", ""syn-29-dense-004-d009""]",1.0,0.375,1.0,0.5,24,12,8,4,False
syn-29-dense-004,29,dense,route_removed,"[""syn-29-dense-004-d022"", ""syn-29-dense-004-d012"", ""syn-29-dense-004-d013"", ""syn-29-dense-004-d023"", ""syn-29-dense-004-d008"", ""syn-29-dense-004-d000"", ""syn-29-dense-004-d010"", ""syn-29-dense-004-d001"", ""syn-29-dense-004-d020"", ""syn-29-dense-004-d021"", ""syn-29-dense-004-d011"", ""syn-29-dense-004-d009""]",0.3333333333333333,0.125,0.46927872602275644,0.5,24,12,8,4,False
syn-29-dense-004,29,dense,temporal_removed,"[""syn-29-dense-004-d022"", ""syn-29-dense-004-d010"", ""syn-29-dense-004-d023"", ""syn-29-dense-004-d020"", ""syn-29-dense-004-d012"", ""syn-29-dense-004-d000"", ""syn-29-dense-004-d013"", ""syn-29-dense-004-d008"", ""syn-29-dense-004-d011"", ""syn-29-dense-004-d001"", ""syn-29-dense-004-d021"", ""syn-29-dense-004-d009""]",1.0,0.375,1.0,0.5,24,12,8,4,False
syn-29-dense-004,29,dense,context_removed,"[""syn-29-dense-004-d022"", ""syn-29-dense-004-d023"", ""syn-29-dense-004-d010"", ""syn-29-dense-004-d012"", ""syn-29-dense-004-d013"", ""syn-29-dense-004-d020"", ""syn-29-dense-004-d000"", ""syn-29-dense-004-d008"", ""syn-29-dense-004-d001"", ""syn-29-dense-004-d011"", ""syn-29-dense-004-d021"", ""syn-29-dense-004-d009""]",1.0,0.375,1.0,0.5,24,12,8,4,False
syn-29-dense-005,29,dense,full,"[""syn-29-dense-005-d000"", ""syn-29-dense-005-d012"", ""syn-29-dense-005-d023"", ""syn-29-dense-005-d009"", ""syn-29-dense-005-d007"", ""syn-29-dense-005-d010"", ""syn-29-dense-005-d011"", ""syn-29-dense-005-d008"", ""syn-29-dense-005-d020"", ""syn-29-dense-005-d022"", ""syn-29-dense-005-d021"", ""syn-29-dense-005-d019""]",0.3333333333333333,0.125,0.2960819109658652,0.5,24,12,8,3,False
syn-29-dense-005,29,dense,route_removed,"[""syn-29-dense-005-d000"", ""syn-29-dense-005-d009"", ""syn-29-dense-005-d012"", ""syn-29-dense-005-d023"", ""syn-29-dense-005-d007"", ""syn-29-dense-005-d011"", ""syn-29-dense-005-d022"", ""syn-29-dense-005-d010"", ""syn-29-dense-005-d021"", ""syn-29-dense-005-d008"", ""syn-29-dense-005-d020"", ""syn-29-dense-005-d019""]",0.6666666666666666,0.25,0.5307212739772434,0.5,24,12,8,3,False
syn-29-dense-005,29,dense,temporal_removed,"[""syn-29-dense-005-d000"", ""syn-29-dense-005-d012"", ""syn-29-dense-005-d023"", ""syn-29-dense-005-d009"", ""syn-29-dense-005-d007"", ""syn-29-dense-005-d010"", ""syn-29-dense-005-d020"", ""syn-29-dense-005-d011"", ""syn-29-dense-005-d008"", ""syn-29-dense-005-d022"", ""syn-29-dense-005-d021"", ""syn-29-dense-005-d019""]",0.3333333333333333,0.125,0.2960819109658652,0.5,24,12,8,3,False
syn-29-dense-005,29,dense,context_removed,"[""syn-29-dense-005-d000"", ""syn-29-dense-005-d012"", ""syn-29-dense-005-d023"", ""syn-29-dense-005-d009"", ""syn-29-dense-005-d007"", ""syn-29-dense-005-d010"", ""syn-29-dense-005-d011"", ""syn-29-dense-005-d008"", ""syn-29-dense-005-d020"", ""syn-29-dense-005-d022"", ""syn-29-dense-005-d021"", ""syn-29-dense-005-d019""]",0.3333333333333333,0.125,0.2960819109658652,0.5,24,12,8,3,False
syn-29-dense-006,29,dense,full,"[""syn-29-dense-006-d018"", ""syn-29-dense-006-d020"", ""syn-29-dense-006-d006"", ""syn-29-dense-006-d022"", ""syn-29-dense-006-d009"", ""syn-29-dense-006-d019"", ""syn-29-dense-006-d021"", ""syn-29-dense-006-d010"", ""syn-29-dense-006-d011"", ""syn-29-dense-006-d007"", ""syn-29-dense-006-d023"", ""syn-29-dense-006-d008""]",1.0,0.2,1.0,0.5,24,12,15,5,False
syn-29-dense-006,29,dense,route_removed,"[""syn-29-dense-006-d018"", ""syn-29-dense-006-d006"", ""syn-29-dense-006-d020"", ""syn-29-dense-006-d009"", ""syn-29-dense-006-d022"", ""syn-29-dense-006-d021"", ""syn-29-dense-006-d011"", ""syn-29-dense-006-d019"", ""syn-29-dense-006-d007"", ""syn-29-dense-006-d010"", ""syn-29-dense-006-d008"", ""syn-29-dense-006-d023""]",1.0,0.2,1.0,0.5,24,12,15,5,False
syn-29-dense-006,29,dense,temporal_removed,"[""syn-29-dense-006-d018"", ""syn-29-dense-006-d020"", ""syn-29-dense-006-d022"", ""syn-29-dense-006-d006"", ""syn-29-dense-006-d019"", ""syn-29-dense-006-d009"", ""syn-29-dense-006-d021"", ""syn-29-dense-006-d011"", ""syn-29-dense-006-d010"", ""syn-29-dense-006-d007"", ""syn-29-dense-006-d023"", ""syn-29-dense-006-d008""]",0.6666666666666666,0.13333333333333333,0.7653606369886217,0.5,24,12,15,5,False
syn-29-dense-006,29,dense,context_removed,"[""syn-29-dense-006-d018"", ""syn-29-dense-006-d020"", ""syn-29-dense-006-d006"", ""syn-29-dense-006-d022"", ""syn-29-dense-006-d009"", ""syn-29-dense-006-d019"", ""syn-29-dense-006-d021"", ""syn-29-dense-006-d010"", ""syn-29-dense-006-d011"", ""syn-29-dense-006-d007"", ""syn-29-dense-006-d023"", ""syn-29-dense-006-d008""]",1.0,0.2,1.0,0.5,24,12,15,5,False
syn-29-dense-007,29,dense,full,"[""syn-29-dense-007-d020"", ""syn-29-dense-007-d010"", ""syn-29-dense-007-d006"", ""syn-29-dense-007-d022"", ""syn-29-dense-007-d008"", ""syn-29-dense-007-d018"", ""syn-29-dense-007-d007"", ""syn-29-dense-007-d009"", ""syn-29-dense-007-d005"", ""syn-29-dense-007-d017"", ""syn-29-dense-007-d019"", ""syn-29-dense-007-d021""]",1.0,0.2727272727272727,1.0,0.5,24,12,11,4,False
syn-29-dense-007,29,dense,route_removed,"[""syn-29-dense-007-d020"", ""syn-29-dense-007-d006"", ""syn-29-dense-007-d010"", ""syn-29-dense-007-d008"", ""syn-29-dense-007-d022"", ""syn-29-dense-007-d007"", ""syn-29-dense-007-d017"", ""syn-29-dense-007-d018"", ""syn-29-dense-007-d009"", ""syn-29-dense-007-d005"", ""syn-29-dense-007-d019"", ""syn-29-dense-007-d021""]",1.0,0.2727272727272727,1.0,0.5,24,12,11,4,False
syn-29-dense-007,29,dense,temporal_removed,"[""syn-29-dense-007-d010"", ""syn-29-dense-007-d020"", ""syn-29-dense-007-d006"", ""syn-29-dense-007-d022"", ""syn-29-dense-007-d018"", ""syn-29-dense-007-d008"", ""syn-29-dense-007-d007"", ""syn-29-dense-007-d009"", ""syn-29-dense-007-d005"", ""syn-29-dense-007-d019"", ""syn-29-dense-007-d017"", ""syn-29-dense-007-d021""]",1.0,0.2727272727272727,1.0,0.5,24,12,11,4,False
syn-29-dense-007,29,dense,context_removed,"[""syn-29-dense-007-d020"", ""syn-29-dense-007-d010"", ""syn-29-dense-007-d006"", ""syn-29-dense-007-d022"", ""syn-29-dense-007-d008"", ""syn-29-dense-007-d018"", ""syn-29-dense-007-d007"", ""syn-29-dense-007-d009"", ""syn-29-dense-007-d005"", ""syn-29-dense-007-d017"", ""syn-29-dense-007-d019"", ""syn-29-dense-007-d021""]",1.0,0.2727272727272727,1.0,0.5,24,12,11,4,False
syn-29-dense-008,29,dense,full,"[""syn-29-dense-008-d007"", ""syn-29-dense-008-d005"", ""syn-29-dense-008-d006"", ""syn-29-dense-008-d021"", ""syn-29-dense-008-d018"", ""syn-29-dense-008-d020"", ""syn-29-dense-008-d016"", ""syn-29-dense-008-d009"", ""syn-29-dense-008-d008"", ""syn-29-dense-008-d019"", ""syn-29-dense-008-d017"", ""syn-29-dense-008-d004""]",0.6666666666666666,0.16666666666666666,0.7039180890341347,0.5,24,12,12,6,False
syn-29-dense-008,29,dense,route_removed,"[""syn-29-dense-008-d006"", ""syn-29-dense-008-d007"", ""syn-29-dense-008-d005"", ""syn-29-dense-008-d021"", ""syn-29-dense-008-d020"", ""syn-29-dense-008-d009"", ""syn-29-dense-008-d016"", ""syn-29-dense-008-d019"", ""syn-29-dense-008-d018"", ""syn-29-dense-008-d008"", ""syn-29-dense-008-d017"", ""syn-29-dense-008-d004""]",0.6666666666666666,0.16666666666666666,0.7653606369886217,0.5,24,12,12,6,False
syn-29-dense-008,29,dense,temporal_removed,"[""syn-29-dense-008-d007"", ""syn-29-dense-008-d005"", ""syn-29-dense-008-d006"", ""syn-29-dense-008-d018"", ""syn-29-dense-008-d020"", ""syn-29-dense-008-d021"", ""syn-29-dense-008-d016"", ""syn-29-dense-008-d008"", ""syn-29-dense-008-d009"", ""syn-29-dense-008-d019"", ""syn-29-dense-008-d017"", ""syn-29-dense-008-d004""]",0.6666666666666666,0.16666666666666666,0.7039180890341347,0.5,24,12,12,6,False
syn-29-dense-008,29,dense,context_removed,"[""syn-29-dense-008-d007"", ""syn-29-dense-008-d005"", ""syn-29-dense-008-d006"", ""syn-29-dense-008-d021"", ""syn-29-dense-008-d018"", ""syn-29-dense-008-d020"", ""syn-29-dense-008-d016"", ""syn-29-dense-008-d009"", ""syn-29-dense-008-d008"", ""syn-29-dense-008-d019"", ""syn-29-dense-008-d017"", ""syn-29-dense-008-d004""]",0.6666666666666666,0.16666666666666666,0.7039180890341347,0.5,24,12,12,6,False
syn-29-dense-009,29,dense,full,"[""syn-29-dense-009-d018"", ""syn-29-dense-009-d006"", ""syn-29-dense-009-d008"", ""syn-29-dense-009-d005"", ""syn-29-dense-009-d015"", ""syn-29-dense-009-d020"", ""syn-29-dense-009-d003"", ""syn-29-dense-009-d017"", ""syn-29-dense-009-d016"", ""syn-29-dense-009-d004"", ""syn-29-dense-009-d019"", ""syn-29-dense-009-d007""]",0.3333333333333333,0.14285714285714285,0.46927872602275644,0.5,24,12,7,2,False
syn-29-dense-009,29,dense,route_removed,"[""syn-29-dense-009-d018"", ""syn-29-dense-009-d006"", ""syn-29-dense-009-d008"", ""syn-29-dense-009-d015"", ""syn-29-dense-009-d005"", ""syn-29-dense-009-d020"", ""syn-29-dense-009-d019"", ""syn-29-dense-009-d004"", ""syn-29-dense-009-d007"", ""syn-29-dense-009-d017"", ""syn-29-dense-009-d003"", ""syn-29-dense-009-d016""]",0.3333333333333333,0.14285714285714285,0.46927872602275644,0.5,24,12,7,2,False
syn-29-dense-009,29,dense,temporal_removed,"[""syn-29-dense-009-d018"", ""syn-29-dense-009-d006"", ""syn-29-dense-009-d008"", ""syn-29-dense-009-d005"", ""syn-29-dense-009-d015"", ""syn-29-dense-009-d003"", ""syn-29-dense-009-d017"", ""syn-29-dense-009-d016"", ""syn-29-dense-009-d020"", ""syn-29-dense-009-d004"", ""syn-29-dense-009-d019"", ""syn-29-dense-009-d007""]",0.3333333333333333,0.14285714285714285,0.46927872602275644,0.5,24,12,7,2,False
syn-29-dense-009,29,dense,context_removed,"[""syn-29-dense-009-d018"", ""syn-29-dense-009-d006"", ""syn-29-dense-009-d008"", ""syn-29-dense-009-d005"", ""syn-29-dense-009-d015"", ""syn-29-dense-009-d020"", ""syn-29-dense-009-d003"", ""syn-29-dense-009-d017"", ""syn-29-dense-009-d016"", ""syn-29-dense-009-d004"", ""syn-29-dense-009-d019"", ""syn-29-dense-009-d007""]",0.3333333333333333,0.14285714285714285,0.46927872602275644,0.5,24,12,7,2,False
syn-29-dense-010,29,dense,full,"[""syn-29-dense-010-d015"", ""syn-29-dense-010-d004"", ""syn-29-dense-010-d018"", ""syn-29-dense-010-d003"", ""syn-29-dense-010-d014"", ""syn-29-dense-010-d006"", ""syn-29-dense-010-d002"", ""syn-29-dense-010-d016"", ""syn-29-dense-010-d005"", ""syn-29-dense-010-d019"", ""syn-29-dense-010-d017"", ""syn-29-dense-010-d007""]",0.0,,,0.5,24,12,0,0,True
syn-29-dense-010,29,dense,route_removed,"[""syn-29-dense-010-d015"", ""syn-29-dense-010-d004"", ""syn-29-dense-010-d003"", ""syn-29-dense-010-d018"", ""syn-29-dense-010-d014"", ""syn-29-dense-010-d006"", ""syn-29-dense-010-d017"", ""syn-29-dense-010-d005"", ""syn-29-dense-010-d002"", ""syn-29-dense-010-d016"", ""syn-29-dense-010-d019"", ""syn-29-dense-010-d007""]",0.0,,,0.5,24,12,0,0,True
syn-29-dense-010,29,dense,temporal_removed,"[""syn-29-dense-010-d015"", ""syn-29-dense-010-d004"", ""syn-29-dense-010-d006"", ""syn-29-dense-010-d016"", ""syn-29-dense-010-d018"", ""syn-29-dense-010-d002"", ""syn-29-dense-010-d014"", ""syn-29-dense-010-d005"", ""syn-29-dense-010-d003"", ""syn-29-dense-010-d019"", ""syn-29-dense-010-d017"", ""syn-29-dense-010-d007""]",0.0,,,0.5,24,12,0,0,True
syn-29-dense-010,29,dense,context_removed,"[""syn-29-dense-010-d015"", ""syn-29-dense-010-d004"", ""syn-29-dense-010-d018"", ""syn-29-dense-010-d003"", ""syn-29-dense-010-d014"", ""syn-29-dense-010-d006"", ""syn-29-dense-010-d002"", ""syn-29-dense-010-d016"", ""syn-29-dense-010-d005"", ""syn-29-dense-010-d019"", ""syn-29-dense-010-d017"", ""syn-29-dense-010-d007""]",0.0,,,0.5,24,12,0,0,True
syn-29-dense-011,29,dense,full,"[""syn-29-dense-011-d001"", ""syn-29-dense-011-d005"", ""syn-29-dense-011-d006"", ""syn-29-dense-011-d002"", ""syn-29-dense-011-d003"", ""syn-29-dense-011-d015"", ""syn-29-dense-011-d004"", ""syn-29-dense-011-d017"", ""syn-29-dense-011-d018"", ""syn-29-dense-011-d014"", ""syn-29-dense-011-d013"", ""syn-29-dense-011-d016""]",0.6666666666666666,0.2857142857142857,0.5307212739772434,0.5,24,12,7,0,False
syn-29-dense-011,29,dense,route_removed,"[""syn-29-dense-011-d001"", ""syn-29-dense-011-d002"", ""syn-29-dense-011-d005"", ""syn-29-dense-011-d006"", ""syn-29-dense-011-d015"", ""syn-29-dense-011-d018"", ""syn-29-dense-011-d003"", ""syn-29-dense-011-d004"", ""syn-29-dense-011-d014"", ""syn-29-dense-011-d013"", ""syn-29-dense-011-d017"", ""syn-29-dense-011-d016""]",0.6666666666666666,0.2857142857142857,0.5307212739772434,0.5,24,12,7,0,False
syn-29-dense-011,29,dense,temporal_removed,"[""syn-29-dense-011-d001"", ""syn-29-dense-011-d006"", ""syn-29-dense-011-d005"", ""syn-29-dense-011-d002"", ""syn-29-dense-011-d003"", ""syn-29-dense-011-d004"", ""syn-29-dense-011-d015"", ""syn-29-dense-011-d017"", ""syn-29-dense-011-d018"", ""syn-29-dense-011-d014"", ""syn-29-dense-011-d013"", ""syn-29-dense-011-d016""]",0.6666666666666666,0.2857142857142857,0.5307212739772434,0.5,24,12,7,0,False
syn-29-dense-011,29,dense,context_removed,"[""syn-29-dense-011-d001"", ""syn-29-dense-011-d005"", ""syn-29-dense-011-d006"", ""syn-29-dense-011-d002"", ""syn-29-dense-011-d003"", ""syn-29-dense-011-d015"", ""syn-29-dense-011-d004"", ""syn-29-dense-011-d017"", ""syn-29-dense-011-d018"", ""syn-29-dense-011-d014"", ""syn-29-dense-011-d013"", ""syn-29-dense-011-d016""]",0.6666666666666666,0.2857142857142857,0.5307212739772434,0.5,24,12,7,0,False
syn-29-dense-012,29,dense,full,"[""syn-29-dense-012-d015"", ""syn-29-dense-012-d000"", ""syn-29-dense-012-d005"", ""syn-29-dense-012-d012"", ""syn-29-dense-012-d004"", ""syn-29-dense-012-d017"", ""syn-29-dense-012-d014"", ""syn-29-dense-012-d003"", ""syn-29-dense-012-d016"", ""syn-29-dense-012-d001"", ""syn-29-dense-012-d013"", ""syn-29-dense-012-d002""]",0.6666666666666666,0.2222222222222222,0.7653606369886217,0.5,24,12,9,3,False
syn-29-dense-012,29,dense,route_removed,"[""syn-29-dense-012-d015"", ""syn-29-dense-012-d000"", ""syn-29-dense-012-d005"", ""syn-29-dense-012-d012"", ""syn-29-dense-012-d004"", ""syn-29-dense-012-d001"", ""syn-29-dense-012-d017"", ""syn-29-dense-012-d003"", ""syn-29-dense-012-d013"", ""syn-29-dense-012-d014"", ""syn-29-dense-012-d016"", ""syn-29-dense-012-d002""]",0.6666666666666666,0.2222222222222222,0.7653606369886217,0.5,24,12,9,3,False
syn-29-dense-012,29,dense,temporal_removed,"[""syn-29-dense-012-d015"", ""syn-29-dense-012-d000"", ""syn-29-dense-012-d005"", ""syn-29-dense-012-d004"", ""syn-29-dense-012-d012"", ""syn-29-dense-012-d017"", ""syn-29-dense-012-d014"", ""syn-29-dense-012-d003"", ""syn-29-dense-012-d016"", ""syn-29-dense-012-d001"", ""syn-29-dense-012-d013"", ""syn-29-dense-012-d002""]",0.6666666666666666,0.2222222222222222,0.7653606369886217,0.5,24,12,9,3,False
syn-29-dense-012,29,dense,context_removed,"[""syn-29-dense-012-d015"", ""syn-29-dense-012-d000"", ""syn-29-dense-012-d005"", ""syn-29-dense-012-d012"", ""syn-29-dense-012-d004"", ""syn-29-dense-012-d017"", ""syn-29-dense-012-d014"", ""syn-29-dense-012-d003"", ""syn-29-dense-012-d016"", ""syn-29-dense-012-d001"", ""syn-29-dense-012-d013"", ""syn-29-dense-012-d002""]",0.6666666666666666,0.2222222222222222,0.7653606369886217,0.5,24,12,9,3,False
syn-29-dense-013,29,dense,full,"[""syn-29-dense-013-d011"", ""syn-29-dense-013-d003"", ""syn-29-dense-013-d015"", ""syn-29-dense-013-d013"", ""syn-29-dense-013-d023"", ""syn-29-dense-013-d014"", ""syn-29-dense-013-d016"", ""syn-29-dense-013-d001"", ""syn-29-dense-013-d002"", ""syn-29-dense-013-d000"", ""syn-29-dense-013-d004"", ""syn-29-dense-013-d012""]",0.6666666666666666,0.25,0.5307212739772434,0.5,24,12,8,2,False
syn-29-dense-013,29,dense,route_removed,"[""syn-29-dense-013-d011"", ""syn-29-dense-013-d015"", ""syn-29-dense-013-d003"", ""syn-29-dense-013-d013"", ""syn-29-dense-013-d023"", ""syn-29-dense-013-d001"", ""syn-29-dense-013-d014"", ""syn-29-dense-013-d016"", ""syn-29-dense-013-d004"", ""syn-29-dense-013-d002"", ""syn-29-dense-013-d012"", ""syn-29-dense-013-d000""]",0.6666666666666666,0.25,0.5307212739772434,0.5,24,12,8,2,False
syn-29-dense-013,29,dense,temporal_removed,"[""syn-29-dense-013-d011"", ""syn-29-dense-013-d003"", ""syn-29-dense-013-d015"", ""syn-29-dense-013-d013"", ""syn-29-dense-013-d023"", ""syn-29-dense-013-d014"", ""syn-29-dense-013-d016"", ""syn-29-dense-013-d001"", ""syn-29-dense-013-d002"", ""syn-29-dense-013-d000"", ""syn-29-dense-013-d004"", ""syn-29-dense-013-d012""]",0.6666666666666666,0.25,0.5307212739772434,0.5,24,12,8,2,False
syn-29-dense-013,29,dense,context_removed,"[""syn-29-dense-013-d011"", ""syn-29-dense-013-d003"", ""syn-29-dense-013-d015"", ""syn-29-dense-013-d013"", ""syn-29-dense-013-d023"", ""syn-29-dense-013-d014"", ""syn-29-dense-013-d016"", ""syn-29-dense-013-d001"", ""syn-29-dense-013-d002"", ""syn-29-dense-013-d000"", ""syn-29-dense-013-d004"", ""syn-29-dense-013-d012""]",0.6666666666666666,0.25,0.5307212739772434,0.5,24,12,8,2,False
syn-29-dense-014,29,dense,full,"[""syn-29-dense-014-d011"", ""syn-29-dense-014-d001"", ""syn-29-dense-014-d002"", ""syn-29-dense-014-d003"", ""syn-29-dense-014-d023"", ""syn-29-dense-014-d010"", ""syn-29-dense-014-d000"", ""syn-29-dense-014-d013"", ""syn-29-dense-014-d014"", ""syn-29-dense-014-d015"", ""syn-29-dense-014-d012"", ""syn-29-dense-014-d022""]",0.3333333333333333,0.16666666666666666,0.46927872602275644,0.5,24,12,6,2,False
syn-29-dense-014,29,dense,route_removed,"[""syn-29-dense-014-d011"", ""syn-29-dense-014-d010"", ""syn-29-dense-014-d001"", ""syn-29-dense-014-d003"", ""syn-29-dense-014-d002"", ""syn-29-dense-014-d013"", ""syn-29-dense-014-d023"", ""syn-29-dense-014-d000"", ""syn-29-dense-014-d015"", ""syn-29-dense-014-d014"", ""syn-29-dense-014-d012"", ""syn-29-dense-014-d022""]",0.6666666666666666,0.3333333333333333,0.7653606369886217,0.5,24,12,6,2,False
syn-29-dense-014,29,dense,temporal_removed,"[""syn-29-dense-014-d011"", ""syn-29-dense-014-d002"", ""syn-29-dense-014-d001"", ""syn-29-dense-014-d003"", ""syn-29-dense-014-d023"", ""syn-29-dense-014-d015"", ""syn-29-dense-014-d010"", ""syn-29-dense-014-d014"", ""syn-29-dense-014-d000"", ""syn-29-dense-014-d013"", ""syn-29-dense-014-d012"", ""syn-29-dense-014-d022""]",0.3333333333333333,0.16666666666666666,0.46927872602275644,0.5,24,12,6,2,False
syn-29-dense-014,29,dense,context_removed,"[""syn-29-dense-014-d011"", ""syn-29-dense-014-d001"", ""syn-29-dense-014-d002"", ""syn-29-dense-014-d003"", ""syn-29-dense-014-d023"", ""syn-29-dense-014-d010"", ""syn-29-dense-014-d000"", ""syn-29-dense-014-d013"", ""syn-29-dense-014-d014"", ""syn-29-dense-014-d015"", ""syn-29-dense-014-d012"", ""syn-29-dense-014-d022""]",0.3333333333333333,0.16666666666666666,0.46927872602275644,0.5,24,12,6,2,False
syn-29-dense-015,29,dense,full,"[""syn-29-dense-015-d022"", ""syn-29-dense-015-d009"", ""syn-29-dense-015-d012"", ""syn-29-dense-015-d013"", ""syn-29-dense-015-d010"", ""syn-29-dense-015-d002"", ""syn-29-dense-015-d014"", ""syn-29-dense-015-d021"", ""syn-29-dense-015-d011"", ""syn-29-dense-015-d000"", ""syn-29-dense-015-d023"", ""syn-29-dense-015-d001""]",0.6666666666666666,0.2857142857142857,0.5307212739772434,0.5,24,12,7,2,False
syn-29-dense-015,29,dense,route_removed,"[""syn-29-dense-015-d022"", ""syn-29-dense-015-d009"", ""syn-29-dense-015-d002"", ""syn-29-dense-015-d012"", ""syn-29-dense-015-d013"", ""syn-29-dense-015-d010"", ""syn-29-dense-015-d000"", ""syn-29-dense-015-d021"", ""syn-29-dense-015-d023"", ""syn-29-dense-015-d014"", ""syn-29-dense-015-d001"", ""syn-29-dense-015-d011""]",0.3333333333333333,0.14285714285714285,0.2960819109658652,0.5,24,12,7,2,False
syn-29-dense-015,29,dense,temporal_removed,"[""syn-29-dense-015-d022"", ""syn-29-dense-015-d009"", ""syn-29-dense-015-d012"", ""syn-29-dense-015-d013"", ""syn-29-dense-015-d010"", ""syn-29-dense-015-d014"", ""syn-29-dense-015-d002"", ""syn-29-dense-015-d021"", ""syn-29-dense-015-d011"", ""syn-29-dense-015-d000"", ""syn-29-dense-015-d023"", ""syn-29-dense-015-d001""]",0.6666666666666666,0.2857142857142857,0.5307212739772434,0.5,24,12,7,2,False
syn-29-dense-015,29,dense,context_removed,"[""syn-29-dense-015-d022"", ""syn-29-dense-015-d009"", ""syn-29-dense-015-d012"", ""syn-29-dense-015-d013"", ""syn-29-dense-015-d010"", ""syn-29-dense-015-d002"", ""syn-29-dense-015-d014"", ""syn-29-dense-015-d021"", ""syn-29-dense-015-d011"", ""syn-29-dense-015-d000"", ""syn-29-dense-015-d023"", ""syn-29-dense-015-d001""]",0.6666666666666666,0.2857142857142857,0.5307212739772434,0.5,24,12,7,2,False
syn-29-dense-016,29,dense,full,"[""syn-29-dense-016-d001"", ""syn-29-dense-016-d020"", ""syn-29-dense-016-d010"", ""syn-29-dense-016-d022"", ""syn-29-dense-016-d012"", ""syn-29-dense-016-d008"", ""syn-29-dense-016-d000"", ""syn-29-dense-016-d013"", ""syn-29-dense-016-d023"", ""syn-29-dense-016-d021"", ""syn-29-dense-016-d009"", ""syn-29-dense-016-d011""]",1.0,0.5,1.0,0.5,24,12,6,1,False
syn-29-dense-016,29,dense,route_removed,"[""syn-29-dense-016-d001"", ""syn-29-dense-016-d010"", ""syn-29-dense-016-d022"", ""syn-29-dense-016-d020"", ""syn-29-dense-016-d000"", ""syn-29-dense-016-d008"", ""syn-29-dense-016-d012"", ""syn-29-dense-016-d021"", ""syn-29-dense-016-d009"", ""syn-29-dense-016-d023"", ""syn-29-dense-016-d013"", ""syn-29-dense-016-d011""]",0.6666666666666666,0.3333333333333333,0.7653606369886217,0.5,24,12,6,1,False
syn-29-dense-016,29,dense,temporal_removed,"[""syn-29-dense-016-d001"", ""syn-29-dense-016-d020"", ""syn-29-dense-016-d022"", ""syn-29-dense-016-d010"", ""syn-29-dense-016-d000"", ""syn-29-dense-016-d012"", ""syn-29-dense-016-d013"", ""syn-29-dense-016-d008"", ""syn-29-dense-016-d023"", ""syn-29-dense-016-d021"", ""syn-29-dense-016-d009"", ""syn-29-dense-016-d011""]",0.6666666666666666,0.3333333333333333,0.7653606369886217,0.5,24,12,6,1,False
syn-29-dense-016,29,dense,context_removed,"[""syn-29-dense-016-d001"", ""syn-29-dense-016-d020"", ""syn-29-dense-016-d010"", ""syn-29-dense-016-d022"", ""syn-29-dense-016-d012"", ""syn-29-dense-016-d008"", ""syn-29-dense-016-d000"", ""syn-29-dense-016-d013"", ""syn-29-dense-016-d023"", ""syn-29-dense-016-d021"", ""syn-29-dense-016-d009"", ""syn-29-dense-016-d011""]",1.0,0.5,1.0,0.5,24,12,6,1,False
syn-29-dense-017,29,dense,full,"[""syn-29-dense-017-d007"", ""syn-29-dense-017-d019"", ""syn-29-dense-017-d012"", ""syn-29-dense-017-d020"", ""syn-29-dense-017-d011"", ""syn-29-dense-017-d009"", ""syn-29-dense-017-d023"", ""syn-29-dense-017-d000"", ""syn-29-dense-017-d010"", ""syn-29-dense-017-d021"", ""syn-29-dense-017-d008"", ""syn-29-dense-017-d022""]",1.0,0.2727272727272727,1.0,0.5,24,12,11,4,False
syn-29-dense-017,29,dense,route_removed,"[""syn-29-dense-017-d007"", ""syn-29-dense-017-d019"", ""syn-29-dense-017-d020"", ""syn-29-dense-017-d011"", ""syn-29-dense-017-d012"", ""syn-29-dense-017-d023"", ""syn-29-dense-017-d010"", ""syn-29-dense-017-d009"", ""syn-29-dense-017-d021"", ""syn-29-dense-017-d000"", ""syn-29-dense-017-d008"", ""syn-29-dense-017-d022""]",0.6666666666666666,0.18181818181818182,0.7653606369886217,0.5,24,12,11,4,False
syn-29-dense-017,29,dense,temporal_removed,"[""syn-29-dense-017-d007"", ""syn-29-dense-017-d019"", ""syn-29-dense-017-d012"", ""syn-29-dense-017-d011"", ""syn-29-dense-017-d020"", ""syn-29-dense-017-d000"", ""syn-29-dense-017-d023"", ""syn-29-dense-017-d009"", ""syn-29-dense-017-d021"", ""syn-29-dense-017-d010"", ""syn-29-dense-017-d008"", ""syn-29-dense-017-d022""]",1.0,0.2727272727272727,1.0,0.5,24,12,11,4,False
syn-29-dense-017,29,dense,context_removed,"[""syn-29-dense-017-d007"", ""syn-29-dense-017-d019"", ""syn-29-dense-017-d012"", ""syn-29-dense-017-d020"", ""syn-29-dense-017-d011"", ""syn-29-dense-017-d009"", ""syn-29-dense-017-d023"", ""syn-29-dense-017-d000"", ""syn-29-dense-017-d010"", ""syn-29-dense-017-d021"", ""syn-29-dense-017-d008"", ""syn-29-dense-017-d022""]",1.0,0.2727272727272727,1.0,0.5,24,12,11,4,False
syn-29-dense-018,29,dense,full,"[""syn-29-dense-018-d010"", ""syn-29-dense-018-d008"", ""syn-29-dense-018-d021"", ""syn-29-dense-018-d006"", ""syn-29-dense-018-d022"", ""syn-29-dense-018-d019"", ""syn-29-dense-018-d007"", ""syn-29-dense-018-d018"", ""syn-29-dense-018-d020"", ""syn-29-dense-018-d011"", ""syn-29-dense-018-d023"", ""syn-29-dense-018-d009""]",0.6666666666666666,0.15384615384615385,0.7653606369886217,0.5,24,12,13,3,False
syn-29-dense-018,29,dense,route_removed,"[""syn-29-dense-018-d010"", ""syn-29-dense-018-d008"", ""syn-29-dense-018-d006"", ""syn-29-dense-018-d021"", ""syn-29-dense-018-d019"", ""syn-29-dense-018-d018"", ""syn-29-dense-018-d022"", ""syn-29-dense-018-d007"", ""syn-29-dense-018-d009"", ""syn-29-dense-018-d023"", ""syn-29-dense-018-d011"", ""syn-29-dense-018-d020""]",0.6666666666666666,0.15384615384615385,0.7653606369886217,0.5,24,12,13,3,False
syn-29-dense-018,29,dense,temporal_removed,"[""syn-29-dense-018-d008"", ""syn-29-dense-018-d010"", ""syn-29-dense-018-d021"", ""syn-29-dense-018-d022"", ""syn-29-dense-018-d006"", ""syn-29-dense-018-d019"", ""syn-29-dense-018-d007"", ""syn-29-dense-018-d020"", ""syn-29-dense-018-d018"", ""syn-29-dense-018-d011"", ""syn-29-dense-018-d023"", ""syn-29-dense-018-d009""]",0.6666666666666666,0.15384615384615385,0.7653606369886217,0.5,24,12,13,3,False
syn-29-dense-018,29,dense,context_removed,"[""syn-29-dense-018-d010"", ""syn-29-dense-018-d008"", ""syn-29-dense-018-d021"", ""syn-29-dense-018-d006"", ""syn-29-dense-018-d022"", ""syn-29-dense-018-d019"", ""syn-29-dense-018-d007"", ""syn-29-dense-018-d018"", ""syn-29-dense-018-d020"", ""syn-29-dense-018-d011"", ""syn-29-dense-018-d023"", ""syn-29-dense-018-d009""]",0.6666666666666666,0.15384615384615385,0.7653606369886217,0.5,24,12,13,3,False
syn-29-dense-019,29,dense,full,"[""syn-29-dense-019-d005"", ""syn-29-dense-019-d010"", ""syn-29-dense-019-d021"", ""syn-29-dense-019-d006"", ""syn-29-dense-019-d019"", ""syn-29-dense-019-d008"", ""syn-29-dense-019-d007"", ""syn-29-dense-019-d022"", ""syn-29-dense-019-d009"", ""syn-29-dense-019-d018"", ""syn-29-dense-019-d020"", ""syn-29-dense-019-d017""]",0.3333333333333333,0.25,0.23463936301137822,0.5,24,12,4,2,False
syn-29-dense-019,29,dense,route_removed,"[""syn-29-dense-019-d005"", ""syn-29-dense-019-d010"", ""syn-29-dense-019-d021"", ""syn-29-dense-019-d006"", ""syn-29-dense-019-d008"", ""syn-29-dense-019-d007"", ""syn-29-dense-019-d018"", ""syn-29-dense-019-d009"", ""syn-29-dense-019-d019"", ""syn-29-dense-019-d022"", ""syn-29-dense-019-d017"", ""syn-29-dense-019-d020""]",0.3333333333333333,0.25,0.23463936301137822,0.5,24,12,4,2,False
syn-29-dense-019,29,dense,temporal_removed,"[""syn-29-dense-019-d010"", ""syn-29-dense-019-d005"", ""syn-29-dense-019-d021"", ""syn-29-dense-019-d006"", ""syn-29-dense-019-d019"", ""syn-29-dense-019-d008"", ""syn-29-dense-019-d007"", ""syn-29-dense-019-d022"", ""syn-29-dense-019-d009"", ""syn-29-dense-019-d020"", ""syn-29-dense-019-d018"", ""syn-29-dense-019-d017""]",0.3333333333333333,0.25,0.23463936301137822,0.5,24,12,4,2,False
syn-29-dense-019,29,dense,context_removed,"[""syn-29-dense-019-d005"", ""syn-29-dense-019-d010"", ""syn-29-dense-019-d021"", ""syn-29-dense-019-d006"", ""syn-29-dense-019-d019"", ""syn-29-dense-019-d008"", ""syn-29-dense-019-d007"", ""syn-29-dense-019-d022"", ""syn-29-dense-019-d009"", ""syn-29-dense-019-d018"", ""syn-29-dense-019-d020"", ""syn-29-dense-019-d017""]",0.3333333333333333,0.25,0.23463936301137822,0.5,24,12,4,2,False
syn-47-thin-000,47,thin,full,"[""syn-47-thin-000-d000"", ""syn-47-thin-000-d001"", ""syn-47-thin-000-d003"", ""syn-47-thin-000-d002""]",0.0,,,1.0,4,4,0,0,True
syn-47-thin-000,47,thin,route_removed,"[""syn-47-thin-000-d001"", ""syn-47-thin-000-d000"", ""syn-47-thin-000-d002"", ""syn-47-thin-000-d003""]",0.0,,,1.0,4,4,0,0,True
syn-47-thin-000,47,thin,temporal_removed,"[""syn-47-thin-000-d000"", ""syn-47-thin-000-d001"", ""syn-47-thin-000-d003"", ""syn-47-thin-000-d002""]",0.0,,,1.0,4,4,0,0,True
syn-47-thin-000,47,thin,context_removed,"[""syn-47-thin-000-d000"", ""syn-47-thin-000-d001"", ""syn-47-thin-000-d003"", ""syn-47-thin-000-d002""]",0.0,,,1.0,4,4,0,0,True
syn-47-thin-001,47,thin,full,"[""syn-47-thin-001-d002"", ""syn-47-thin-001-d000"", ""syn-47-thin-001-d001"", ""syn-47-thin-001-d003""]",0.3333333333333333,1.0,0.6309297535714575,1.0,4,4,1,0,False
syn-47-thin-001,47,thin,route_removed,"[""syn-47-thin-001-d000"", ""syn-47-thin-001-d002"", ""syn-47-thin-001-d003"", ""syn-47-thin-001-d001""]",0.3333333333333333,1.0,1.0,1.0,4,4,1,0,False
syn-47-thin-001,47,thin,temporal_removed,"[""syn-47-thin-001-d002"", ""syn-47-thin-001-d000"", ""syn-47-thin-001-d001"", ""syn-47-thin-001-d003""]",0.3333333333333333,1.0,0.6309297535714575,1.0,4,4,1,0,False
syn-47-thin-001,47,thin,context_removed,"[""syn-47-thin-001-d002"", ""syn-47-thin-001-d000"", ""syn-47-thin-001-d001"", ""syn-47-thin-001-d003""]",0.3333333333333333,1.0,0.6309297535714575,1.0,4,4,1,0,False
syn-47-thin-002,47,thin,full,"[""syn-47-thin-002-d000"", ""syn-47-thin-002-d001"", ""syn-47-thin-002-d003"", ""syn-47-thin-002-d002""]",0.6666666666666666,1.0,0.6934264036172708,1.0,4,4,2,0,False
syn-47-thin-002,47,thin,route_removed,"[""syn-47-thin-002-d000"", ""syn-47-thin-002-d001"", ""syn-47-thin-002-d003"", ""syn-47-thin-002-d002""]",0.6666666666666666,1.0,0.6934264036172708,1.0,4,4,2,0,False
syn-47-thin-002,47,thin,temporal_removed,"[""syn-47-thin-002-d000"", ""syn-47-thin-002-d001"", ""syn-47-thin-002-d003"", ""syn-47-thin-002-d002""]",0.6666666666666666,1.0,0.6934264036172708,1.0,4,4,2,0,False
syn-47-thin-002,47,thin,context_removed,"[""syn-47-thin-002-d000"", ""syn-47-thin-002-d001"", ""syn-47-thin-002-d003"", ""syn-47-thin-002-d002""]",0.6666666666666666,1.0,0.6934264036172708,1.0,4,4,2,0,False
syn-47-thin-003,47,thin,full,"[""syn-47-thin-003-d001"", ""syn-47-thin-003-d000"", ""syn-47-thin-003-d002""]",0.3333333333333333,1.0,1.0,0.75,4,3,1,0,False
syn-47-thin-003,47,thin,route_removed,"[""syn-47-thin-003-d001"", ""syn-47-thin-003-d002"", ""syn-47-thin-003-d000""]",0.3333333333333333,1.0,1.0,0.75,4,3,1,0,False
syn-47-thin-003,47,thin,temporal_removed,"[""syn-47-thin-003-d001"", ""syn-47-thin-003-d000"", ""syn-47-thin-003-d002""]",0.3333333333333333,1.0,1.0,0.75,4,3,1,0,False
syn-47-thin-003,47,thin,context_removed,"[""syn-47-thin-003-d001"", ""syn-47-thin-003-d000"", ""syn-47-thin-003-d002""]",0.3333333333333333,1.0,1.0,0.75,4,3,1,0,False
syn-47-thin-004,47,thin,full,"[""syn-47-thin-004-d000"", ""syn-47-thin-004-d001""]",0.3333333333333333,1.0,0.6309297535714575,0.5,4,2,1,0,False
syn-47-thin-004,47,thin,route_removed,"[""syn-47-thin-004-d000"", ""syn-47-thin-004-d001""]",0.3333333333333333,1.0,0.6309297535714575,0.5,4,2,1,0,False
syn-47-thin-004,47,thin,temporal_removed,"[""syn-47-thin-004-d001"", ""syn-47-thin-004-d000""]",0.3333333333333333,1.0,1.0,0.5,4,2,1,0,False
syn-47-thin-004,47,thin,context_removed,"[""syn-47-thin-004-d000"", ""syn-47-thin-004-d001""]",0.3333333333333333,1.0,0.6309297535714575,0.5,4,2,1,0,False
syn-47-thin-005,47,thin,full,"[""syn-47-thin-005-d000""]",0.0,0.0,0.0,0.25,4,1,2,2,False
syn-47-thin-005,47,thin,route_removed,"[""syn-47-thin-005-d000""]",0.0,0.0,0.0,0.25,4,1,2,2,False
syn-47-thin-005,47,thin,temporal_removed,"[""syn-47-thin-005-d000""]",0.0,0.0,0.0,0.25,4,1,2,2,False
syn-47-thin-005,47,thin,context_removed,"[""syn-47-thin-005-d000""]",0.0,0.0,0.0,0.25,4,1,2,2,False
syn-47-thin-006,47,thin,full,[],0.0,0.0,0.0,0.0,4,0,2,2,False
syn-47-thin-006,47,thin,route_removed,[],0.0,0.0,0.0,0.0,4,0,2,2,False
syn-47-thin-006,47,thin,temporal_removed,[],0.0,0.0,0.0,0.0,4,0,2,2,False
syn-47-thin-006,47,thin,context_removed,[],0.0,0.0,0.0,0.0,4,0,2,2,False
syn-47-thin-007,47,thin,full,[],0.0,,,0.0,4,0,0,0,True
syn-47-thin-007,47,thin,route_removed,[],0.0,,,0.0,4,0,0,0,True
syn-47-thin-007,47,thin,temporal_removed,[],0.0,,,0.0,4,0,0,0,True
syn-47-thin-007,47,thin,context_removed,[],0.0,,,0.0,4,0,0,0,True
syn-47-thin-008,47,thin,full,[],0.0,,,0.0,4,0,0,0,True
syn-47-thin-008,47,thin,route_removed,[],0.0,,,0.0,4,0,0,0,True
syn-47-thin-008,47,thin,temporal_removed,[],0.0,,,0.0,4,0,0,0,True
syn-47-thin-008,47,thin,context_removed,[],0.0,,,0.0,4,0,0,0,True
syn-47-thin-009,47,thin,full,"[""syn-47-thin-009-d003""]",0.0,0.0,0.0,0.25,4,1,1,1,False
syn-47-thin-009,47,thin,route_removed,"[""syn-47-thin-009-d003""]",0.0,0.0,0.0,0.25,4,1,1,1,False
syn-47-thin-009,47,thin,temporal_removed,"[""syn-47-thin-009-d003""]",0.0,0.0,0.0,0.25,4,1,1,1,False
syn-47-thin-009,47,thin,context_removed,"[""syn-47-thin-009-d003""]",0.0,0.0,0.0,0.25,4,1,1,1,False
syn-47-thin-010,47,thin,full,"[""syn-47-thin-010-d003"", ""syn-47-thin-010-d002""]",0.0,,,0.5,4,2,0,0,True
syn-47-thin-010,47,thin,route_removed,"[""syn-47-thin-010-d002"", ""syn-47-thin-010-d003""]",0.0,,,0.5,4,2,0,0,True
syn-47-thin-010,47,thin,temporal_removed,"[""syn-47-thin-010-d003"", ""syn-47-thin-010-d002""]",0.0,,,0.5,4,2,0,0,True
syn-47-thin-010,47,thin,context_removed,"[""syn-47-thin-010-d003"", ""syn-47-thin-010-d002""]",0.0,,,0.5,4,2,0,0,True
syn-47-thin-011,47,thin,full,"[""syn-47-thin-011-d003"", ""syn-47-thin-011-d002"", ""syn-47-thin-011-d001""]",0.6666666666666666,0.6666666666666666,0.5307212739772434,0.75,4,3,3,1,False
syn-47-thin-011,47,thin,route_removed,"[""syn-47-thin-011-d003"", ""syn-47-thin-011-d002"", ""syn-47-thin-011-d001""]",0.6666666666666666,0.6666666666666666,0.5307212739772434,0.75,4,3,3,1,False
syn-47-thin-011,47,thin,temporal_removed,"[""syn-47-thin-011-d003"", ""syn-47-thin-011-d002"", ""syn-47-thin-011-d001""]",0.6666666666666666,0.6666666666666666,0.5307212739772434,0.75,4,3,3,1,False
syn-47-thin-011,47,thin,context_removed,"[""syn-47-thin-011-d003"", ""syn-47-thin-011-d002"", ""syn-47-thin-011-d001""]",0.6666666666666666,0.6666666666666666,0.5307212739772434,0.75,4,3,3,1,False
syn-47-thin-012,47,thin,full,"[""syn-47-thin-012-d002"", ""syn-47-thin-012-d003"", ""syn-47-thin-012-d001"", ""syn-47-thin-012-d000""]",0.6666666666666666,1.0,0.9197207891481876,1.0,4,4,2,0,False
syn-47-thin-012,47,thin,route_removed,"[""syn-47-thin-012-d002"", ""syn-47-thin-012-d001"", ""syn-47-thin-012-d003"", ""syn-47-thin-012-d000""]",0.6666666666666666,1.0,1.0,1.0,4,4,2,0,False
syn-47-thin-012,47,thin,temporal_removed,"[""syn-47-thin-012-d002"", ""syn-47-thin-012-d003"", ""syn-47-thin-012-d001"", ""syn-47-thin-012-d000""]",0.6666666666666666,1.0,0.9197207891481876,1.0,4,4,2,0,False
syn-47-thin-012,47,thin,context_removed,"[""syn-47-thin-012-d002"", ""syn-47-thin-012-d003"", ""syn-47-thin-012-d001"", ""syn-47-thin-012-d000""]",0.6666666666666666,1.0,0.9197207891481876,1.0,4,4,2,0,False
syn-47-thin-013,47,thin,full,"[""syn-47-thin-013-d000"", ""syn-47-thin-013-d002"", ""syn-47-thin-013-d001"", ""syn-47-thin-013-d003""]",0.6666666666666666,0.6666666666666666,0.5307212739772434,1.0,4,4,3,0,False
syn-47-thin-013,47,thin,route_removed,"[""syn-47-thin-013-d000"", ""syn-47-thin-013-d002"", ""syn-47-thin-013-d001"", ""syn-47-thin-013-d003""]",0.6666666666666666,0.6666666666666666,0.5307212739772434,1.0,4,4,3,0,False
syn-47-thin-013,47,thin,temporal_removed,"[""syn-47-thin-013-d000"", ""syn-47-thin-013-d002"", ""syn-47-thin-013-d001"", ""syn-47-thin-013-d003""]",0.6666666666666666,0.6666666666666666,0.5307212739772434,1.0,4,4,3,0,False
syn-47-thin-013,47,thin,context_removed,"[""syn-47-thin-013-d000"", ""syn-47-thin-013-d002"", ""syn-47-thin-013-d001"", ""syn-47-thin-013-d003""]",0.6666666666666666,0.6666666666666666,0.5307212739772434,1.0,4,4,3,0,False
syn-47-thin-014,47,thin,full,"[""syn-47-thin-014-d002"", ""syn-47-thin-014-d000"", ""syn-47-thin-014-d003"", ""syn-47-thin-014-d001""]",0.6666666666666666,0.6666666666666666,0.5307212739772434,1.0,4,4,3,0,False
syn-47-thin-014,47,thin,route_removed,"[""syn-47-thin-014-d000"", ""syn-47-thin-014-d003"", ""syn-47-thin-014-d002"", ""syn-47-thin-014-d001""]",0.6666666666666666,0.6666666666666666,0.7653606369886217,1.0,4,4,3,0,False
syn-47-thin-014,47,thin,temporal_removed,"[""syn-47-thin-014-d002"", ""syn-47-thin-014-d000"", ""syn-47-thin-014-d003"", ""syn-47-thin-014-d001""]",0.6666666666666666,0.6666666666666666,0.5307212739772434,1.0,4,4,3,0,False
syn-47-thin-014,47,thin,context_removed,"[""syn-47-thin-014-d002"", ""syn-47-thin-014-d000"", ""syn-47-thin-014-d003"", ""syn-47-thin-014-d001""]",0.6666666666666666,0.6666666666666666,0.5307212739772434,1.0,4,4,3,0,False
syn-47-thin-015,47,thin,full,"[""syn-47-thin-015-d002"", ""syn-47-thin-015-d001"", ""syn-47-thin-015-d000""]",0.6666666666666666,1.0,0.6934264036172708,0.75,4,3,2,0,False
syn-47-thin-015,47,thin,route_removed,"[""syn-47-thin-015-d002"", ""syn-47-thin-015-d001"", ""syn-47-thin-015-d000""]",0.6666666666666666,1.0,0.6934264036172708,0.75,4,3,2,0,False
syn-47-thin-015,47,thin,temporal_removed,"[""syn-47-thin-015-d002"", ""syn-47-thin-015-d001"", ""syn-47-thin-015-d000""]",0.6666666666666666,1.0,0.6934264036172708,0.75,4,3,2,0,False
syn-47-thin-015,47,thin,context_removed,"[""syn-47-thin-015-d002"", ""syn-47-thin-015-d001"", ""syn-47-thin-015-d000""]",0.6666666666666666,1.0,0.6934264036172708,0.75,4,3,2,0,False
syn-47-thin-016,47,thin,full,"[""syn-47-thin-016-d001"", ""syn-47-thin-016-d000""]",0.0,,,0.5,4,2,0,0,True
syn-47-thin-016,47,thin,route_removed,"[""syn-47-thin-016-d000"", ""syn-47-thin-016-d001""]",0.0,,,0.5,4,2,0,0,True
syn-47-thin-016,47,thin,temporal_removed,"[""syn-47-thin-016-d001"", ""syn-47-thin-016-d000""]",0.0,,,0.5,4,2,0,0,True
syn-47-thin-016,47,thin,context_removed,"[""syn-47-thin-016-d001"", ""syn-47-thin-016-d000""]",0.0,,,0.5,4,2,0,0,True
syn-47-thin-017,47,thin,full,"[""syn-47-thin-017-d000""]",0.3333333333333333,0.5,0.6131471927654584,0.25,4,1,2,1,False
syn-47-thin-017,47,thin,route_removed,"[""syn-47-thin-017-d000""]",0.3333333333333333,0.5,0.6131471927654584,0.25,4,1,2,1,False
syn-47-thin-017,47,thin,temporal_removed,"[""syn-47-thin-017-d000""]",0.3333333333333333,0.5,0.6131471927654584,0.25,4,1,2,1,False
syn-47-thin-017,47,thin,context_removed,"[""syn-47-thin-017-d000""]",0.3333333333333333,0.5,0.6131471927654584,0.25,4,1,2,1,False
syn-47-thin-018,47,thin,full,[],0.0,,,0.0,4,0,0,0,True
syn-47-thin-018,47,thin,route_removed,[],0.0,,,0.0,4,0,0,0,True
syn-47-thin-018,47,thin,temporal_removed,[],0.0,,,0.0,4,0,0,0,True
syn-47-thin-018,47,thin,context_removed,[],0.0,,,0.0,4,0,0,0,True
syn-47-thin-019,47,thin,full,[],0.0,,,0.0,4,0,0,0,True
syn-47-thin-019,47,thin,route_removed,[],0.0,,,0.0,4,0,0,0,True
syn-47-thin-019,47,thin,temporal_removed,[],0.0,,,0.0,4,0,0,0,True
syn-47-thin-019,47,thin,context_removed,[],0.0,,,0.0,4,0,0,0,True
syn-47-balanced-000,47,balanced,full,"[""syn-47-balanced-000-d005"", ""syn-47-balanced-000-d003"", ""syn-47-balanced-000-d004"", ""syn-47-balanced-000-d002"", ""syn-47-balanced-000-d000"", ""syn-47-balanced-000-d001""]",0.0,,,0.5,12,6,0,0,True
syn-47-balanced-000,47,balanced,route_removed,"[""syn-47-balanced-000-d005"", ""syn-47-balanced-000-d003"", ""syn-47-balanced-000-d000"", ""syn-47-balanced-000-d004"", ""syn-47-balanced-000-d002"", ""syn-47-balanced-000-d001""]",0.0,,,0.5,12,6,0,0,True
syn-47-balanced-000,47,balanced,temporal_removed,"[""syn-47-balanced-000-d005"", ""syn-47-balanced-000-d003"", ""syn-47-balanced-000-d004"", ""syn-47-balanced-000-d002"", ""syn-47-balanced-000-d001"", ""syn-47-balanced-000-d000""]",0.0,,,0.5,12,6,0,0,True
syn-47-balanced-000,47,balanced,context_removed,"[""syn-47-balanced-000-d005"", ""syn-47-balanced-000-d003"", ""syn-47-balanced-000-d004"", ""syn-47-balanced-000-d002"", ""syn-47-balanced-000-d000"", ""syn-47-balanced-000-d001""]",0.0,,,0.5,12,6,0,0,True
syn-47-balanced-001,47,balanced,full,"[""syn-47-balanced-001-d004"", ""syn-47-balanced-001-d001"", ""syn-47-balanced-001-d011"", ""syn-47-balanced-001-d002"", ""syn-47-balanced-001-d003"", ""syn-47-balanced-001-d000""]",0.3333333333333333,0.2,0.2960819109658652,0.5,12,6,5,2,False
syn-47-balanced-001,47,balanced,route_removed,"[""syn-47-balanced-001-d001"", ""syn-47-balanced-001-d004"", ""syn-47-balanced-001-d011"", ""syn-47-balanced-001-d002"", ""syn-47-balanced-001-d000"", ""syn-47-balanced-001-d003""]",0.3333333333333333,0.2,0.46927872602275644,0.5,12,6,5,2,False
syn-47-balanced-001,47,balanced,temporal_removed,"[""syn-47-balanced-001-d004"", ""syn-47-balanced-001-d001"", ""syn-47-balanced-001-d011"", ""syn-47-balanced-001-d002"", ""syn-47-balanced-001-d003"", ""syn-47-balanced-001-d000""]",0.3333333333333333,0.2,0.2960819109658652,0.5,12,6,5,2,False
syn-47-balanced-001,47,balanced,context_removed,"[""syn-47-balanced-001-d004"", ""syn-47-balanced-001-d001"", ""syn-47-balanced-001-d011"", ""syn-47-balanced-001-d002"", ""syn-47-balanced-001-d003"", ""syn-47-balanced-001-d000""]",0.3333333333333333,0.2,0.2960819109658652,0.5,12,6,5,2,False
syn-47-balanced-002,47,balanced,full,"[""syn-47-balanced-002-d000"", ""syn-47-balanced-002-d001"", ""syn-47-balanced-002-d002"", ""syn-47-balanced-002-d003"", ""syn-47-balanced-002-d011"", ""syn-47-balanced-002-d010""]",0.3333333333333333,0.3333333333333333,0.23463936301137822,0.5,12,6,3,1,False
syn-47-balanced-002,47,balanced,route_removed,"[""syn-47-balanced-002-d000"", ""syn-47-balanced-002-d011"", ""syn-47-balanced-002-d002"", ""syn-47-balanced-002-d001"", ""syn-47-balanced-002-d003"", ""syn-47-balanced-002-d010""]",0.6666666666666666,0.6666666666666666,0.5307212739772434,0.5,12,6,3,1,False
syn-47-balanced-002,47,balanced,temporal_removed,"[""syn-47-balanced-002-d000"", ""syn-47-balanced-002-d001"", ""syn-47-balanced-002-d002"", ""syn-47-balanced-002-d003"", ""syn-47-balanced-002-d011"", ""syn-47-balanced-002-d010""]",0.3333333333333333,0.3333333333333333,0.23463936301137822,0.5,12,6,3,1,False
syn-47-balanced-002,47,balanced,context_removed,"[""syn-47-balanced-002-d000"", ""syn-47-balanced-002-d001"", ""syn-47-balanced-002-d002"", ""syn-47-balanced-002-d003"", ""syn-47-balanced-002-d011"", ""syn-47-balanced-002-d010""]",0.3333333333333333,0.3333333333333333,0.23463936301137822,0.5,12,6,3,1,False
syn-47-balanced-003,47,balanced,full,"[""syn-47-balanced-003-d011"", ""syn-47-balanced-003-d002"", ""syn-47-balanced-003-d009"", ""syn-47-balanced-003-d010"", ""syn-47-balanced-003-d000"", ""syn-47-balanced-003-d001""]",1.0,0.375,1.0,0.5,12,6,8,4,False
syn-47-balanced-003,47,balanced,route_removed,"[""syn-47-balanced-003-d011"", ""syn-47-balanced-003-d002"", ""syn-47-balanced-003-d009"", ""syn-47-balanced-003-d010"", ""syn-47-balanced-003-d001"", ""syn-47-balanced-003-d000""]",1.0,0.375,1.0,0.5,12,6,8,4,False
syn-47-balanced-003,47,balanced,temporal_removed,"[""syn-47-balanced-003-d011"", ""syn-47-balanced-003-d002"", ""syn-47-balanced-003-d009"", ""syn-47-balanced-003-d010"", ""syn-47-balanced-003-d000"", ""syn-47-balanced-003-d001""]",1.0,0.375,1.0,0.5,12,6,8,4,False
syn-47-balanced-003,47,balanced,context_removed,"[""syn-47-balanced-003-d011"", ""syn-47-balanced-003-d002"", ""syn-47-balanced-003-d009"", ""syn-47-balanced-003-d010"", ""syn-47-balanced-003-d000"", ""syn-47-balanced-003-d001""]",1.0,0.375,1.0,0.5,12,6,8,4,False
syn-47-balanced-004,47,balanced,full,"[""syn-47-balanced-004-d011"", ""syn-47-balanced-004-d000"", ""syn-47-balanced-004-d001"", ""syn-47-balanced-004-d008"", ""syn-47-balanced-004-d010"", ""syn-47-balanced-004-d009""]",0.3333333333333333,0.25,0.23463936301137822,0.5,12,6,4,2,False
syn-47-balanced-004,47,balanced,route_removed,"[""syn-47-balanced-004-d011"", ""syn-47-balanced-004-d001"", ""syn-47-balanced-004-d000"", ""syn-47-balanced-004-d008"", ""syn-47-balanced-004-d010"", ""syn-47-balanced-004-d009""]",0.3333333333333333,0.25,0.2960819109658652,0.5,12,6,4,2,False
syn-47-balanced-004,47,balanced,temporal_removed,"[""syn-47-balanced-004-d011"", ""syn-47-balanced-004-d000"", ""syn-47-balanced-004-d001"", ""syn-47-balanced-004-d008"", ""syn-47-balanced-004-d009"", ""syn-47-balanced-004-d010""]",0.3333333333333333,0.25,0.23463936301137822,0.5,12,6,4,2,False
syn-47-balanced-004,47,balanced,context_removed,"[""syn-47-balanced-004-d011"", ""syn-47-balanced-004-d000"", ""syn-47-balanced-004-d001"", ""syn-47-balanced-004-d008"", ""syn-47-balanced-004-d010"", ""syn-47-balanced-004-d009""]",0.3333333333333333,0.25,0.23463936301137822,0.5,12,6,4,2,False
syn-47-balanced-005,47,balanced,full,"[""syn-47-balanced-005-d010"", ""syn-47-balanced-005-d009"", ""syn-47-balanced-005-d011"", ""syn-47-balanced-005-d000"", ""syn-47-balanced-005-d008"", ""syn-47-balanced-005-d007""]",0.6666666666666666,0.6666666666666666,0.7653606369886217,0.5,12,6,3,1,False
syn-47-balanced-005,47,balanced,route_removed,"[""syn-47-balanced-005-d010"", ""syn-47-balanced-005-d009"", ""syn-47-balanced-005-d008"", ""syn-47-balanced-005-d007"", ""syn-47-balanced-005-d011"", ""syn-47-balanced-005-d000""]",0.6666666666666666,0.6666666666666666,0.7653606369886217,0.5,12,6,3,1,False
syn-47-balanced-005,47,balanced,temporal_removed,"[""syn-47-balanced-005-d010"", ""syn-47-balanced-005-d009"", ""syn-47-balanced-005-d000"", ""syn-47-balanced-005-d011"", ""syn-47-balanced-005-d008"", ""syn-47-balanced-005-d007""]",0.6666666666666666,0.6666666666666666,0.7653606369886217,0.5,12,6,3,1,False
syn-47-balanced-005,47,balanced,context_removed,"[""syn-47-balanced-005-d010"", ""syn-47-balanced-005-d009"", ""syn-47-balanced-005-d011"", ""syn-47-balanced-005-d000"", ""syn-47-balanced-005-d008"", ""syn-47-balanced-005-d007""]",0.6666666666666666,0.6666666666666666,0.7653606369886217,0.5,12,6,3,1,False
syn-47-balanced-006,47,balanced,full,"[""syn-47-balanced-006-d006"", ""syn-47-balanced-006-d007"", ""syn-47-balanced-006-d008"", ""syn-47-balanced-006-d010"", ""syn-47-balanced-006-d009"", ""syn-47-balanced-006-d011""]",0.3333333333333333,0.3333333333333333,0.23463936301137822,0.5,12,6,3,2,False
syn-47-balanced-006,47,balanced,route_removed,"[""syn-47-balanced-006-d008"", ""syn-47-balanced-006-d006"", ""syn-47-balanced-006-d010"", ""syn-47-balanced-006-d007"", ""syn-47-balanced-006-d009"", ""syn-47-balanced-006-d011""]",0.3333333333333333,0.3333333333333333,0.46927872602275644,0.5,12,6,3,2,False
syn-47-balanced-006,47,balanced,temporal_removed,"[""syn-47-balanced-006-d006"", ""syn-47-balanced-006-d007"", ""syn-47-balanced-006-d008"", ""syn-47-balanced-006-d010"", ""syn-47-balanced-006-d009"", ""syn-47-balanced-006-d011""]",0.3333333333333333,0.3333333333333333,0.23463936301137822,0.5,12,6,3,2,False
syn-47-balanced-006,47,balanced,context_removed,"[""syn-47-balanced-006-d006"", ""syn-47-balanced-006-d007"", ""syn-47-balanced-006-d008"", ""syn-47-balanced-006-d010"", ""syn-47-balanced-006-d009"", ""syn-47-balanced-006-d011""]",0.3333333333333333,0.3333333333333333,0.23463936301137822,0.5,12,6,3,2,False
syn-47-balanced-007,47,balanced,full,"[""syn-47-balanced-007-d008"", ""syn-47-balanced-007-d009"", ""syn-47-balanced-007-d007"", ""syn-47-balanced-007-d006"", ""syn-47-balanced-007-d005"", ""syn-47-balanced-007-d010""]",0.3333333333333333,1.0,1.0,0.5,12,6,1,0,False
syn-47-balanced-007,47,balanced,route_removed,"[""syn-47-balanced-007-d008"", ""syn-47-balanced-007-d009"", ""syn-47-balanced-007-d007"", ""syn-47-balanced-007-d010"", ""syn-47-balanced-007-d006"", ""syn-47-balanced-007-d005""]",0.3333333333333333,1.0,1.0,0.5,12,6,1,0,False
syn-47-balanced-007,47,balanced,temporal_removed,"[""syn-47-balanced-007-d009"", ""syn-47-balanced-007-d008"", ""syn-47-balanced-007-d007"", ""syn-47-balanced-007-d006"", ""syn-47-balanced-007-d010"", ""syn-47-balanced-007-d005""]",0.3333333333333333,1.0,0.6309297535714575,0.5,12,6,1,0,False
syn-47-balanced-007,47,balanced,context_removed,"[""syn-47-balanced-007-d008"", ""syn-47-balanced-007-d009"", ""syn-47-balanced-007-d007"", ""syn-47-balanced-007-d006"", ""syn-47-balanced-007-d005"", ""syn-47-balanced-007-d010""]",0.3333333333333333,1.0,1.0,0.5,12,6,1,0,False
syn-47-balanced-008,47,balanced,full,"[""syn-47-balanced-008-d006"", ""syn-47-balanced-008-d004"", ""syn-47-balanced-008-d009"", ""syn-47-balanced-008-d007"", ""syn-47-balanced-008-d008"", ""syn-47-balanced-008-d005""]",0.6666666666666666,0.3333333333333333,0.7039180890341347,0.5,12,6,6,2,False
syn-47-balanced-008,47,balanced,route_removed,"[""syn-47-balanced-008-d007"", ""syn-47-balanced-008-d006"", ""syn-47-balanced-008-d009"", ""syn-47-balanced-008-d008"", ""syn-47-balanced-008-d004"", ""syn-47-balanced-008-d005""]",1.0,0.5,1.0,0.5,12,6,6,2,False
syn-47-balanced-008,47,balanced,temporal_removed,"[""syn-47-balanced-008-d006"", ""syn-47-balanced-008-d004"", ""syn-47-balanced-008-d008"", ""syn-47-balanced-008-d005"", ""syn-47-balanced-008-d007"", ""syn-47-balanced-008-d009""]",0.3333333333333333,0.16666666666666666,0.46927872602275644,0.5,12,6,6,2,False
syn-47-balanced-008,47,balanced,context_removed,"[""syn-47-balanced-008-d006"", ""syn-47-balanced-008-d004"", ""syn-47-balanced-008-d009"", ""syn-47-balanced-008-d007"", ""syn-47-balanced-008-d008"", ""syn-47-balanced-008-d005""]",0.6666666666666666,0.3333333333333333,0.7039180890341347,0.5,12,6,6,2,False
syn-47-balanced-009,47,balanced,full,"[""syn-47-balanced-009-d008"", ""syn-47-balanced-009-d006"", ""syn-47-balanced-009-d003"", ""syn-47-balanced-009-d007"", ""syn-47-balanced-009-d005"", ""syn-47-balanced-009-d004""]",0.0,0.0,0.0,0.5,12,6,1,1,False
syn-47-balanced-009,47,balanced,route_removed,"[""syn-47-balanced-009-d008"", ""syn-47-balanced-009-d007"", ""syn-47-balanced-009-d003"", ""syn-47-balanced-009-d006"", ""syn-47-balanced-009-d005"", ""syn-47-balanced-009-d004""]",0.0,0.0,0.0,0.5,12,6,1,1,False
syn-47-balanced-009,47,balanced,temporal_removed,"[""syn-47-balanced-009-d008"", ""syn-47-balanced-009-d006"", ""syn-47-balanced-009-d003"", ""syn-47-balanced-009-d007"", ""syn-47-balanced-009-d005"", ""syn-47-balanced-009-d004""]",0.0,0.0,0.0,0.5,12,6,1,1,False
syn-47-balanced-009,47,balanced,context_removed,"[""syn-47-balanced-009-d008"", ""syn-47-balanced-009-d006"", ""syn-47-balanced-009-d003"", ""syn-47-balanced-009-d007"", ""syn-47-balanced-009-d005"", ""syn-47-balanced-009-d004""]",0.0,0.0,0.0,0.5,12,6,1,1,False
syn-47-balanced-010,47,balanced,full,"[""syn-47-balanced-010-d004"", ""syn-47-balanced-010-d007"", ""syn-47-balanced-010-d006"", ""syn-47-balanced-010-d005"", ""syn-47-balanced-010-d003"", ""syn-47-balanced-010-d002""]",0.0,,,0.5,12,6,0,0,True
syn-47-balanced-010,47,balanced,route_removed,"[""syn-47-balanced-010-d004"", ""syn-47-balanced-010-d007"", ""syn-47-balanced-010-d006"", ""syn-47-balanced-010-d005"", ""syn-47-balanced-010-d003"", ""syn-47-balanced-010-d002""]",0.0,,,0.5,12,6,0,0,True
syn-47-balanced-010,47,balanced,temporal_removed,"[""syn-47-balanced-010-d004"", ""syn-47-balanced-010-d006"", ""syn-47-balanced-010-d007"", ""syn-47-balanced-010-d005"", ""syn-47-balanced-010-d003"", ""syn-47-balanced-010-d002""]",0.0,,,0.5,12,6,0,0,True
syn-47-balanced-010,47,balanced,context_removed,"[""syn-47-balanced-010-d004"", ""syn-47-balanced-010-d007"", ""syn-47-balanced-010-d006"", ""syn-47-balanced-010-d005"", ""syn-47-balanced-010-d003"", ""syn-47-balanced-010-d002""]",0.0,,,0.5,12,6,0,0,True
syn-47-balanced-011,47,balanced,full,"[""syn-47-balanced-011-d002"", ""syn-47-balanced-011-d004"", ""syn-47-balanced-011-d006"", ""syn-47-balanced-011-d003"", ""syn-47-balanced-011-d001"", ""syn-47-balanced-011-d005""]",0.3333333333333333,0.2,0.46927872602275644,0.5,12,6,5,2,False
syn-47-balanced-011,47,balanced,route_removed,"[""syn-47-balanced-011-d003"", ""syn-47-balanced-011-d006"", ""syn-47-balanced-011-d002"", ""syn-47-balanced-011-d004"", ""syn-47-balanced-011-d001"", ""syn-47-balanced-011-d005""]",0.6666666666666666,0.4,0.7039180890341347,0.5,12,6,5,2,False
syn-47-balanced-011,47,balanced,temporal_removed,"[""syn-47-balanced-011-d004"", ""syn-47-balanced-011-d006"", ""syn-47-balanced-011-d002"", ""syn-47-balanced-011-d003"", ""syn-47-balanced-011-d001"", ""syn-47-balanced-011-d005""]",0.3333333333333333,0.2,0.23463936301137822,0.5,12,6,5,2,False
syn-47-balanced-011,47,balanced,context_removed,"[""syn-47-balanced-011-d002"", ""syn-47-balanced-011-d004"", ""syn-47-balanced-011-d006"", ""syn-47-balanced-011-d003"", ""syn-47-balanced-011-d001"", ""syn-47-balanced-011-d005""]",0.3333333333333333,0.2,0.46927872602275644,0.5,12,6,5,2,False
syn-47-balanced-012,47,balanced,full,"[""syn-47-balanced-012-d001"", ""syn-47-balanced-012-d005"", ""syn-47-balanced-012-d003"", ""syn-47-balanced-012-d000"", ""syn-47-balanced-012-d002"", ""syn-47-balanced-012-d004""]",0.3333333333333333,0.3333333333333333,0.2960819109658652,0.5,12,6,3,2,False
syn-47-balanced-012,47,balanced,route_removed,"[""syn-47-balanced-012-d001"", ""syn-47-balanced-012-d000"", ""syn-47-balanced-012-d005"", ""syn-47-balanced-012-d003"", ""syn-47-balanced-012-d002"", ""syn-47-balanced-012-d004""]",0.3333333333333333,0.3333333333333333,0.23463936301137822,0.5,12,6,3,2,False
syn-47-balanced-012,47,balanced,temporal_removed,"[""syn-47-balanced-012-d001"", ""syn-47-balanced-012-d003"", ""syn-47-balanced-012-d005"", ""syn-47-balanced-012-d000"", ""syn-47-balanced-012-d002"", ""syn-47-balanced-012-d004""]",0.3333333333333333,0.3333333333333333,0.23463936301137822,0.5,12,6,3,2,False
syn-47-balanced-012,47,balanced,context_removed,"[""syn-47-balanced-012-d001"", ""syn-47-balanced-012-d005"", ""syn-47-balanced-012-d003"", ""syn-47-balanced-012-d000"", ""syn-47-balanced-012-d002"", ""syn-47-balanced-012-d004""]",0.3333333333333333,0.3333333333333333,0.2960819109658652,0.5,12,6,3,2,False
syn-47-balanced-013,47,balanced,full,"[""syn-47-balanced-013-d011"", ""syn-47-balanced-013-d002"", ""syn-47-balanced-013-d000"", ""syn-47-balanced-013-d004"", ""syn-47-balanced-013-d003"", ""syn-47-balanced-013-d001""]",0.3333333333333333,0.5,0.38685280723454163,0.5,12,6,2,1,False
syn-47-balanced-013,47,balanced,route_removed,"[""syn-47-balanced-013-d002"", ""syn-47-balanced-013-d011"", ""syn-47-balanced-013-d003"", ""syn-47-balanced-013-d000"", ""syn-47-balanced-013-d004"", ""syn-47-balanced-013-d001""]",0.3333333333333333,0.5,0.6131471927654584,0.5,12,6,2,1,False
syn-47-balanced-013,47,balanced,temporal_removed,"[""syn-47-balanced-013-d011"", ""syn-47-balanced-013-d002"", ""syn-47-balanced-013-d000"", ""syn-47-balanced-013-d004"", ""syn-47-balanced-013-d003"", ""syn-47-balanced-013-d001""]",0.3333333333333333,0.5,0.38685280723454163,0.5,12,6,2,1,False
syn-47-balanced-013,47,balanced,context_removed,"[""syn-47-balanced-013-d011"", ""syn-47-balanced-013-d002"", ""syn-47-balanced-013-d000"", ""syn-47-balanced-013-d004"", ""syn-47-balanced-013-d003"", ""syn-47-balanced-013-d001""]",0.3333333333333333,0.5,0.38685280723454163,0.5,12,6,2,1,False
syn-47-balanced-014,47,balanced,full,"[""syn-47-balanced-014-d010"", ""syn-47-balanced-014-d011"", ""syn-47-balanced-014-d002"", ""syn-47-balanced-014-d003"", ""syn-47-balanced-014-d000"", ""syn-47-balanced-014-d001""]",0.3333333333333333,0.25,0.2960819109658652,0.5,12,6,4,1,False
syn-47-balanced-014,47,balanced,route_removed,"[""syn-47-balanced-014-d010"", ""syn-47-balanced-014-d011"", ""syn-47-balanced-014-d002"", ""syn-47-balanced-014-d000"", ""syn-47-balanced-014-d003"", ""syn-47-balanced-014-d001""]",0.3333333333333333,0.25,0.2960819109658652,0.5,12,6,4,1,False
syn-47-balanced-014,47,balanced,temporal_removed,"[""syn-47-balanced-014-d010"", ""syn-47-balanced-014-d011"", ""syn-47-balanced-014-d002"", ""syn-47-balanced-014-d003"", ""syn-47-balanced-014-d000"", ""syn-47-balanced-014-d001""]",0.3333333333333333,0.25,0.2960819109658652,0.5,12,6,4,1,False
syn-47-balanced-014,47,balanced,context_removed,"[""syn-47-balanced-014-d010"", ""syn-47-balanced-014-d011"", ""syn-47-balanced-014-d002"", ""syn-47-balanced-014-d003"", ""syn-47-balanced-014-d000"", ""syn-47-balanced-014-d001""]",0.3333333333333333,0.25,0.2960819109658652,0.5,12,6,4,1,False
syn-47-balanced-015,47,balanced,full,"[""syn-47-balanced-015-d011"", ""syn-47-balanced-015-d009"", ""syn-47-balanced-015-d001"", ""syn-47-balanced-015-d000"", ""syn-47-balanced-015-d002"", ""syn-47-balanced-015-d010""]",0.3333333333333333,0.2,0.2960819109658652,0.5,12,6,5,2,False
syn-47-balanced-015,47,balanced,route_removed,"[""syn-47-balanced-015-d011"", ""syn-47-balanced-015-d009"", ""syn-47-balanced-015-d001"", ""syn-47-balanced-015-d000"", ""syn-47-balanced-015-d010"", ""syn-47-balanced-015-d002""]",0.3333333333333333,0.2,0.2960819109658652,0.5,12,6,5,2,False
syn-47-balanced-015,47,balanced,temporal_removed,"[""syn-47-balanced-015-d011"", ""syn-47-balanced-015-d009"", ""syn-47-balanced-015-d001"", ""syn-47-balanced-015-d002"", ""syn-47-balanced-015-d000"", ""syn-47-balanced-015-d010""]",0.3333333333333333,0.2,0.2960819109658652,0.5,12,6,5,2,False
syn-47-balanced-015,47,balanced,context_removed,"[""syn-47-balanced-015-d011"", ""syn-47-balanced-015-d009"", ""syn-47-balanced-015-d001"", ""syn-47-balanced-015-d000"", ""syn-47-balanced-015-d002"", ""syn-47-balanced-015-d010""]",0.3333333333333333,0.2,0.2960819109658652,0.5,12,6,5,2,False
syn-47-balanced-016,47,balanced,full,"[""syn-47-balanced-016-d001"", ""syn-47-balanced-016-d009"", ""syn-47-balanced-016-d011"", ""syn-47-balanced-016-d010"", ""syn-47-balanced-016-d000"", ""syn-47-balanced-016-d008""]",0.0,0.0,0.0,0.5,12,6,1,0,False
syn-47-balanced-016,47,balanced,route_removed,"[""syn-47-balanced-016-d001"", ""syn-47-balanced-016-d009"", ""syn-47-balanced-016-d011"", ""syn-47-balanced-016-d008"", ""syn-47-balanced-016-d010"", ""syn-47-balanced-016-d000""]",0.0,0.0,0.0,0.5,12,6,1,0,False
syn-47-balanced-016,47,balanced,temporal_removed,"[""syn-47-balanced-016-d001"", ""syn-47-balanced-016-d009"", ""syn-47-balanced-016-d008"", ""syn-47-balanced-016-d011"", ""syn-47-balanced-016-d000"", ""syn-47-balanced-016-d010""]",0.3333333333333333,1.0,0.5,0.5,12,6,1,0,False
syn-47-balanced-016,47,balanced,context_removed,"[""syn-47-balanced-016-d001"", ""syn-47-balanced-016-d009"", ""syn-47-balanced-016-d011"", ""syn-47-balanced-016-d010"", ""syn-47-balanced-016-d000"", ""syn-47-balanced-016-d008""]",0.0,0.0,0.0,0.5,12,6,1,0,False
syn-47-balanced-017,47,balanced,full,"[""syn-47-balanced-017-d010"", ""syn-47-balanced-017-d007"", ""syn-47-balanced-017-d000"", ""syn-47-balanced-017-d009"", ""syn-47-balanced-017-d008"", ""syn-47-balanced-017-d011""]",0.6666666666666666,0.5,0.7653606369886217,0.5,12,6,4,0,False
syn-47-balanced-017,47,balanced,route_removed,"[""syn-47-balanced-017-d010"", ""syn-47-balanced-017-d007"", ""syn-47-balanced-017-d000"", ""syn-47-balanced-017-d008"", ""syn-47-balanced-017-d009"", ""syn-47-balanced-017-d011""]",0.6666666666666666,0.5,0.7653606369886217,0.5,12,6,4,0,False
syn-47-balanced-017,47,balanced,temporal_removed,"[""syn-47-balanced-017-d010"", ""syn-47-balanced-017-d007"", ""syn-47-balanced-017-d000"", ""syn-47-balanced-017-d009"", ""syn-47-balanced-017-d008"", ""syn-47-balanced-017-d011""]",0.6666666666666666,0.5,0.7653606369886217,0.5,12,6,4,0,False
syn-47-balanced-017,47,balanced,context_removed,"[""syn-47-balanced-017-d010"", ""syn-47-balanced-017-d007"", ""syn-47-balanced-017-d000"", ""syn-47-balanced-017-d009"", ""syn-47-balanced-017-d008"", ""syn-47-balanced-017-d011""]",0.6666666666666666,0.5,0.7653606369886217,0.5,12,6,4,0,False
syn-47-balanced-018,47,balanced,full,"[""syn-47-balanced-018-d009"", ""syn-47-balanced-018-d007"", ""syn-47-balanced-018-d008"", ""syn-47-balanced-018-d010"", ""syn-47-balanced-018-d006"", ""syn-47-balanced-018-d011""]",0.6666666666666666,0.4,0.7039180890341347,0.5,12,6,5,1,False
syn-47-balanced-018,47,balanced,route_removed,"[""syn-47-balanced-018-d009"", ""syn-47-balanced-018-d007"", ""syn-47-balanced-018-d008"", ""syn-47-balanced-018-d010"", ""syn-47-balanced-018-d006"", ""syn-47-balanced-018-d011""]",0.6666666666666666,0.4,0.7039180890341347,0.5,12,6,5,1,False
syn-47-balanced-018,47,balanced,temporal_removed,"[""syn-47-balanced-018-d007"", ""syn-47-balanced-018-d009"", ""syn-47-balanced-018-d008"", ""syn-47-balanced-018-d010"", ""syn-47-balanced-018-d006"", ""syn-47-balanced-018-d011""]",0.6666666666666666,0.4,0.5307212739772434,0.5,12,6,5,1,False
syn-47-balanced-018,47,balanced,context_removed,"[""syn-47-balanced-018-d009"", ""syn-47-balanced-018-d007"", ""syn-47-balanced-018-d008"", ""syn-47-balanced-018-d010"", ""syn-47-balanced-018-d006"", ""syn-47-balanced-018-d011""]",0.6666666666666666,0.4,0.7039180890341347,0.5,12,6,5,1,False
syn-47-balanced-019,47,balanced,full,"[""syn-47-balanced-019-d006"", ""syn-47-balanced-019-d010"", ""syn-47-balanced-019-d005"", ""syn-47-balanced-019-d007"", ""syn-47-balanced-019-d009"", ""syn-47-balanced-019-d008""]",0.3333333333333333,1.0,1.0,0.5,12,6,1,0,False
syn-47-balanced-019,47,balanced,route_removed,"[""syn-47-balanced-019-d006"", ""syn-47-balanced-019-d010"", ""syn-47-balanced-019-d009"", ""syn-47-balanced-019-d008"", ""syn-47-balanced-019-d005"", ""syn-47-balanced-019-d007""]",0.3333333333333333,1.0,1.0,0.5,12,6,1,0,False
syn-47-balanced-019,47,balanced,temporal_removed,"[""syn-47-balanced-019-d006"", ""syn-47-balanced-019-d010"", ""syn-47-balanced-019-d005"", ""syn-47-balanced-019-d007"", ""syn-47-balanced-019-d009"", ""syn-47-balanced-019-d008""]",0.3333333333333333,1.0,1.0,0.5,12,6,1,0,False
syn-47-balanced-019,47,balanced,context_removed,"[""syn-47-balanced-019-d006"", ""syn-47-balanced-019-d010"", ""syn-47-balanced-019-d005"", ""syn-47-balanced-019-d007"", ""syn-47-balanced-019-d009"", ""syn-47-balanced-019-d008""]",0.3333333333333333,1.0,1.0,0.5,12,6,1,0,False
syn-47-dense-000,47,dense,full,"[""syn-47-dense-000-d014"", ""syn-47-dense-000-d016"", ""syn-47-dense-000-d012"", ""syn-47-dense-000-d003"", ""syn-47-dense-000-d017"", ""syn-47-dense-000-d001"", ""syn-47-dense-000-d000"", ""syn-47-dense-000-d013"", ""syn-47-dense-000-d005"", ""syn-47-dense-000-d002"", ""syn-47-dense-000-d015"", ""syn-47-dense-000-d004""]",0.0,,,0.5,24,12,0,0,True
syn-47-dense-000,47,dense,route_removed,"[""syn-47-dense-000-d014"", ""syn-47-dense-000-d012"", ""syn-47-dense-000-d016"", ""syn-47-dense-000-d001"", ""syn-47-dense-000-d003"", ""syn-47-dense-000-d017"", ""syn-47-dense-000-d002"", ""syn-47-dense-000-d000"", ""syn-47-dense-000-d015"", ""syn-47-dense-000-d013"", ""syn-47-dense-000-d005"", ""syn-47-dense-000-d004""]",0.0,,,0.5,24,12,0,0,True
syn-47-dense-000,47,dense,temporal_removed,"[""syn-47-dense-000-d014"", ""syn-47-dense-000-d016"", ""syn-47-dense-000-d012"", ""syn-47-dense-000-d001"", ""syn-47-dense-000-d003"", ""syn-47-dense-000-d017"", ""syn-47-dense-000-d013"", ""syn-47-dense-000-d000"", ""syn-47-dense-000-d005"", ""syn-47-dense-000-d015"", ""syn-47-dense-000-d002"", ""syn-47-dense-000-d004""]",0.0,,,0.5,24,12,0,0,True
syn-47-dense-000,47,dense,context_removed,"[""syn-47-dense-000-d014"", ""syn-47-dense-000-d016"", ""syn-47-dense-000-d012"", ""syn-47-dense-000-d003"", ""syn-47-dense-000-d017"", ""syn-47-dense-000-d001"", ""syn-47-dense-000-d000"", ""syn-47-dense-000-d013"", ""syn-47-dense-000-d005"", ""syn-47-dense-000-d002"", ""syn-47-dense-000-d015"", ""syn-47-dense-000-d004""]",0.0,,,0.5,24,12,0,0,True
syn-47-dense-001,47,dense,full,"[""syn-47-dense-001-d003"", ""syn-47-dense-001-d015"", ""syn-47-dense-001-d014"", ""syn-47-dense-001-d012"", ""syn-47-dense-001-d001"", ""syn-47-dense-001-d016"", ""syn-47-dense-001-d004"", ""syn-47-dense-001-d000"", ""syn-47-dense-001-d013"", ""syn-47-dense-001-d023"", ""syn-47-dense-001-d002"", ""syn-47-dense-001-d011""]",0.0,0.0,0.0,0.5,24,12,5,2,False
syn-47-dense-001,47,dense,route_removed,"[""syn-47-dense-001-d003"", ""syn-47-dense-001-d014"", ""syn-47-dense-001-d001"", ""syn-47-dense-001-d012"", ""syn-47-dense-001-d000"", ""syn-47-dense-001-d015"", ""syn-47-dense-001-d004"", ""syn-47-dense-001-d016"", ""syn-47-dense-001-d023"", ""syn-47-dense-001-d002"", ""syn-47-dense-001-d013"", ""syn-47-dense-001-d011""]",0.3333333333333333,0.2,0.23463936301137822,0.5,24,12,5,2,False
syn-47-dense-001,47,dense,temporal_removed,"[""syn-47-dense-001-d003"", ""syn-47-dense-001-d015"", ""syn-47-dense-001-d014"", ""syn-47-dense-001-d016"", ""syn-47-dense-001-d012"", ""syn-47-dense-001-d004"", ""syn-47-dense-001-d001"", ""syn-47-dense-001-d000"", ""syn-47-dense-001-d013"", ""syn-47-dense-001-d023"", ""syn-47-dense-001-d002"", ""syn-47-dense-001-d011""]",0.0,0.0,0.0,0.5,24,12,5,2,False
syn-47-dense-001,47,dense,context_removed,"[""syn-47-dense-001-d003"", ""syn-47-dense-001-d015"", ""syn-47-dense-001-d014"", ""syn-47-dense-001-d012"", ""syn-47-dense-001-d001"", ""syn-47-dense-001-d016"", ""syn-47-dense-001-d004"", ""syn-47-dense-001-d000"", ""syn-47-dense-001-d013"", ""syn-47-dense-001-d023"", ""syn-47-dense-001-d002"", ""syn-47-dense-001-d011""]",0.0,0.0,0.0,0.5,24,12,5,2,False
syn-47-dense-002,47,dense,full,"[""syn-47-dense-002-d014"", ""syn-47-dense-002-d023"", ""syn-47-dense-002-d010"", ""syn-47-dense-002-d013"", ""syn-47-dense-002-d003"", ""syn-47-dense-002-d015"", ""syn-47-dense-002-d001"", ""syn-47-dense-002-d011"", ""syn-47-dense-002-d000"", ""syn-47-dense-002-d012"", ""syn-47-dense-002-d002"", ""syn-47-dense-002-d022""]",0.3333333333333333,0.3333333333333333,0.46927872602275644,0.5,24,12,3,1,False
syn-47-dense-002,47,dense,route_removed,"[""syn-47-dense-002-d003"", ""syn-47-dense-002-d010"", ""syn-47-dense-002-d001"", ""syn-47-dense-002-d014"", ""syn-47-dense-002-d023"", ""syn-47-dense-002-d013"", ""syn-47-dense-002-d015"", ""syn-47-dense-002-d012"", ""syn-47-dense-002-d011"", ""syn-47-dense-002-d000"", ""syn-47-dense-002-d002"", ""syn-47-dense-002-d022""]",0.0,0.0,0.0,0.5,24,12,3,1,False
syn-47-dense-002,47,dense,temporal_removed,"[""syn-47-dense-002-d014"", ""syn-47-dense-002-d010"", ""syn-47-dense-002-d023"", ""syn-47-dense-002-d013"", ""syn-47-dense-002-d003"", ""syn-47-dense-002-d001"", ""syn-47-dense-002-d015"", ""syn-47-dense-002-d011"", ""syn-47-dense-002-d000"", ""syn-47-dense-002-d012"", ""syn-47-dense-002-d022"", ""syn-47-dense-002-d002""]",0.3333333333333333,0.3333333333333333,0.46927872602275644,0.5,24,12,3,1,False
syn-47-dense-002,47,dense,context_removed,"[""syn-47-dense-002-d014"", ""syn-47-dense-002-d023"", ""syn-47-dense-002-d010"", ""syn-47-dense-002-d013"", ""syn-47-dense-002-d003"", ""syn-47-dense-002-d015"", ""syn-47-dense-002-d001"", ""syn-47-dense-002-d011"", ""syn-47-dense-002-d000"", ""syn-47-dense-002-d012"", ""syn-47-dense-002-d002"", ""syn-47-dense-002-d022""]",0.3333333333333333,0.3333333333333333,0.46927872602275644,0.5,24,12,3,1,False
syn-47-dense-003,47,dense,full,"[""syn-47-dense-003-d021"", ""syn-47-dense-003-d013"", ""syn-47-dense-003-d009"", ""syn-47-dense-003-d001"", ""syn-47-dense-003-d002"", ""syn-47-dense-003-d022"", ""syn-47-dense-003-d014"", ""syn-47-dense-003-d000"", ""syn-47-dense-003-d012"", ""syn-47-dense-003-d023"", ""syn-47-dense-003-d010"", ""syn-47-dense-003-d011""]",0.0,0.0,0.0,0.5,24,12,9,4,False
syn-47-dense-003,47,dense,route_removed,"[""syn-47-dense-003-d021"", ""syn-47-dense-003-d013"", ""syn-47-dense-003-d023"", ""syn-47-dense-003-d001"", ""syn-47-dense-003-d009"", ""syn-47-dense-003-d014"", ""syn-47-dense-003-d010"", ""syn-47-dense-003-d022"", ""syn-47-dense-003-d000"", ""syn-47-dense-003-d011"", ""syn-47-dense-003-d002"", ""syn-47-dense-003-d012""]",0.3333333333333333,0.1111111111111111,0.23463936301137822,0.5,24,12,9,4,False
syn-47-dense-003,47,dense,temporal_removed,"[""syn-47-dense-003-d021"", ""syn-47-dense-003-d009"", ""syn-47-dense-003-d002"", ""syn-47-dense-003-d013"", ""syn-47-dense-003-d001"", ""syn-47-dense-003-d014"", ""syn-47-dense-003-d022"", ""syn-47-dense-003-d012"", ""syn-47-dense-003-d000"", ""syn-47-dense-003-d023"", ""syn-47-dense-003-d010"", ""syn-47-dense-003-d011""]",0.3333333333333333,0.1111111111111111,0.23463936301137822,0.5,24,12,9,4,False
syn-47-dense-003,47,dense,context_removed,"[""syn-47-dense-003-d021"", ""syn-47-dense-003-d013"", ""syn-47-dense-003-d009"", ""syn-47-dense-003-d001"", ""syn-47-dense-003-d002"", ""syn-47-dense-003-d022"", ""syn-47-dense-003-d014"", ""syn-47-dense-003-d000"", ""syn-47-dense-003-d012"", ""syn-47-dense-003-d023"", ""syn-47-dense-003-d010"", ""syn-47-dense-003-d011""]",0.0,0.0,0.0,0.5,24,12,9,4,False
syn-47-dense-004,47,dense,full,"[""syn-47-dense-004-d001"", ""syn-47-dense-004-d009"", ""syn-47-dense-004-d022"", ""syn-47-dense-004-d020"", ""syn-47-dense-004-d010"", ""syn-47-dense-004-d023"", ""syn-47-dense-004-d000"", ""syn-47-dense-004-d021"", ""syn-47-dense-004-d008"", ""syn-47-dense-004-d011"", ""syn-47-dense-004-d013"", ""syn-47-dense-004-d012""]",0.6666666666666666,0.25,0.5307212739772434,0.5,24,12,8,2,False
syn-47-dense-004,47,dense,route_removed,"[""syn-47-dense-004-d022"", ""syn-47-dense-004-d009"", ""syn-47-dense-004-d020"", ""syn-47-dense-004-d001"", ""syn-47-dense-004-d023"", ""syn-47-dense-004-d010"", ""syn-47-dense-004-d011"", ""syn-47-dense-004-d000"", ""syn-47-dense-004-d008"", ""syn-47-dense-004-d021"", ""syn-47-dense-004-d013"", ""syn-47-dense-004-d012""]",1.0,0.375,1.0,0.5,24,12,8,2,False
syn-47-dense-004,47,dense,temporal_removed,"[""syn-47-dense-004-d001"", ""syn-47-dense-004-d009"", ""syn-47-dense-004-d022"", ""syn-47-dense-004-d020"", ""syn-47-dense-004-d000"", ""syn-47-dense-004-d010"", ""syn-47-dense-004-d023"", ""syn-47-dense-004-d021"", ""syn-47-dense-004-d008"", ""syn-47-dense-004-d011"", ""syn-47-dense-004-d013"", ""syn-47-dense-004-d012""]",0.6666666666666666,0.25,0.5307212739772434,0.5,24,12,8,2,False
syn-47-dense-004,47,dense,context_removed,"[""syn-47-dense-004-d001"", ""syn-47-dense-004-d009"", ""syn-47-dense-004-d022"", ""syn-47-dense-004-d020"", ""syn-47-dense-004-d010"", ""syn-47-dense-004-d023"", ""syn-47-dense-004-d000"", ""syn-47-dense-004-d021"", ""syn-47-dense-004-d008"", ""syn-47-dense-004-d011"", ""syn-47-dense-004-d013"", ""syn-47-dense-004-d012""]",0.6666666666666666,0.25,0.5307212739772434,0.5,24,12,8,2,False
syn-47-dense-005,47,dense,full,"[""syn-47-dense-005-d007"", ""syn-47-dense-005-d008"", ""syn-47-dense-005-d009"", ""syn-47-dense-005-d010"", ""syn-47-dense-005-d020"", ""syn-47-dense-005-d000"", ""syn-47-dense-005-d011"", ""syn-47-dense-005-d019"", ""syn-47-dense-005-d022"", ""syn-47-dense-005-d021"", ""syn-47-dense-005-d012"", ""syn-47-dense-005-d023""]",1.0,0.375,1.0,0.5,24,12,8,2,False
syn-47-dense-005,47,dense,route_removed,"[""syn-47-dense-005-d007"", ""syn-47-dense-005-d008"", ""syn-47-dense-005-d009"", ""syn-47-dense-005-d010"", ""syn-47-dense-005-d020"", ""syn-47-dense-005-d011"", ""syn-47-dense-005-d019"", ""syn-47-dense-005-d022"", ""syn-47-dense-005-d021"", ""syn-47-dense-005-d000"", ""syn-47-dense-005-d012"", ""syn-47-dense-005-d023""]",1.0,0.375,1.0,0.5,24,12,8,2,False
syn-47-dense-005,47,dense,temporal_removed,"[""syn-47-dense-005-d007"", ""syn-47-dense-005-d008"", ""syn-47-dense-005-d009"", ""syn-47-dense-005-d010"", ""syn-47-dense-005-d020"", ""syn-47-dense-005-d000"", ""syn-47-dense-005-d011"", ""syn-47-dense-005-d022"", ""syn-47-dense-005-d019"", ""syn-47-dense-005-d021"", ""syn-47-dense-005-d023"", ""syn-47-dense-005-d012""]",1.0,0.375,1.0,0.5,24,12,8,2,False
syn-47-dense-005,47,dense,context_removed,"[""syn-47-dense-005-d007"", ""syn-47-dense-005-d008"", ""syn-47-dense-005-d009"", ""syn-47-dense-005-d010"", ""syn-47-dense-005-d020"", ""syn-47-dense-005-d000"", ""syn-47-dense-005-d011"", ""syn-47-dense-005-d019"", ""syn-47-dense-005-d022"", ""syn-47-dense-005-d021"", ""syn-47-dense-005-d012"", ""syn-47-dense-005-d023""]",1.0,0.375,1.0,0.5,24,12,8,2,False
syn-47-dense-006,47,dense,full,"[""syn-47-dense-006-d020"", ""syn-47-dense-006-d019"", ""syn-47-dense-006-d021"", ""syn-47-dense-006-d023"", ""syn-47-dense-006-d010"", ""syn-47-dense-006-d006"", ""syn-47-dense-006-d007"", ""syn-47-dense-006-d009"", ""syn-47-dense-006-d008"", ""syn-47-dense-006-d011"", ""syn-47-dense-006-d022"", ""syn-47-dense-006-d018""]",0.3333333333333333,0.125,0.23463936301137822,0.5,24,12,8,4,False
syn-47-dense-006,47,dense,route_removed,"[""syn-47-dense-006-d010"", ""syn-47-dense-006-d021"", ""syn-47-dense-006-d006"", ""syn-47-dense-006-d020"", ""syn-47-dense-006-d023"", ""syn-47-dense-006-d019"", ""syn-47-dense-006-d009"", ""syn-47-dense-006-d008"", ""syn-47-dense-006-d007"", ""syn-47-dense-006-d011"", ""syn-47-dense-006-d022"", ""syn-47-dense-006-d018""]",0.6666666666666666,0.25,0.7653606369886217,0.5,24,12,8,4,False
syn-47-dense-006,47,dense,temporal_removed,"[""syn-47-dense-006-d020"", ""syn-47-dense-006-d019"", ""syn-47-dense-006-d021"", ""syn-47-dense-006-d023"", ""syn-47-dense-006-d007"", ""syn-47-dense-006-d010"", ""syn-47-dense-006-d006"", ""syn-47-dense-006-d009"", ""syn-47-dense-006-d011"", ""syn-47-dense-006-d008"", ""syn-47-dense-006-d022"", ""syn-47-dense-006-d018""]",0.3333333333333333,0.125,0.23463936301137822,0.5,24,12,8,4,False
syn-47-dense-006,47,dense,context_removed,"[""syn-47-dense-006-d020"", ""syn-47-dense-006-d019"", ""syn-47-dense-006-d021"", ""syn-47-dense-006-d023"", ""syn-47-dense-006-d010"", ""syn-47-dense-006-d006"", ""syn-47-dense-006-d007"", ""syn-47-dense-006-d009"", ""syn-47-dense-006-d008"", ""syn-47-dense-006-d011"", ""syn-47-dense-006-d022"", ""syn-47-dense-006-d018""]",0.3333333333333333,0.125,0.23463936301137822,0.5,24,12,8,4,False
syn-47-dense-007,47,dense,full,"[""syn-47-dense-007-d022"", ""syn-47-dense-007-d021"", ""syn-47-dense-007-d005"", ""syn-47-dense-007-d007"", ""syn-47-dense-007-d020"", ""syn-47-dense-007-d018"", ""syn-47-dense-007-d017"", ""syn-47-dense-007-d019"", ""syn-47-dense-007-d010"", ""syn-47-dense-007-d008"", ""syn-47-dense-007-d006"", ""syn-47-dense-007-d009""]",1.0,0.23076923076923078,1.0,0.5,24,12,13,4,False
syn-47-dense-007,47,dense,route_removed,"[""syn-47-dense-007-d022"", ""syn-47-dense-007-d020"", ""syn-47-dense-007-d005"", ""syn-47-dense-007-d007"", ""syn-47-dense-007-d021"", ""syn-47-dense-007-d018"", ""syn-47-dense-007-d017"", ""syn-47-dense-007-d008"", ""syn-47-dense-007-d006"", ""syn-47-dense-007-d010"", ""syn-47-dense-007-d019"", ""syn-47-dense-007-d009""]",1.0,0.23076923076923078,1.0,0.5,24,12,13,4,False
syn-47-dense-007,47,dense,temporal_removed,"[""syn-47-dense-007-d022"", ""syn-47-dense-007-d021"", ""syn-47-dense-007-d005"", ""syn-47-dense-007-d007"", ""syn-47-dense-007-d018"", ""syn-47-dense-007-d020"", ""syn-47-dense-007-d010"", ""syn-47-dense-007-d019"", ""syn-47-dense-007-d017"", ""syn-47-dense-007-d008"", ""syn-47-dense-007-d006"", ""syn-47-dense-007-d009""]",1.0,0.23076923076923078,1.0,0.5,24,12,13,4,False
syn-47-dense-007,47,dense,context_removed,"[""syn-47-dense-007-d022"", ""syn-47-dense-007-d021"", ""syn-47-dense-007-d005"", ""syn-47-dense-007-d007"", ""syn-47-dense-007-d020"", ""syn-47-dense-007-d018"", ""syn-47-dense-007-d017"", ""syn-47-dense-007-d019"", ""syn-47-dense-007-d010"", ""syn-47-dense-007-d008"", ""syn-47-dense-007-d006"", ""syn-47-dense-007-d009""]",1.0,0.23076923076923078,1.0,0.5,24,12,13,4,False
syn-47-dense-008,47,dense,full,"[""syn-47-dense-008-d004"", ""syn-47-dense-008-d019"", ""syn-47-dense-008-d009"", ""syn-47-dense-008-d018"", ""syn-47-dense-008-d006"", ""syn-47-dense-008-d007"", ""syn-47-dense-008-d017"", ""syn-47-dense-008-d020"", ""syn-47-dense-008-d016"", ""syn-47-dense-008-d005"", ""syn-47-dense-008-d021"", ""syn-47-dense-008-d008""]",0.6666666666666666,0.5,0.7039180890341347,0.5,24,12,4,2,False
syn-47-dense-008,47,dense,route_removed,"[""syn-47-dense-008-d004"", ""syn-47-dense-008-d006"", ""syn-47-dense-008-d017"", ""syn-47-dense-008-d009"", ""syn-47-dense-008-d018"", ""syn-47-dense-008-d019"", ""syn-47-dense-008-d007"", ""syn-47-dense-008-d005"", ""syn-47-dense-008-d020"", ""syn-47-dense-008-d021"", ""syn-47-dense-008-d008"", ""syn-47-dense-008-d016""]",0.3333333333333333,0.25,0.46927872602275644,0.5,24,12,4,2,False
syn-47-dense-008,47,dense,temporal_removed,"[""syn-47-dense-008-d004"", ""syn-47-dense-008-d019"", ""syn-47-dense-008-d009"", ""syn-47-dense-008-d018"", ""syn-47-dense-008-d007"", ""syn-47-dense-008-d006"", ""syn-47-dense-008-d020"", ""syn-47-dense-008-d017"", ""syn-47-dense-008-d016"", ""syn-47-dense-008-d008"", ""syn-47-dense-008-d005"", ""syn-47-dense-008-d021""]",0.6666666666666666,0.5,0.7039180890341347,0.5,24,12,4,2,False
syn-47-dense-008,47,dense,context_removed,"[""syn-47-dense-008-d004"", ""syn-47-dense-008-d019"", ""syn-47-dense-008-d009"", ""syn-47-dense-008-d018"", ""syn-47-dense-008-d006"", ""syn-47-dense-008-d007"", ""syn-47-dense-008-d017"", ""syn-47-dense-008-d020"", ""syn-47-dense-008-d016"", ""syn-47-dense-008-d005"", ""syn-47-dense-008-d021"", ""syn-47-dense-008-d008""]",0.6666666666666666,0.5,0.7039180890341347,0.5,24,12,4,2,False
syn-47-dense-009,47,dense,full,"[""syn-47-dense-009-d020"", ""syn-47-dense-009-d016"", ""syn-47-dense-009-d003"", ""syn-47-dense-009-d005"", ""syn-47-dense-009-d017"", ""syn-47-dense-009-d004"", ""syn-47-dense-009-d018"", ""syn-47-dense-009-d008"", ""syn-47-dense-009-d019"", ""syn-47-dense-009-d015"", ""syn-47-dense-009-d007"", ""syn-47-dense-009-d006""]",0.6666666666666666,0.16666666666666666,0.7653606369886217,0.5,24,12,12,5,False
syn-47-dense-009,47,dense,route_removed,"[""syn-47-dense-009-d020"", ""syn-47-dense-009-d016"", ""syn-47-dense-009-d005"", ""syn-47-dense-009-d003"", ""syn-47-dense-009-d017"", ""syn-47-dense-009-d015"", ""syn-47-dense-009-d019"", ""syn-47-dense-009-d018"", ""syn-47-dense-009-d008"", ""syn-47-dense-009-d004"", ""syn-47-dense-009-d007"", ""syn-47-dense-009-d006""]",0.6666666666666666,0.16666666666666666,0.7653606369886217,0.5,24,12,12,5,False
syn-47-dense-009,47,dense,temporal_removed,"[""syn-47-dense-009-d016"", ""syn-47-dense-009-d020"", ""syn-47-dense-009-d003"", ""syn-47-dense-009-d005"", ""syn-47-dense-009-d017"", ""syn-47-dense-009-d018"", ""syn-47-dense-009-d008"", ""syn-47-dense-009-d019"", ""syn-47-dense-009-d004"", ""syn-47-dense-009-d015"", ""syn-47-dense-009-d007"", ""syn-47-dense-009-d006""]",0.6666666666666666,0.16666666666666666,0.7653606369886217,0.5,24,12,12,5,False
syn-47-dense-009,47,dense,context_removed,"[""syn-47-dense-009-d020"", ""syn-47-dense-009-d016"", ""syn-47-dense-009-d003"", ""syn-47-dense-009-d005"", ""syn-47-dense-009-d017"", ""syn-47-dense-009-d004"", ""syn-47-dense-009-d018"", ""syn-47-dense-009-d008"", ""syn-47-dense-009-d019"", ""syn-47-dense-009-d015"", ""syn-47-dense-009-d007"", ""syn-47-dense-009-d006""]",0.6666666666666666,0.16666666666666666,0.7653606369886217,0.5,24,12,12,5,False
syn-47-dense-010,47,dense,full,"[""syn-47-dense-010-d006"", ""syn-47-dense-010-d005"", ""syn-47-dense-010-d015"", ""syn-47-dense-010-d002"", ""syn-47-dense-010-d019"", ""syn-47-dense-010-d014"", ""syn-47-dense-010-d016"", ""syn-47-dense-010-d007"", ""syn-47-dense-010-d003"", ""syn-47-dense-010-d017"", ""syn-47-dense-010-d018"", ""syn-47-dense-010-d004""]",0.0,,,0.5,24,12,0,0,True
syn-47-dense-010,47,dense,route_removed,"[""syn-47-dense-010-d006"", ""syn-47-dense-010-d015"", ""syn-47-dense-010-d005"", ""syn-47-dense-010-d019"", ""syn-47-dense-010-d014"", ""syn-47-dense-010-d002"", ""syn-47-dense-010-d016"", ""syn-47-dense-010-d003"", ""syn-47-dense-010-d018"", ""syn-47-dense-010-d017"", ""syn-47-dense-010-d007"", ""syn-47-dense-010-d004""]",0.0,,,0.5,24,12,0,0,True
syn-47-dense-010,47,dense,temporal_removed,"[""syn-47-dense-010-d005"", ""syn-47-dense-010-d006"", ""syn-47-dense-010-d015"", ""syn-47-dense-010-d019"", ""syn-47-dense-010-d002"", ""syn-47-dense-010-d014"", ""syn-47-dense-010-d016"", ""syn-47-dense-010-d007"", ""syn-47-dense-010-d017"", ""syn-47-dense-010-d018"", ""syn-47-dense-010-d003"", ""syn-47-dense-010-d004""]",0.0,,,0.5,24,12,0,0,True
syn-47-dense-010,47,dense,context_removed,"[""syn-47-dense-010-d006"", ""syn-47-dense-010-d005"", ""syn-47-dense-010-d015"", ""syn-47-dense-010-d002"", ""syn-47-dense-010-d019"", ""syn-47-dense-010-d014"", ""syn-47-dense-010-d016"", ""syn-47-dense-010-d007"", ""syn-47-dense-010-d003"", ""syn-47-dense-010-d017"", ""syn-47-dense-010-d018"", ""syn-47-dense-010-d004""]",0.0,,,0.5,24,12,0,0,True
syn-47-dense-011,47,dense,full,"[""syn-47-dense-011-d015"", ""syn-47-dense-011-d018"", ""syn-47-dense-011-d002"", ""syn-47-dense-011-d006"", ""syn-47-dense-011-d001"", ""syn-47-dense-011-d005"", ""syn-47-dense-011-d013"", ""syn-47-dense-011-d016"", ""syn-47-dense-011-d014"", ""syn-47-dense-011-d017"", ""syn-47-dense-011-d004"", ""syn-47-dense-011-d003""]",0.0,0.0,0.0,0.5,24,12,8,5,False
syn-47-dense-011,47,dense,route_removed,"[""syn-47-dense-011-d015"", ""syn-47-dense-011-d018"", ""syn-47-dense-011-d002"", ""syn-47-dense-011-d017"", ""syn-47-dense-011-d006"", ""syn-47-dense-011-d001"", ""syn-47-dense-011-d005"", ""syn-47-dense-011-d004"", ""syn-47-dense-011-d013"", ""syn-47-dense-011-d003"", ""syn-47-dense-011-d016"", ""syn-47-dense-011-d014""]",0.0,0.0,0.0,0.5,24,12,8,5,False
syn-47-dense-011,47,dense,temporal_removed,"[""syn-47-dense-011-d015"", ""syn-47-dense-011-d018"", ""syn-47-dense-011-d002"", ""syn-47-dense-011-d005"", ""syn-47-dense-011-d001"", ""syn-47-dense-011-d006"", ""syn-47-dense-011-d013"", ""syn-47-dense-011-d016"", ""syn-47-dense-011-d014"", ""syn-47-dense-011-d017"", ""syn-47-dense-011-d004"", ""syn-47-dense-011-d003""]",0.0,0.0,0.0,0.5,24,12,8,5,False
syn-47-dense-011,47,dense,context_removed,"[""syn-47-dense-011-d015"", ""syn-47-dense-011-d018"", ""syn-47-dense-011-d002"", ""syn-47-dense-011-d006"", ""syn-47-dense-011-d001"", ""syn-47-dense-011-d005"", ""syn-47-dense-011-d013"", ""syn-47-dense-011-d016"", ""syn-47-dense-011-d014"", ""syn-47-dense-011-d017"", ""syn-47-dense-011-d004"", ""syn-47-dense-011-d003""]",0.0,0.0,0.0,0.5,24,12,8,5,False
syn-47-dense-012,47,dense,full,"[""syn-47-dense-012-d012"", ""syn-47-dense-012-d017"", ""syn-47-dense-012-d000"", ""syn-47-dense-012-d004"", ""syn-47-dense-012-d001"", ""syn-47-dense-012-d014"", ""syn-47-dense-012-d015"", ""syn-47-dense-012-d013"", ""syn-47-dense-012-d005"", ""syn-47-dense-012-d016"", ""syn-47-dense-012-d003"", ""syn-47-dense-012-d002""]",0.6666666666666666,1.0,0.6934264036172708,0.5,24,12,2,0,False
syn-47-dense-012,47,dense,route_removed,"[""syn-47-dense-012-d012"", ""syn-47-dense-012-d017"", ""syn-47-dense-012-d000"", ""syn-47-dense-012-d004"", ""syn-47-dense-012-d016"", ""syn-47-dense-012-d013"", ""syn-47-dense-012-d001"", ""syn-47-dense-012-d014"", ""syn-47-dense-012-d015"", ""syn-47-dense-012-d005"", ""syn-47-dense-012-d003"", ""syn-47-dense-012-d002""]",0.6666666666666666,1.0,0.6934264036172708,0.5,24,12,2,0,False
syn-47-dense-012,47,dense,temporal_removed,"[""syn-47-dense-012-d012"", ""syn-47-dense-012-d017"", ""syn-47-dense-012-d000"", ""syn-47-dense-012-d004"", ""syn-47-dense-012-d001"", ""syn-47-dense-012-d015"", ""syn-47-dense-012-d014"", ""syn-47-dense-012-d005"", ""syn-47-dense-012-d013"", ""syn-47-dense-012-d002"", ""syn-47-dense-012-d003"", ""syn-47-dense-012-d016""]",0.6666666666666666,1.0,0.6934264036172708,0.5,24,12,2,0,False
syn-47-dense-012,47,dense,context_removed,"[""syn-47-dense-012-d012"", ""syn-47-dense-012-d017"", ""syn-47-dense-012-d000"", ""syn-47-dense-012-d004"", ""syn-47-dense-012-d001"", ""syn-47-dense-012-d014"", ""syn-47-dense-012-d015"", ""syn-47-dense-012-d013"", ""syn-47-dense-012-d005"", ""syn-47-dense-012-d016"", ""syn-47-dense-012-d003"", ""syn-47-dense-012-d002""]",0.6666666666666666,1.0,0.6934264036172708,0.5,24,12,2,0,False
syn-47-dense-013,47,dense,full,"[""syn-47-dense-013-d003"", ""syn-47-dense-013-d015"", ""syn-47-dense-013-d012"", ""syn-47-dense-013-d016"", ""syn-47-dense-013-d011"", ""syn-47-dense-013-d023"", ""syn-47-dense-013-d002"", ""syn-47-dense-013-d014"", ""syn-47-dense-013-d000"", ""syn-47-dense-013-d013"", ""syn-47-dense-013-d004"", ""syn-47-dense-013-d001""]",1.0,0.2727272727272727,1.0,0.5,24,12,11,1,False
syn-47-dense-013,47,dense,route_removed,"[""syn-47-dense-013-d003"", ""syn-47-dense-013-d002"", ""syn-47-dense-013-d011"", ""syn-47-dense-013-d015"", ""syn-47-dense-013-d023"", ""syn-47-dense-013-d016"", ""syn-47-dense-013-d012"", ""syn-47-dense-013-d014"", ""syn-47-dense-013-d000"", ""syn-47-dense-013-d004"", ""syn-47-dense-013-d013"", ""syn-47-dense-013-d001""]",1.0,0.2727272727272727,1.0,0.5,24,12,11,1,False
syn-47-dense-013,47,dense,temporal_removed,"[""syn-47-dense-013-d015"", ""syn-47-dense-013-d003"", ""syn-47-dense-013-d012"", ""syn-47-dense-013-d011"", ""syn-47-dense-013-d016"", ""syn-47-dense-013-d023"", ""syn-47-dense-013-d002"", ""syn-47-dense-013-d014"", ""syn-47-dense-013-d000"", ""syn-47-dense-013-d004"", ""syn-47-dense-013-d013"", ""syn-47-dense-013-d001""]",1.0,0.2727272727272727,1.0,0.5,24,12,11,1,False
syn-47-dense-013,47,dense,context_removed,"[""syn-47-dense-013-d003"", ""syn-47-dense-013-d015"", ""syn-47-dense-013-d012"", ""syn-47-dense-013-d016"", ""syn-47-dense-013-d011"", ""syn-47-dense-013-d023"", ""syn-47-dense-013-d002"", ""syn-47-dense-013-d014"", ""syn-47-dense-013-d000"", ""syn-47-dense-013-d013"", ""syn-47-dense-013-d004"", ""syn-47-dense-013-d001""]",1.0,0.2727272727272727,1.0,0.5,24,12,11,1,False
syn-47-dense-014,47,dense,full,"[""syn-47-dense-014-d001"", ""syn-47-dense-014-d012"", ""syn-47-dense-014-d010"", ""syn-47-dense-014-d011"", ""syn-47-dense-014-d022"", ""syn-47-dense-014-d014"", ""syn-47-dense-014-d013"", ""syn-47-dense-014-d015"", ""syn-47-dense-014-d023"", ""syn-47-dense-014-d003"", ""syn-47-dense-014-d000"", ""syn-47-dense-014-d002""]",1.0,0.2727272727272727,1.0,0.5,24,12,11,3,False
syn-47-dense-014,47,dense,route_removed,"[""syn-47-dense-014-d001"", ""syn-47-dense-014-d012"", ""syn-47-dense-014-d010"", ""syn-47-dense-014-d011"", ""syn-47-dense-014-d013"", ""syn-47-dense-014-d022"", ""syn-47-dense-014-d023"", ""syn-47-dense-014-d003"", ""syn-47-dense-014-d014"", ""syn-47-dense-014-d000"", ""syn-47-dense-014-d002"", ""syn-47-dense-014-d015""]",1.0,0.2727272727272727,1.0,0.5,24,12,11,3,False
syn-47-dense-014,47,dense,temporal_removed,"[""syn-47-dense-014-d010"", ""syn-47-dense-014-d012"", ""syn-47-dense-014-d001"", ""syn-47-dense-014-d011"", ""syn-47-dense-014-d022"", ""syn-47-dense-014-d023"", ""syn-47-dense-014-d014"", ""syn-47-dense-014-d015"", ""syn-47-dense-014-d013"", ""syn-47-dense-014-d000"", ""syn-47-dense-014-d003"", ""syn-47-dense-014-d002""]",1.0,0.2727272727272727,1.0,0.5,24,12,11,3,False
syn-47-dense-014,47,dense,context_removed,"[""syn-47-dense-014-d001"", ""syn-47-dense-014-d012"", ""syn-47-dense-014-d010"", ""syn-47-dense-014-d011"", ""syn-47-dense-014-d022"", ""syn-47-dense-014-d014"", ""syn-47-dense-014-d013"", ""syn-47-dense-014-d015"", ""syn-47-dense-014-d023"", ""syn-47-dense-014-d003"", ""syn-47-dense-014-d000"", ""syn-47-dense-014-d002""]",1.0,0.2727272727272727,1.0,0.5,24,12,11,3,False
syn-47-dense-015,47,dense,full,"[""syn-47-dense-015-d021"", ""syn-47-dense-015-d014"", ""syn-47-dense-015-d022"", ""syn-47-dense-015-d023"", ""syn-47-dense-015-d009"", ""syn-47-dense-015-d010"", ""syn-47-dense-015-d002"", ""syn-47-dense-015-d001"", ""syn-47-dense-015-d011"", ""syn-47-dense-015-d012"", ""syn-47-dense-015-d013"", ""syn-47-dense-015-d000""]",0.0,0.0,0.0,0.5,24,12,6,4,False
syn-47-dense-015,47,dense,route_removed,"[""syn-47-dense-015-d021"", ""syn-47-dense-015-d022"", ""syn-47-dense-015-d014"", ""syn-47-dense-015-d023"", ""syn-47-dense-015-d009"", ""syn-47-dense-015-d010"", ""syn-47-dense-015-d002"", ""syn-47-dense-015-d001"", ""syn-47-dense-015-d011"", ""syn-47-dense-015-d013"", ""syn-47-dense-015-d000"", ""syn-47-dense-015-d012""]",0.0,0.0,0.0,0.5,24,12,6,4,False
syn-47-dense-015,47,dense,temporal_removed,"[""syn-47-dense-015-d014"", ""syn-47-dense-015-d021"", ""syn-47-dense-015-d022"", ""syn-47-dense-015-d023"", ""syn-47-dense-015-d009"", ""syn-47-dense-015-d010"", ""syn-47-dense-015-d011"", ""syn-47-dense-015-d002"", ""syn-47-dense-015-d001"", ""syn-47-dense-015-d012"", ""syn-47-dense-015-d013"", ""syn-47-dense-015-d000""]",0.0,0.0,0.0,0.5,24,12,6,4,False
syn-47-dense-015,47,dense,context_removed,"[""syn-47-dense-015-d021"", ""syn-47-dense-015-d014"", ""syn-47-dense-015-d022"", ""syn-47-dense-015-d023"", ""syn-47-dense-015-d009"", ""syn-47-dense-015-d010"", ""syn-47-dense-015-d002"", ""syn-47-dense-015-d001"", ""syn-47-dense-015-d011"", ""syn-47-dense-015-d012"", ""syn-47-dense-015-d013"", ""syn-47-dense-015-d000""]",0.0,0.0,0.0,0.5,24,12,6,4,False
syn-47-dense-016,47,dense,full,"[""syn-47-dense-016-d013"", ""syn-47-dense-016-d009"", ""syn-47-dense-016-d020"", ""syn-47-dense-016-d023"", ""syn-47-dense-016-d000"", ""syn-47-dense-016-d001"", ""syn-47-dense-016-d022"", ""syn-47-dense-016-d021"", ""syn-47-dense-016-d011"", ""syn-47-dense-016-d008"", ""syn-47-dense-016-d012"", ""syn-47-dense-016-d010""]",1.0,0.3,1.0,0.5,24,12,10,2,False
syn-47-dense-016,47,dense,route_removed,"[""syn-47-dense-016-d013"", ""syn-47-dense-016-d009"", ""syn-47-dense-016-d001"", ""syn-47-dense-016-d020"", ""syn-47-dense-016-d023"", ""syn-47-dense-016-d000"", ""syn-47-dense-016-d022"", ""syn-47-dense-016-d021"", ""syn-47-dense-016-d008"", ""syn-47-dense-016-d011"", ""syn-47-dense-016-d012"", ""syn-47-dense-016-d010""]",1.0,0.3,1.0,0.5,24,12,10,2,False
syn-47-dense-016,47,dense,temporal_removed,"[""syn-47-dense-016-d009"", ""syn-47-dense-016-d013"", ""syn-47-dense-016-d020"", ""syn-47-dense-016-d023"", ""syn-47-dense-016-d000"", ""syn-47-dense-016-d021"", ""syn-47-dense-016-d022"", ""syn-47-dense-016-d001"", ""syn-47-dense-016-d011"", ""syn-47-dense-016-d008"", ""syn-47-dense-016-d012"", ""syn-47-dense-016-d010""]",1.0,0.3,1.0,0.5,24,12,10,2,False
syn-47-dense-016,47,dense,context_removed,"[""syn-47-dense-016-d013"", ""syn-47-dense-016-d009"", ""syn-47-dense-016-d020"", ""syn-47-dense-016-d023"", ""syn-47-dense-016-d000"", ""syn-47-dense-016-d001"", ""syn-47-dense-016-d022"", ""syn-47-dense-016-d021"", ""syn-47-dense-016-d011"", ""syn-47-dense-016-d008"", ""syn-47-dense-016-d012"", ""syn-47-dense-016-d010""]",1.0,0.3,1.0,0.5,24,12,10,2,False
syn-47-dense-017,47,dense,full,"[""syn-47-dense-017-d022"", ""syn-47-dense-017-d008"", ""syn-47-dense-017-d007"", ""syn-47-dense-017-d011"", ""syn-47-dense-017-d023"", ""syn-47-dense-017-d019"", ""syn-47-dense-017-d021"", ""syn-47-dense-017-d009"", ""syn-47-dense-017-d000"", ""syn-47-dense-017-d012"", ""syn-47-dense-017-d010"", ""syn-47-dense-017-d020""]",0.3333333333333333,0.16666666666666666,0.46927872602275644,0.5,24,12,6,2,False
syn-47-dense-017,47,dense,route_removed,"[""syn-47-dense-017-d022"", ""syn-47-dense-017-d008"", ""syn-47-dense-017-d023"", ""syn-47-dense-017-d011"", ""syn-47-dense-017-d000"", ""syn-47-dense-017-d007"", ""syn-47-dense-017-d019"", ""syn-47-dense-017-d009"", ""syn-47-dense-017-d021"", ""syn-47-dense-017-d010"", ""syn-47-dense-017-d020"", ""syn-47-dense-017-d012""]",0.3333333333333333,0.16666666666666666,0.46927872602275644,0.5,24,12,6,2,False
syn-47-dense-017,47,dense,temporal_removed,"[""syn-47-dense-017-d022"", ""syn-47-dense-017-d008"", ""syn-47-dense-017-d007"", ""syn-47-dense-017-d023"", ""syn-47-dense-017-d011"", ""syn-47-dense-017-d019"", ""syn-47-dense-017-d021"", ""syn-47-dense-017-d009"", ""syn-47-dense-017-d000"", ""syn-47-dense-017-d012"", ""syn-47-dense-017-d010"", ""syn-47-dense-017-d020""]",0.3333333333333333,0.16666666666666666,0.46927872602275644,0.5,24,12,6,2,False
syn-47-dense-017,47,dense,context_removed,"[""syn-47-dense-017-d022"", ""syn-47-dense-017-d008"", ""syn-47-dense-017-d007"", ""syn-47-dense-017-d011"", ""syn-47-dense-017-d023"", ""syn-47-dense-017-d019"", ""syn-47-dense-017-d021"", ""syn-47-dense-017-d009"", ""syn-47-dense-017-d000"", ""syn-47-dense-017-d012"", ""syn-47-dense-017-d010"", ""syn-47-dense-017-d020""]",0.3333333333333333,0.16666666666666666,0.46927872602275644,0.5,24,12,6,2,False
syn-47-dense-018,47,dense,full,"[""syn-47-dense-018-d023"", ""syn-47-dense-018-d009"", ""syn-47-dense-018-d011"", ""syn-47-dense-018-d006"", ""syn-47-dense-018-d019"", ""syn-47-dense-018-d018"", ""syn-47-dense-018-d007"", ""syn-47-dense-018-d020"", ""syn-47-dense-018-d008"", ""syn-47-dense-018-d022"", ""syn-47-dense-018-d010"", ""syn-47-dense-018-d021""]",0.6666666666666666,0.16666666666666666,0.7039180890341347,0.5,24,12,12,3,False
syn-47-dense-018,47,dense,route_removed,"[""syn-47-dense-018-d023"", ""syn-47-dense-018-d006"", ""syn-47-dense-018-d020"", ""syn-47-dense-018-d019"", ""syn-47-dense-018-d011"", ""syn-47-dense-018-d009"", ""syn-47-dense-018-d018"", ""syn-47-dense-018-d022"", ""syn-47-dense-018-d021"", ""syn-47-dense-018-d007"", ""syn-47-dense-018-d010"", ""syn-47-dense-018-d008""]",1.0,0.25,1.0,0.5,24,12,12,3,False
syn-47-dense-018,47,dense,temporal_removed,"[""syn-47-dense-018-d023"", ""syn-47-dense-018-d009"", ""syn-47-dense-018-d011"", ""syn-47-dense-018-d006"", ""syn-47-dense-018-d019"", ""syn-47-dense-018-d007"", ""syn-47-dense-018-d018"", ""syn-47-dense-018-d020"", ""syn-47-dense-018-d008"", ""syn-47-dense-018-d010"", ""syn-47-dense-018-d022"", ""syn-47-dense-018-d021""]",0.6666666666666666,0.16666666666666666,0.7039180890341347,0.5,24,12,12,3,False
syn-47-dense-018,47,dense,context_removed,"[""syn-47-dense-018-d023"", ""syn-47-dense-018-d009"", ""syn-47-dense-018-d011"", ""syn-47-dense-018-d006"", ""syn-47-dense-018-d019"", ""syn-47-dense-018-d018"", ""syn-47-dense-018-d007"", ""syn-47-dense-018-d020"", ""syn-47-dense-018-d008"", ""syn-47-dense-018-d022"", ""syn-47-dense-018-d010"", ""syn-47-dense-018-d021""]",0.6666666666666666,0.16666666666666666,0.7039180890341347,0.5,24,12,12,3,False
syn-47-dense-019,47,dense,full,"[""syn-47-dense-019-d020"", ""syn-47-dense-019-d006"", ""syn-47-dense-019-d010"", ""syn-47-dense-019-d019"", ""syn-47-dense-019-d008"", ""syn-47-dense-019-d005"", ""syn-47-dense-019-d022"", ""syn-47-dense-019-d021"", ""syn-47-dense-019-d009"", ""syn-47-dense-019-d018"", ""syn-47-dense-019-d017"", ""syn-47-dense-019-d007""]",1.0,0.3,1.0,0.5,24,12,10,3,False
syn-47-dense-019,47,dense,route_removed,"[""syn-47-dense-019-d020"", ""syn-47-dense-019-d019"", ""syn-47-dense-019-d006"", ""syn-47-dense-019-d010"", ""syn-47-dense-019-d008"", ""syn-47-dense-019-d005"", ""syn-47-dense-019-d009"", ""syn-47-dense-019-d022"", ""syn-47-dense-019-d021"", ""syn-47-dense-019-d018"", ""syn-47-dense-019-d017"", ""syn-47-dense-019-d007""]",1.0,0.3,1.0,0.5,24,12,10,3,False
syn-47-dense-019,47,dense,temporal_removed,"[""syn-47-dense-019-d020"", ""syn-47-dense-019-d006"", ""syn-47-dense-019-d010"", ""syn-47-dense-019-d008"", ""syn-47-dense-019-d019"", ""syn-47-dense-019-d005"", ""syn-47-dense-019-d022"", ""syn-47-dense-019-d021"", ""syn-47-dense-019-d009"", ""syn-47-dense-019-d017"", ""syn-47-dense-019-d018"", ""syn-47-dense-019-d007""]",1.0,0.3,1.0,0.5,24,12,10,3,False
syn-47-dense-019,47,dense,context_removed,"[""syn-47-dense-019-d020"", ""syn-47-dense-019-d006"", ""syn-47-dense-019-d010"", ""syn-47-dense-019-d019"", ""syn-47-dense-019-d008"", ""syn-47-dense-019-d005"", ""syn-47-dense-019-d022"", ""syn-47-dense-019-d021"", ""syn-47-dense-019-d009"", ""syn-47-dense-019-d018"", ""syn-47-dense-019-d017"", ""syn-47-dense-019-d007""]",1.0,0.3,1.0,0.5,24,12,10,3,False
