query_id,seed,scenario,provider,condition,ranking,precision_at_k,recall_at_k,ndcg_at_k,coverage,candidate_count,eligible_count,relevant_count,relevant_lost_to_filter,zero_relevant,eligible_coverage_original,eligible_coverage_available,retrieval_recall_available,eligible_retention_vs_control,newly_eligible,top3_overlap_vs_control,relevant_lost_availability,relevant_lost_hard_filter,rejection_reason_changes_intersecting,available_count,original_pool_count,not_evaluated
syn-11-thin-000,11,thin,full,control,"[""syn-11-thin-000-d000"", ""syn-11-thin-000-d002"", ""syn-11-thin-000-d003"", ""syn-11-thin-000-d001""]",0.0,,,1.0,4,4,0,0,True,1.0,1.0,1.0,1.0,0,0.75,0,0,0,4,4,False
syn-11-thin-000,11,thin,full,endpoints_100m,"[""syn-11-thin-000-d000"", ""syn-11-thin-000-d002"", ""syn-11-thin-000-d003"", ""syn-11-thin-000-d001""]",0.0,,,1.0,4,4,0,0,True,1.0,1.0,1.0,1.0,0,0.75,0,0,0,4,4,False
syn-11-thin-000,11,thin,full,route_100m,"[""syn-11-thin-000-d000"", ""syn-11-thin-000-d002"", ""syn-11-thin-000-d003"", ""syn-11-thin-000-d001""]",0.0,,,1.0,4,4,0,0,True,1.0,1.0,1.0,1.0,0,0.75,0,0,0,4,4,False
syn-11-thin-000,11,thin,full,departure_5min,"[""syn-11-thin-000-d000"", ""syn-11-thin-000-d002"", ""syn-11-thin-000-d003"", ""syn-11-thin-000-d001""]",0.0,,,1.0,4,4,0,0,True,1.0,1.0,1.0,1.0,0,0.75,0,0,0,4,4,False
syn-11-thin-000,11,thin,full,availability_25pct,"[""syn-11-thin-000-d002"", ""syn-11-thin-000-d003"", ""syn-11-thin-000-d001""]",0.0,,,0.75,4,3,0,0,True,0.75,1.0,1.0,0.75,0,0.75,0,0,0,3,4,False
syn-11-thin-001,11,thin,full,control,"[""syn-11-thin-001-d002"", ""syn-11-thin-001-d003"", ""syn-11-thin-001-d000"", ""syn-11-thin-001-d001""]",0.0,,,1.0,4,4,0,0,True,1.0,1.0,1.0,1.0,0,0.75,0,0,0,4,4,False
syn-11-thin-001,11,thin,full,endpoints_100m,"[""syn-11-thin-001-d002"", ""syn-11-thin-001-d003"", ""syn-11-thin-001-d000"", ""syn-11-thin-001-d001""]",0.0,,,1.0,4,4,0,0,True,1.0,1.0,1.0,1.0,0,0.75,0,0,0,4,4,False
syn-11-thin-001,11,thin,full,route_100m,"[""syn-11-thin-001-d002"", ""syn-11-thin-001-d003"", ""syn-11-thin-001-d000"", ""syn-11-thin-001-d001""]",0.0,,,1.0,4,4,0,0,True,1.0,1.0,1.0,1.0,0,0.75,0,0,0,4,4,False
syn-11-thin-001,11,thin,full,departure_5min,"[""syn-11-thin-001-d002"", ""syn-11-thin-001-d003"", ""syn-11-thin-001-d000"", ""syn-11-thin-001-d001""]",0.0,,,1.0,4,4,0,0,True,1.0,1.0,1.0,1.0,0,0.75,0,0,0,4,4,False
syn-11-thin-001,11,thin,full,availability_25pct,"[""syn-11-thin-001-d002"", ""syn-11-thin-001-d001""]",0.0,,,0.5,4,2,0,0,True,0.5,1.0,1.0,0.5,0,0.5,0,0,0,2,4,False
syn-11-thin-002,11,thin,full,control,"[""syn-11-thin-002-d000"", ""syn-11-thin-002-d001"", ""syn-11-thin-002-d002"", ""syn-11-thin-002-d003""]",0.3333333333333333,1.0,1.0,1.0,4,4,1,0,False,1.0,1.0,1.0,1.0,0,0.75,0,0,0,4,4,False
syn-11-thin-002,11,thin,full,endpoints_100m,"[""syn-11-thin-002-d000"", ""syn-11-thin-002-d001"", ""syn-11-thin-002-d002"", ""syn-11-thin-002-d003""]",0.3333333333333333,1.0,1.0,1.0,4,4,1,0,False,1.0,1.0,1.0,1.0,0,0.75,0,0,0,4,4,False
syn-11-thin-002,11,thin,full,route_100m,"[""syn-11-thin-002-d000"", ""syn-11-thin-002-d001"", ""syn-11-thin-002-d002"", ""syn-11-thin-002-d003""]",0.3333333333333333,1.0,1.0,1.0,4,4,1,0,False,1.0,1.0,1.0,1.0,0,0.75,0,0,0,4,4,False
syn-11-thin-002,11,thin,full,departure_5min,"[""syn-11-thin-002-d000"", ""syn-11-thin-002-d001"", ""syn-11-thin-002-d002"", ""syn-11-thin-002-d003""]",0.3333333333333333,1.0,1.0,1.0,4,4,1,0,False,1.0,1.0,1.0,1.0,0,0.75,0,0,0,4,4,False
syn-11-thin-002,11,thin,full,availability_25pct,"[""syn-11-thin-002-d001"", ""syn-11-thin-002-d003""]",0.0,0.0,0.0,0.5,4,2,1,0,False,0.5,1.0,1.0,0.5,0,0.5,1,0,0,2,4,False
syn-11-thin-003,11,thin,full,control,"[""syn-11-thin-003-d002"", ""syn-11-thin-003-d001"", ""syn-11-thin-003-d000""]",0.6666666666666666,1.0,0.6934264036172708,0.75,4,3,2,0,False,0.75,0.75,1.0,1.0,0,1.0,0,0,0,4,4,False
syn-11-thin-003,11,thin,full,endpoints_100m,"[""syn-11-thin-003-d002"", ""syn-11-thin-003-d001"", ""syn-11-thin-003-d000""]",0.6666666666666666,1.0,0.6934264036172708,0.75,4,3,2,0,False,0.75,0.75,1.0,1.0,0,1.0,0,0,0,4,4,False
syn-11-thin-003,11,thin,full,route_100m,"[""syn-11-thin-003-d002"", ""syn-11-thin-003-d001"", ""syn-11-thin-003-d000""]",0.6666666666666666,1.0,0.6934264036172708,0.75,4,3,2,0,False,0.75,0.75,1.0,1.0,0,1.0,0,0,0,4,4,False
syn-11-thin-003,11,thin,full,departure_5min,"[""syn-11-thin-003-d002"", ""syn-11-thin-003-d001"", ""syn-11-thin-003-d000""]",0.6666666666666666,1.0,0.6934264036172708,0.75,4,3,2,0,False,0.75,0.75,1.0,1.0,0,1.0,0,0,0,4,4,False
syn-11-thin-003,11,thin,full,availability_25pct,"[""syn-11-thin-003-d002"", ""syn-11-thin-003-d001"", ""syn-11-thin-003-d000""]",0.6666666666666666,1.0,0.6934264036172708,0.75,4,3,2,0,False,0.75,0.75,1.0,1.0,0,1.0,0,0,0,4,4,False
syn-11-thin-004,11,thin,full,control,"[""syn-11-thin-004-d000"", ""syn-11-thin-004-d001""]",0.3333333333333333,1.0,1.0,0.5,4,2,1,0,False,0.5,0.5,1.0,1.0,0,1.0,0,0,0,4,4,False
syn-11-thin-004,11,thin,full,endpoints_100m,"[""syn-11-thin-004-d000"", ""syn-11-thin-004-d001""]",0.3333333333333333,1.0,1.0,0.5,4,2,1,0,False,0.5,0.5,1.0,1.0,0,1.0,0,0,0,4,4,False
syn-11-thin-004,11,thin,full,route_100m,"[""syn-11-thin-004-d000"", ""syn-11-thin-004-d001""]",0.3333333333333333,1.0,1.0,0.5,4,2,1,0,False,0.5,0.5,1.0,1.0,0,1.0,0,0,0,4,4,False
syn-11-thin-004,11,thin,full,departure_5min,"[""syn-11-thin-004-d000"", ""syn-11-thin-004-d001""]",0.3333333333333333,1.0,1.0,0.5,4,2,1,0,False,0.5,0.5,1.0,1.0,0,1.0,0,0,0,4,4,False
syn-11-thin-004,11,thin,full,availability_25pct,"[""syn-11-thin-004-d000"", ""syn-11-thin-004-d001""]",0.3333333333333333,1.0,1.0,0.5,4,2,1,0,False,0.5,0.5,1.0,1.0,0,1.0,0,0,0,4,4,False
syn-11-thin-005,11,thin,full,control,"[""syn-11-thin-005-d000""]",0.0,,,0.25,4,1,0,0,True,0.25,0.25,1.0,1.0,0,1.0,0,0,0,4,4,False
syn-11-thin-005,11,thin,full,endpoints_100m,"[""syn-11-thin-005-d000""]",0.0,,,0.25,4,1,0,0,True,0.25,0.25,1.0,1.0,0,1.0,0,0,0,4,4,False
syn-11-thin-005,11,thin,full,route_100m,"[""syn-11-thin-005-d000""]",0.0,,,0.25,4,1,0,0,True,0.25,0.25,1.0,1.0,0,1.0,0,0,0,4,4,False
syn-11-thin-005,11,thin,full,departure_5min,"[""syn-11-thin-005-d000""]",0.0,,,0.25,4,1,0,0,True,0.25,0.25,1.0,1.0,0,1.0,0,0,0,4,4,False
syn-11-thin-005,11,thin,full,availability_25pct,"[""syn-11-thin-005-d000""]",0.0,,,0.25,4,1,0,0,True,0.25,0.3333333333333333,1.0,1.0,0,1.0,0,0,0,3,4,False
syn-11-thin-006,11,thin,full,control,[],0.0,0.0,0.0,0.0,4,0,1,1,False,0.0,0.0,1.0,,0,,0,1,0,4,4,False
syn-11-thin-006,11,thin,full,endpoints_100m,[],0.0,0.0,0.0,0.0,4,0,1,1,False,0.0,0.0,1.0,,0,,0,1,0,4,4,False
syn-11-thin-006,11,thin,full,route_100m,[],0.0,0.0,0.0,0.0,4,0,1,1,False,0.0,0.0,1.0,,0,,0,1,0,4,4,False
syn-11-thin-006,11,thin,full,departure_5min,[],0.0,0.0,0.0,0.0,4,0,1,1,False,0.0,0.0,1.0,,0,,0,1,0,4,4,False
syn-11-thin-006,11,thin,full,availability_25pct,[],0.0,0.0,0.0,0.0,4,0,1,1,False,0.0,0.0,1.0,,0,,0,1,0,3,4,False
syn-11-thin-007,11,thin,full,control,[],0.0,0.0,0.0,0.0,4,0,2,2,False,0.0,0.0,1.0,,0,,0,2,0,4,4,False
syn-11-thin-007,11,thin,full,endpoints_100m,[],0.0,0.0,0.0,0.0,4,0,2,2,False,0.0,0.0,1.0,,0,,0,2,0,4,4,False
syn-11-thin-007,11,thin,full,route_100m,[],0.0,0.0,0.0,0.0,4,0,2,2,False,0.0,0.0,1.0,,0,,0,2,0,4,4,False
syn-11-thin-007,11,thin,full,departure_5min,[],0.0,0.0,0.0,0.0,4,0,2,2,False,0.0,0.0,1.0,,0,,0,2,0,4,4,False
syn-11-thin-007,11,thin,full,availability_25pct,[],0.0,0.0,0.0,0.0,4,0,2,2,False,0.0,0.0,1.0,,0,,0,2,0,4,4,False
syn-11-thin-008,11,thin,full,control,[],0.0,,,0.0,4,0,0,0,True,0.0,0.0,1.0,,0,,0,0,0,4,4,False
syn-11-thin-008,11,thin,full,endpoints_100m,[],0.0,,,0.0,4,0,0,0,True,0.0,0.0,1.0,,0,,0,0,0,4,4,False
syn-11-thin-008,11,thin,full,route_100m,[],0.0,,,0.0,4,0,0,0,True,0.0,0.0,1.0,,0,,0,0,0,4,4,False
syn-11-thin-008,11,thin,full,departure_5min,[],0.0,,,0.0,4,0,0,0,True,0.0,0.0,1.0,,0,,0,0,0,4,4,False
syn-11-thin-008,11,thin,full,availability_25pct,[],0.0,,,0.0,4,0,0,0,True,0.0,0.0,1.0,,0,,0,0,0,4,4,False
syn-11-thin-009,11,thin,full,control,"[""syn-11-thin-009-d003""]",0.0,0.0,0.0,0.25,4,1,1,1,False,0.25,0.25,1.0,1.0,0,1.0,0,1,0,4,4,False
syn-11-thin-009,11,thin,full,endpoints_100m,"[""syn-11-thin-009-d003""]",0.0,0.0,0.0,0.25,4,1,1,1,False,0.25,0.25,1.0,1.0,0,1.0,0,1,0,4,4,False
syn-11-thin-009,11,thin,full,route_100m,"[""syn-11-thin-009-d003""]",0.0,0.0,0.0,0.25,4,1,1,1,False,0.25,0.25,1.0,1.0,0,1.0,0,1,0,4,4,False
syn-11-thin-009,11,thin,full,departure_5min,"[""syn-11-thin-009-d003""]",0.0,0.0,0.0,0.25,4,1,1,1,False,0.25,0.25,1.0,1.0,0,1.0,0,1,0,4,4,False
syn-11-thin-009,11,thin,full,availability_25pct,"[""syn-11-thin-009-d003""]",0.0,0.0,0.0,0.25,4,1,1,1,False,0.25,0.3333333333333333,1.0,1.0,0,1.0,0,1,0,3,4,False
syn-11-thin-010,11,thin,full,control,"[""syn-11-thin-010-d002"", ""syn-11-thin-010-d003""]",0.0,,,0.5,4,2,0,0,True,0.5,0.5,1.0,1.0,0,1.0,0,0,0,4,4,False
syn-11-thin-010,11,thin,full,endpoints_100m,"[""syn-11-thin-010-d002"", ""syn-11-thin-010-d003""]",0.0,,,0.5,4,2,0,0,True,0.5,0.5,1.0,1.0,0,1.0,0,0,0,4,4,False
syn-11-thin-010,11,thin,full,route_100m,"[""syn-11-thin-010-d002"", ""syn-11-thin-010-d003""]",0.0,,,0.5,4,2,0,0,True,0.5,0.5,1.0,1.0,0,1.0,0,0,0,4,4,False
syn-11-thin-010,11,thin,full,departure_5min,"[""syn-11-thin-010-d002"", ""syn-11-thin-010-d003""]",0.0,,,0.5,4,2,0,0,True,0.5,0.5,1.0,1.0,0,1.0,0,0,0,4,4,False
syn-11-thin-010,11,thin,full,availability_25pct,"[""syn-11-thin-010-d002"", ""syn-11-thin-010-d003""]",0.0,,,0.5,4,2,0,0,True,0.5,0.5,1.0,1.0,0,1.0,0,0,0,4,4,False
syn-11-thin-011,11,thin,full,control,"[""syn-11-thin-011-d001"", ""syn-11-thin-011-d003"", ""syn-11-thin-011-d002""]",0.0,0.0,0.0,0.75,4,3,1,1,False,0.75,0.75,1.0,1.0,0,1.0,0,1,0,4,4,False
syn-11-thin-011,11,thin,full,endpoints_100m,"[""syn-11-thin-011-d001"", ""syn-11-thin-011-d003"", ""syn-11-thin-011-d002""]",0.0,0.0,0.0,0.75,4,3,1,1,False,0.75,0.75,1.0,1.0,0,1.0,0,1,0,4,4,False
syn-11-thin-011,11,thin,full,route_100m,"[""syn-11-thin-011-d001"", ""syn-11-thin-011-d003"", ""syn-11-thin-011-d002""]",0.0,0.0,0.0,0.75,4,3,1,1,False,0.75,0.75,1.0,1.0,0,1.0,0,1,0,4,4,False
syn-11-thin-011,11,thin,full,departure_5min,"[""syn-11-thin-011-d001"", ""syn-11-thin-011-d003"", ""syn-11-thin-011-d002""]",0.0,0.0,0.0,0.75,4,3,1,1,False,0.75,0.75,1.0,1.0,0,1.0,0,1,0,4,4,False
syn-11-thin-011,11,thin,full,availability_25pct,"[""syn-11-thin-011-d003"", ""syn-11-thin-011-d002""]",0.0,0.0,0.0,0.5,4,2,1,1,False,0.5,0.6666666666666666,1.0,0.6666666666666666,0,0.6666666666666666,0,1,0,3,4,False
syn-11-thin-012,11,thin,full,control,"[""syn-11-thin-012-d000"", ""syn-11-thin-012-d003"", ""syn-11-thin-012-d002"", ""syn-11-thin-012-d001""]",0.0,0.0,0.0,1.0,4,4,1,0,False,1.0,1.0,1.0,1.0,0,0.75,0,0,0,4,4,False
syn-11-thin-012,11,thin,full,endpoints_100m,"[""syn-11-thin-012-d000"", ""syn-11-thin-012-d003"", ""syn-11-thin-012-d002"", ""syn-11-thin-012-d001""]",0.0,0.0,0.0,1.0,4,4,1,0,False,1.0,1.0,1.0,1.0,0,0.75,0,0,0,4,4,False
syn-11-thin-012,11,thin,full,route_100m,"[""syn-11-thin-012-d003"", ""syn-11-thin-012-d000"", ""syn-11-thin-012-d001"", ""syn-11-thin-012-d002""]",0.3333333333333333,1.0,0.5,1.0,4,4,1,0,False,1.0,1.0,1.0,1.0,0,0.75,0,0,0,4,4,False
syn-11-thin-012,11,thin,full,departure_5min,"[""syn-11-thin-012-d000"", ""syn-11-thin-012-d003"", ""syn-11-thin-012-d002"", ""syn-11-thin-012-d001""]",0.0,0.0,0.0,1.0,4,4,1,0,False,1.0,1.0,1.0,1.0,0,0.75,0,0,0,4,4,False
syn-11-thin-012,11,thin,full,availability_25pct,"[""syn-11-thin-012-d002"", ""syn-11-thin-012-d001""]",0.3333333333333333,1.0,0.6309297535714575,0.5,4,2,1,0,False,0.5,1.0,1.0,0.5,0,0.5,0,0,0,2,4,False
syn-11-thin-013,11,thin,full,control,"[""syn-11-thin-013-d000"", ""syn-11-thin-013-d002"", ""syn-11-thin-013-d003"", ""syn-11-thin-013-d001""]",0.3333333333333333,1.0,0.5,1.0,4,4,1,0,False,1.0,1.0,1.0,1.0,0,0.75,0,0,0,4,4,False
syn-11-thin-013,11,thin,full,endpoints_100m,"[""syn-11-thin-013-d000"", ""syn-11-thin-013-d003"", ""syn-11-thin-013-d002"", ""syn-11-thin-013-d001""]",0.3333333333333333,1.0,0.6309297535714575,1.0,4,4,1,0,False,1.0,1.0,1.0,1.0,0,0.75,0,0,0,4,4,False
syn-11-thin-013,11,thin,full,route_100m,"[""syn-11-thin-013-d000"", ""syn-11-thin-013-d002"", ""syn-11-thin-013-d003"", ""syn-11-thin-013-d001""]",0.3333333333333333,1.0,0.5,1.0,4,4,1,0,False,1.0,1.0,1.0,1.0,0,0.75,0,0,0,4,4,False
syn-11-thin-013,11,thin,full,departure_5min,"[""syn-11-thin-013-d000"", ""syn-11-thin-013-d003"", ""syn-11-thin-013-d002"", ""syn-11-thin-013-d001""]",0.3333333333333333,1.0,0.6309297535714575,1.0,4,4,1,0,False,1.0,1.0,1.0,1.0,0,0.75,0,0,0,4,4,False
syn-11-thin-013,11,thin,full,availability_25pct,"[""syn-11-thin-013-d003"", ""syn-11-thin-013-d001""]",0.3333333333333333,1.0,1.0,0.5,4,2,1,0,False,0.5,1.0,1.0,0.5,0,0.5,0,0,0,2,4,False
syn-11-thin-014,11,thin,full,control,"[""syn-11-thin-014-d001"", ""syn-11-thin-014-d000"", ""syn-11-thin-014-d003"", ""syn-11-thin-014-d002""]",0.6666666666666666,1.0,0.9197207891481876,1.0,4,4,2,0,False,1.0,1.0,1.0,1.0,0,0.75,0,0,0,4,4,False
syn-11-thin-014,11,thin,full,endpoints_100m,"[""syn-11-thin-014-d001"", ""syn-11-thin-014-d000"", ""syn-11-thin-014-d003"", ""syn-11-thin-014-d002""]",0.6666666666666666,1.0,0.9197207891481876,1.0,4,4,2,0,False,1.0,1.0,1.0,1.0,0,0.75,0,0,0,4,4,False
syn-11-thin-014,11,thin,full,route_100m,"[""syn-11-thin-014-d001"", ""syn-11-thin-014-d000"", ""syn-11-thin-014-d003"", ""syn-11-thin-014-d002""]",0.6666666666666666,1.0,0.9197207891481876,1.0,4,4,2,0,False,1.0,1.0,1.0,1.0,0,0.75,0,0,0,4,4,False
syn-11-thin-014,11,thin,full,departure_5min,"[""syn-11-thin-014-d001"", ""syn-11-thin-014-d000"", ""syn-11-thin-014-d003"", ""syn-11-thin-014-d002""]",0.6666666666666666,1.0,0.9197207891481876,1.0,4,4,2,0,False,1.0,1.0,1.0,1.0,0,0.75,0,0,0,4,4,False
syn-11-thin-014,11,thin,full,availability_25pct,"[""syn-11-thin-014-d001"", ""syn-11-thin-014-d000"", ""syn-11-thin-014-d002""]",0.3333333333333333,0.5,0.6131471927654584,0.75,4,3,2,0,False,0.75,1.0,1.0,0.75,0,0.75,1,0,0,3,4,False
syn-11-thin-015,11,thin,full,control,"[""syn-11-thin-015-d001"", ""syn-11-thin-015-d002"", ""syn-11-thin-015-d000""]",0.6666666666666666,0.6666666666666666,0.7653606369886217,0.75,4,3,3,1,False,0.75,0.75,1.0,1.0,0,1.0,0,1,0,4,4,False
syn-11-thin-015,11,thin,full,endpoints_100m,"[""syn-11-thin-015-d001"", ""syn-11-thin-015-d002"", ""syn-11-thin-015-d000""]",0.6666666666666666,0.6666666666666666,0.7653606369886217,0.75,4,3,3,1,False,0.75,0.75,1.0,1.0,0,1.0,0,1,0,4,4,False
syn-11-thin-015,11,thin,full,route_100m,"[""syn-11-thin-015-d001"", ""syn-11-thin-015-d002"", ""syn-11-thin-015-d000""]",0.6666666666666666,0.6666666666666666,0.7653606369886217,0.75,4,3,3,1,False,0.75,0.75,1.0,1.0,0,1.0,0,1,0,4,4,False
syn-11-thin-015,11,thin,full,departure_5min,"[""syn-11-thin-015-d001"", ""syn-11-thin-015-d002"", ""syn-11-thin-015-d000""]",0.6666666666666666,0.6666666666666666,0.7653606369886217,0.75,4,3,3,1,False,0.75,0.75,1.0,1.0,0,1.0,0,1,0,4,4,False
syn-11-thin-015,11,thin,full,availability_25pct,"[""syn-11-thin-015-d001"", ""syn-11-thin-015-d002"", ""syn-11-thin-015-d000""]",0.6666666666666666,0.6666666666666666,0.7653606369886217,0.75,4,3,3,1,False,0.75,0.75,1.0,1.0,0,1.0,0,1,0,4,4,False
syn-11-thin-016,11,thin,full,control,"[""syn-11-thin-016-d001"", ""syn-11-thin-016-d000""]",0.3333333333333333,1.0,1.0,0.5,4,2,1,0,False,0.5,0.5,1.0,1.0,0,1.0,0,0,0,4,4,False
syn-11-thin-016,11,thin,full,endpoints_100m,"[""syn-11-thin-016-d001"", ""syn-11-thin-016-d000""]",0.3333333333333333,1.0,1.0,0.5,4,2,1,0,False,0.5,0.5,1.0,1.0,0,1.0,0,0,0,4,4,False
syn-11-thin-016,11,thin,full,route_100m,"[""syn-11-thin-016-d001"", ""syn-11-thin-016-d000""]",0.3333333333333333,1.0,1.0,0.5,4,2,1,0,False,0.5,0.5,1.0,1.0,0,1.0,0,0,0,4,4,False
syn-11-thin-016,11,thin,full,departure_5min,"[""syn-11-thin-016-d001"", ""syn-11-thin-016-d000""]",0.3333333333333333,1.0,1.0,0.5,4,2,1,0,False,0.5,0.5,1.0,1.0,0,1.0,0,0,0,4,4,False
syn-11-thin-016,11,thin,full,availability_25pct,"[""syn-11-thin-016-d001"", ""syn-11-thin-016-d000""]",0.3333333333333333,1.0,1.0,0.5,4,2,1,0,False,0.5,0.6666666666666666,1.0,1.0,0,1.0,0,0,0,3,4,False
syn-11-thin-017,11,thin,full,control,"[""syn-11-thin-017-d000""]",0.0,,,0.25,4,1,0,0,True,0.25,0.25,1.0,1.0,0,1.0,0,0,0,4,4,False
syn-11-thin-017,11,thin,full,endpoints_100m,"[""syn-11-thin-017-d000""]",0.0,,,0.25,4,1,0,0,True,0.25,0.25,1.0,1.0,0,1.0,0,0,0,4,4,False
syn-11-thin-017,11,thin,full,route_100m,"[""syn-11-thin-017-d000""]",0.0,,,0.25,4,1,0,0,True,0.25,0.25,1.0,1.0,0,1.0,0,0,0,4,4,False
syn-11-thin-017,11,thin,full,departure_5min,"[""syn-11-thin-017-d000""]",0.0,,,0.25,4,1,0,0,True,0.25,0.25,1.0,1.0,0,1.0,0,0,0,4,4,False
syn-11-thin-017,11,thin,full,availability_25pct,"[""syn-11-thin-017-d000""]",0.0,,,0.25,4,1,0,0,True,0.25,0.25,1.0,1.0,0,1.0,0,0,0,4,4,False
syn-11-thin-018,11,thin,full,control,[],0.0,0.0,0.0,0.0,4,0,1,1,False,0.0,0.0,1.0,,0,,0,1,0,4,4,False
syn-11-thin-018,11,thin,full,endpoints_100m,[],0.0,0.0,0.0,0.0,4,0,1,1,False,0.0,0.0,1.0,,0,,0,1,0,4,4,False
syn-11-thin-018,11,thin,full,route_100m,[],0.0,0.0,0.0,0.0,4,0,1,1,False,0.0,0.0,1.0,,0,,0,1,0,4,4,False
syn-11-thin-018,11,thin,full,departure_5min,[],0.0,0.0,0.0,0.0,4,0,1,1,False,0.0,0.0,1.0,,0,,0,1,0,4,4,False
syn-11-thin-018,11,thin,full,availability_25pct,[],0.0,0.0,0.0,0.0,4,0,1,1,False,0.0,0.0,1.0,,0,,0,1,0,4,4,False
syn-11-thin-019,11,thin,full,control,[],0.0,,,0.0,4,0,0,0,True,0.0,0.0,1.0,,0,,0,0,0,4,4,False
syn-11-thin-019,11,thin,full,endpoints_100m,[],0.0,,,0.0,4,0,0,0,True,0.0,0.0,1.0,,0,,0,0,0,4,4,False
syn-11-thin-019,11,thin,full,route_100m,[],0.0,,,0.0,4,0,0,0,True,0.0,0.0,1.0,,0,,0,0,0,4,4,False
syn-11-thin-019,11,thin,full,departure_5min,[],0.0,,,0.0,4,0,0,0,True,0.0,0.0,1.0,,0,,0,0,0,4,4,False
syn-11-thin-019,11,thin,full,availability_25pct,[],0.0,,,0.0,4,0,0,0,True,0.0,0.0,1.0,,0,,0,0,0,3,4,False
syn-11-balanced-000,11,balanced,full,control,"[""syn-11-balanced-000-d003"", ""syn-11-balanced-000-d001"", ""syn-11-balanced-000-d002"", ""syn-11-balanced-000-d004"", ""syn-11-balanced-000-d000"", ""syn-11-balanced-000-d005""]",0.0,,,0.5,12,6,0,0,True,0.5,0.5,1.0,1.0,0,0.5,0,0,0,12,12,False
syn-11-balanced-000,11,balanced,full,endpoints_100m,"[""syn-11-balanced-000-d003"", ""syn-11-balanced-000-d001"", ""syn-11-balanced-000-d002"", ""syn-11-balanced-000-d004"", ""syn-11-balanced-000-d000"", ""syn-11-balanced-000-d005""]",0.0,,,0.5,12,6,0,0,True,0.5,0.5,1.0,1.0,0,0.5,0,0,0,12,12,False
syn-11-balanced-000,11,balanced,full,route_100m,"[""syn-11-balanced-000-d003"", ""syn-11-balanced-000-d001"", ""syn-11-balanced-000-d002"", ""syn-11-balanced-000-d004"", ""syn-11-balanced-000-d000"", ""syn-11-balanced-000-d005""]",0.0,,,0.5,12,6,0,0,True,0.5,0.5,1.0,1.0,0,0.5,0,0,0,12,12,False
syn-11-balanced-000,11,balanced,full,departure_5min,"[""syn-11-balanced-000-d003"", ""syn-11-balanced-000-d001"", ""syn-11-balanced-000-d002"", ""syn-11-balanced-000-d004"", ""syn-11-balanced-000-d000"", ""syn-11-balanced-000-d005""]",0.0,,,0.5,12,6,0,0,True,0.5,0.5,1.0,1.0,0,0.5,0,0,0,12,12,False
syn-11-balanced-000,11,balanced,full,availability_25pct,"[""syn-11-balanced-000-d003"", ""syn-11-balanced-000-d001"", ""syn-11-balanced-000-d002"", ""syn-11-balanced-000-d004"", ""syn-11-balanced-000-d000"", ""syn-11-balanced-000-d005""]",0.0,,,0.5,12,6,0,0,True,0.5,0.5,1.0,1.0,0,0.5,0,0,0,12,12,False
syn-11-balanced-001,11,balanced,full,control,"[""syn-11-balanced-001-d001"", ""syn-11-balanced-001-d000"", ""syn-11-balanced-001-d004"", ""syn-11-balanced-001-d002"", ""syn-11-balanced-001-d003"", ""syn-11-balanced-001-d011""]",0.6666666666666666,0.5,0.7039180890341347,0.5,12,6,4,1,False,0.5,0.5,1.0,1.0,0,0.5,0,1,0,12,12,False
syn-11-balanced-001,11,balanced,full,endpoints_100m,"[""syn-11-balanced-001-d001"", ""syn-11-balanced-001-d000"", ""syn-11-balanced-001-d004"", ""syn-11-balanced-001-d002"", ""syn-11-balanced-001-d003"", ""syn-11-balanced-001-d011""]",0.6666666666666666,0.5,0.7039180890341347,0.5,12,6,4,1,False,0.5,0.5,1.0,1.0,0,0.5,0,1,0,12,12,False
syn-11-balanced-001,11,balanced,full,route_100m,"[""syn-11-balanced-001-d001"", ""syn-11-balanced-001-d000"", ""syn-11-balanced-001-d002"", ""syn-11-balanced-001-d004"", ""syn-11-balanced-001-d003"", ""syn-11-balanced-001-d011""]",0.6666666666666666,0.5,0.7039180890341347,0.5,12,6,4,1,False,0.5,0.5,1.0,1.0,0,0.5,0,1,0,12,12,False
syn-11-balanced-001,11,balanced,full,departure_5min,"[""syn-11-balanced-001-d001"", ""syn-11-balanced-001-d000"", ""syn-11-balanced-001-d004"", ""syn-11-balanced-001-d002"", ""syn-11-balanced-001-d003"", ""syn-11-balanced-001-d011""]",0.6666666666666666,0.5,0.7039180890341347,0.5,12,6,4,1,False,0.5,0.5,1.0,1.0,0,0.5,0,1,0,12,12,False
syn-11-balanced-001,11,balanced,full,availability_25pct,"[""syn-11-balanced-001-d001"", ""syn-11-balanced-001-d000"", ""syn-11-balanced-001-d004"", ""syn-11-balanced-001-d003"", ""syn-11-balanced-001-d011""]",0.6666666666666666,0.5,0.7039180890341347,0.4166666666666667,12,5,4,1,False,0.4166666666666667,0.45454545454545453,1.0,0.8333333333333334,0,0.5,1,1,0,11,12,False
syn-11-balanced-002,11,balanced,full,control,"[""syn-11-balanced-002-d002"", ""syn-11-balanced-002-d001"", ""syn-11-balanced-002-d000"", ""syn-11-balanced-002-d010"", ""syn-11-balanced-002-d011"", ""syn-11-balanced-002-d003""]",0.0,,,0.5,12,6,0,0,True,0.5,0.5,1.0,1.0,0,0.5,0,0,0,12,12,False
syn-11-balanced-002,11,balanced,full,endpoints_100m,"[""syn-11-balanced-002-d002"", ""syn-11-balanced-002-d001"", ""syn-11-balanced-002-d000"", ""syn-11-balanced-002-d010"", ""syn-11-balanced-002-d011"", ""syn-11-balanced-002-d003""]",0.0,,,0.5,12,6,0,0,True,0.5,0.5,1.0,1.0,0,0.5,0,0,0,12,12,False
syn-11-balanced-002,11,balanced,full,route_100m,"[""syn-11-balanced-002-d002"", ""syn-11-balanced-002-d001"", ""syn-11-balanced-002-d000"", ""syn-11-balanced-002-d010"", ""syn-11-balanced-002-d011"", ""syn-11-balanced-002-d003""]",0.0,,,0.5,12,6,0,0,True,0.5,0.5,1.0,1.0,0,0.5,0,0,0,12,12,False
syn-11-balanced-002,11,balanced,full,departure_5min,"[""syn-11-balanced-002-d002"", ""syn-11-balanced-002-d001"", ""syn-11-balanced-002-d000"", ""syn-11-balanced-002-d010"", ""syn-11-balanced-002-d011"", ""syn-11-balanced-002-d003""]",0.0,,,0.5,12,6,0,0,True,0.5,0.5,1.0,1.0,0,0.5,0,0,0,12,12,False
syn-11-balanced-002,11,balanced,full,availability_25pct,"[""syn-11-balanced-002-d002"", ""syn-11-balanced-002-d001"", ""syn-11-balanced-002-d000"", ""syn-11-balanced-002-d010"", ""syn-11-balanced-002-d011"", ""syn-11-balanced-002-d003""]",0.0,,,0.5,12,6,0,0,True,0.5,0.5454545454545454,1.0,1.0,0,0.5,0,0,0,11,12,False
syn-11-balanced-003,11,balanced,full,control,"[""syn-11-balanced-003-d011"", ""syn-11-balanced-003-d002"", ""syn-11-balanced-003-d001"", ""syn-11-balanced-003-d000"", ""syn-11-balanced-003-d009"", ""syn-11-balanced-003-d010""]",0.0,0.0,0.0,0.5,12,6,3,3,False,0.5,0.5,1.0,1.0,0,0.5,0,3,0,12,12,False
syn-11-balanced-003,11,balanced,full,endpoints_100m,"[""syn-11-balanced-003-d011"", ""syn-11-balanced-003-d002"", ""syn-11-balanced-003-d001"", ""syn-11-balanced-003-d000"", ""syn-11-balanced-003-d009"", ""syn-11-balanced-003-d010""]",0.0,0.0,0.0,0.5,12,6,3,3,False,0.5,0.5,1.0,1.0,0,0.5,0,3,0,12,12,False
syn-11-balanced-003,11,balanced,full,route_100m,"[""syn-11-balanced-003-d011"", ""syn-11-balanced-003-d002"", ""syn-11-balanced-003-d001"", ""syn-11-balanced-003-d000"", ""syn-11-balanced-003-d009"", ""syn-11-balanced-003-d010""]",0.0,0.0,0.0,0.5,12,6,3,3,False,0.5,0.5,1.0,1.0,0,0.5,0,3,0,12,12,False
syn-11-balanced-003,11,balanced,full,departure_5min,"[""syn-11-balanced-003-d002"", ""syn-11-balanced-003-d011"", ""syn-11-balanced-003-d001"", ""syn-11-balanced-003-d000"", ""syn-11-balanced-003-d009"", ""syn-11-balanced-003-d010""]",0.0,0.0,0.0,0.5,12,6,3,3,False,0.5,0.5,1.0,1.0,0,0.5,0,3,0,12,12,False
syn-11-balanced-003,11,balanced,full,availability_25pct,"[""syn-11-balanced-003-d011"", ""syn-11-balanced-003-d002"", ""syn-11-balanced-003-d001"", ""syn-11-balanced-003-d010""]",0.0,0.0,0.0,0.3333333333333333,12,4,3,2,False,0.3333333333333333,0.5714285714285714,1.0,0.6666666666666666,0,0.5,1,2,0,7,12,False
syn-11-balanced-004,11,balanced,full,control,"[""syn-11-balanced-004-d000"", ""syn-11-balanced-004-d008"", ""syn-11-balanced-004-d011"", ""syn-11-balanced-004-d010"", ""syn-11-balanced-004-d009"", ""syn-11-balanced-004-d001""]",0.6666666666666666,0.3333333333333333,0.5307212739772434,0.5,12,6,6,2,False,0.5,0.5,1.0,1.0,0,0.5,0,2,0,12,12,False
syn-11-balanced-004,11,balanced,full,endpoints_100m,"[""syn-11-balanced-004-d000"", ""syn-11-balanced-004-d008"", ""syn-11-balanced-004-d011"", ""syn-11-balanced-004-d010"", ""syn-11-balanced-004-d009"", ""syn-11-balanced-004-d001""]",0.6666666666666666,0.3333333333333333,0.5307212739772434,0.5,12,6,6,2,False,0.5,0.5,1.0,1.0,0,0.5,0,2,0,12,12,False
syn-11-balanced-004,11,balanced,full,route_100m,"[""syn-11-balanced-004-d000"", ""syn-11-balanced-004-d008"", ""syn-11-balanced-004-d011"", ""syn-11-balanced-004-d010"", ""syn-11-balanced-004-d009"", ""syn-11-balanced-004-d001""]",0.6666666666666666,0.3333333333333333,0.5307212739772434,0.5,12,6,6,2,False,0.5,0.5,1.0,1.0,0,0.5,0,2,0,12,12,False
syn-11-balanced-004,11,balanced,full,departure_5min,"[""syn-11-balanced-004-d000"", ""syn-11-balanced-004-d008"", ""syn-11-balanced-004-d011"", ""syn-11-balanced-004-d010"", ""syn-11-balanced-004-d009"", ""syn-11-balanced-004-d001""]",0.6666666666666666,0.3333333333333333,0.5307212739772434,0.5,12,6,6,2,False,0.5,0.5,1.0,1.0,0,0.5,0,2,0,12,12,False
syn-11-balanced-004,11,balanced,full,availability_25pct,"[""syn-11-balanced-004-d008"", ""syn-11-balanced-004-d011"", ""syn-11-balanced-004-d010"", ""syn-11-balanced-004-d009"", ""syn-11-balanced-004-d001""]",1.0,0.5,1.0,0.4166666666666667,12,5,6,2,False,0.4166666666666667,0.5,1.0,0.8333333333333334,0,0.5,0,2,0,10,12,False
syn-11-balanced-005,11,balanced,full,control,"[""syn-11-balanced-005-d010"", ""syn-11-balanced-005-d000"", ""syn-11-balanced-005-d009"", ""syn-11-balanced-005-d007"", ""syn-11-balanced-005-d008"", ""syn-11-balanced-005-d011""]",1.0,0.375,1.0,0.5,12,6,8,2,False,0.5,0.5,1.0,1.0,0,0.5,0,2,0,12,12,False
syn-11-balanced-005,11,balanced,full,endpoints_100m,"[""syn-11-balanced-005-d010"", ""syn-11-balanced-005-d000"", ""syn-11-balanced-005-d007"", ""syn-11-balanced-005-d009"", ""syn-11-balanced-005-d008"", ""syn-11-balanced-005-d011""]",1.0,0.375,1.0,0.5,12,6,8,2,False,0.5,0.5,1.0,1.0,0,0.5,0,2,0,12,12,False
syn-11-balanced-005,11,balanced,full,route_100m,"[""syn-11-balanced-005-d010"", ""syn-11-balanced-005-d000"", ""syn-11-balanced-005-d007"", ""syn-11-balanced-005-d009"", ""syn-11-balanced-005-d008"", ""syn-11-balanced-005-d011""]",1.0,0.375,1.0,0.5,12,6,8,2,False,0.5,0.5,1.0,1.0,0,0.5,0,2,0,12,12,False
syn-11-balanced-005,11,balanced,full,departure_5min,"[""syn-11-balanced-005-d010"", ""syn-11-balanced-005-d000"", ""syn-11-balanced-005-d009"", ""syn-11-balanced-005-d007"", ""syn-11-balanced-005-d008"", ""syn-11-balanced-005-d011""]",1.0,0.375,1.0,0.5,12,6,8,2,False,0.5,0.5,1.0,1.0,0,0.5,0,2,0,12,12,False
syn-11-balanced-005,11,balanced,full,availability_25pct,"[""syn-11-balanced-005-d010"", ""syn-11-balanced-005-d000"", ""syn-11-balanced-005-d009"", ""syn-11-balanced-005-d007"", ""syn-11-balanced-005-d008""]",1.0,0.375,1.0,0.4166666666666667,12,5,8,1,False,0.4166666666666667,0.625,1.0,0.8333333333333334,0,0.5,2,1,0,8,12,False
syn-11-balanced-006,11,balanced,full,control,"[""syn-11-balanced-006-d009"", ""syn-11-balanced-006-d008"", ""syn-11-balanced-006-d011"", ""syn-11-balanced-006-d010"", ""syn-11-balanced-006-d007"", ""syn-11-balanced-006-d006""]",0.6666666666666666,0.6666666666666666,0.7039180890341347,0.5,12,6,3,1,False,0.5,0.5,1.0,1.0,0,0.5,0,1,0,12,12,False
syn-11-balanced-006,11,balanced,full,endpoints_100m,"[""syn-11-balanced-006-d009"", ""syn-11-balanced-006-d008"", ""syn-11-balanced-006-d011"", ""syn-11-balanced-006-d010"", ""syn-11-balanced-006-d007"", ""syn-11-balanced-006-d006""]",0.6666666666666666,0.6666666666666666,0.7039180890341347,0.5,12,6,3,1,False,0.5,0.5,1.0,1.0,0,0.5,0,1,0,12,12,False
syn-11-balanced-006,11,balanced,full,route_100m,"[""syn-11-balanced-006-d009"", ""syn-11-balanced-006-d008"", ""syn-11-balanced-006-d010"", ""syn-11-balanced-006-d011"", ""syn-11-balanced-006-d007"", ""syn-11-balanced-006-d006""]",0.3333333333333333,0.3333333333333333,0.46927872602275644,0.5,12,6,3,1,False,0.5,0.5,1.0,1.0,0,0.5,0,1,0,12,12,False
syn-11-balanced-006,11,balanced,full,departure_5min,"[""syn-11-balanced-006-d009"", ""syn-11-balanced-006-d008"", ""syn-11-balanced-006-d011"", ""syn-11-balanced-006-d010"", ""syn-11-balanced-006-d007"", ""syn-11-balanced-006-d006""]",0.6666666666666666,0.6666666666666666,0.7039180890341347,0.5,12,6,3,1,False,0.5,0.5,1.0,1.0,0,0.5,0,1,0,12,12,False
syn-11-balanced-006,11,balanced,full,availability_25pct,"[""syn-11-balanced-006-d009"", ""syn-11-balanced-006-d008"", ""syn-11-balanced-006-d011"", ""syn-11-balanced-006-d010"", ""syn-11-balanced-006-d006""]",0.6666666666666666,0.6666666666666666,0.7039180890341347,0.4166666666666667,12,5,3,1,False,0.4166666666666667,0.45454545454545453,1.0,0.8333333333333334,0,0.5,0,1,0,11,12,False
syn-11-balanced-007,11,balanced,full,control,"[""syn-11-balanced-007-d009"", ""syn-11-balanced-007-d010"", ""syn-11-balanced-007-d008"", ""syn-11-balanced-007-d007"", ""syn-11-balanced-007-d006"", ""syn-11-balanced-007-d005""]",0.0,0.0,0.0,0.5,12,6,2,1,False,0.5,0.5,1.0,1.0,0,0.5,0,1,0,12,12,False
syn-11-balanced-007,11,balanced,full,endpoints_100m,"[""syn-11-balanced-007-d009"", ""syn-11-balanced-007-d010"", ""syn-11-balanced-007-d008"", ""syn-11-balanced-007-d007"", ""syn-11-balanced-007-d006"", ""syn-11-balanced-007-d005""]",0.0,0.0,0.0,0.5,12,6,2,1,False,0.5,0.5,1.0,1.0,0,0.5,0,1,0,12,12,False
syn-11-balanced-007,11,balanced,full,route_100m,"[""syn-11-balanced-007-d009"", ""syn-11-balanced-007-d010"", ""syn-11-balanced-007-d008"", ""syn-11-balanced-007-d007"", ""syn-11-balanced-007-d006"", ""syn-11-balanced-007-d005""]",0.0,0.0,0.0,0.5,12,6,2,1,False,0.5,0.5,1.0,1.0,0,0.5,0,1,0,12,12,False
syn-11-balanced-007,11,balanced,full,departure_5min,"[""syn-11-balanced-007-d009"", ""syn-11-balanced-007-d010"", ""syn-11-balanced-007-d008"", ""syn-11-balanced-007-d007"", ""syn-11-balanced-007-d005"", ""syn-11-balanced-007-d006""]",0.0,0.0,0.0,0.5,12,6,2,1,False,0.5,0.5,1.0,1.0,0,0.5,0,1,0,12,12,False
syn-11-balanced-007,11,balanced,full,availability_25pct,"[""syn-11-balanced-007-d009"", ""syn-11-balanced-007-d010"", ""syn-11-balanced-007-d008"", ""syn-11-balanced-007-d007"", ""syn-11-balanced-007-d006""]",0.0,0.0,0.0,0.4166666666666667,12,5,2,1,False,0.4166666666666667,0.5,1.0,0.8333333333333334,0,0.5,0,1,0,10,12,False
syn-11-balanced-008,11,balanced,full,control,"[""syn-11-balanced-008-d005"", ""syn-11-balanced-008-d004"", ""syn-11-balanced-008-d007"", ""syn-11-balanced-008-d008"", ""syn-11-balanced-008-d006"", ""syn-11-balanced-008-d009""]",0.6666666666666666,0.3333333333333333,0.7653606369886217,0.5,12,6,6,3,False,0.5,0.5,1.0,1.0,0,0.5,0,3,0,12,12,False
syn-11-balanced-008,11,balanced,full,endpoints_100m,"[""syn-11-balanced-008-d005"", ""syn-11-balanced-008-d004"", ""syn-11-balanced-008-d007"", ""syn-11-balanced-008-d008"", ""syn-11-balanced-008-d006"", ""syn-11-balanced-008-d009""]",0.6666666666666666,0.3333333333333333,0.7653606369886217,0.5,12,6,6,3,False,0.5,0.5,1.0,1.0,0,0.5,0,3,0,12,12,False
syn-11-balanced-008,11,balanced,full,route_100m,"[""syn-11-balanced-008-d005"", ""syn-11-balanced-008-d004"", ""syn-11-balanced-008-d007"", ""syn-11-balanced-008-d008"", ""syn-11-balanced-008-d006"", ""syn-11-balanced-008-d009""]",0.6666666666666666,0.3333333333333333,0.7653606369886217,0.5,12,6,6,3,False,0.5,0.5,1.0,1.0,0,0.5,0,3,0,12,12,False
syn-11-balanced-008,11,balanced,full,departure_5min,"[""syn-11-balanced-008-d005"", ""syn-11-balanced-008-d004"", ""syn-11-balanced-008-d007"", ""syn-11-balanced-008-d008"", ""syn-11-balanced-008-d006"", ""syn-11-balanced-008-d009""]",0.6666666666666666,0.3333333333333333,0.7653606369886217,0.5,12,6,6,3,False,0.5,0.5,1.0,1.0,0,0.5,0,3,0,12,12,False
syn-11-balanced-008,11,balanced,full,availability_25pct,"[""syn-11-balanced-008-d005"", ""syn-11-balanced-008-d004"", ""syn-11-balanced-008-d007"", ""syn-11-balanced-008-d008"", ""syn-11-balanced-008-d006"", ""syn-11-balanced-008-d009""]",0.6666666666666666,0.3333333333333333,0.7653606369886217,0.5,12,6,6,2,False,0.5,0.6,1.0,1.0,0,0.5,1,2,0,10,12,False
syn-11-balanced-009,11,balanced,full,control,"[""syn-11-balanced-009-d008"", ""syn-11-balanced-009-d006"", ""syn-11-balanced-009-d004"", ""syn-11-balanced-009-d003"", ""syn-11-balanced-009-d007"", ""syn-11-balanced-009-d005""]",1.0,0.42857142857142855,1.0,0.5,12,6,7,3,False,0.5,0.5,1.0,1.0,0,0.5,0,3,0,12,12,False
syn-11-balanced-009,11,balanced,full,endpoints_100m,"[""syn-11-balanced-009-d008"", ""syn-11-balanced-009-d006"", ""syn-11-balanced-009-d004"", ""syn-11-balanced-009-d007"", ""syn-11-balanced-009-d003"", ""syn-11-balanced-009-d005""]",1.0,0.42857142857142855,1.0,0.5,12,6,7,3,False,0.5,0.5,1.0,1.0,0,0.5,0,3,0,12,12,False
syn-11-balanced-009,11,balanced,full,route_100m,"[""syn-11-balanced-009-d008"", ""syn-11-balanced-009-d006"", ""syn-11-balanced-009-d004"", ""syn-11-balanced-009-d003"", ""syn-11-balanced-009-d007"", ""syn-11-balanced-009-d005""]",1.0,0.42857142857142855,1.0,0.5,12,6,7,3,False,0.5,0.5,1.0,1.0,0,0.5,0,3,0,12,12,False
syn-11-balanced-009,11,balanced,full,departure_5min,"[""syn-11-balanced-009-d008"", ""syn-11-balanced-009-d004"", ""syn-11-balanced-009-d006"", ""syn-11-balanced-009-d003"", ""syn-11-balanced-009-d007"", ""syn-11-balanced-009-d005""]",1.0,0.42857142857142855,1.0,0.5,12,6,7,3,False,0.5,0.5,1.0,1.0,0,0.5,0,3,0,12,12,False
syn-11-balanced-009,11,balanced,full,availability_25pct,"[""syn-11-balanced-009-d008"", ""syn-11-balanced-009-d006"", ""syn-11-balanced-009-d004"", ""syn-11-balanced-009-d005""]",1.0,0.42857142857142855,1.0,0.3333333333333333,12,4,7,3,False,0.3333333333333333,0.4,1.0,0.6666666666666666,0,0.5,0,3,0,10,12,False
syn-11-balanced-010,11,balanced,full,control,"[""syn-11-balanced-010-d003"", ""syn-11-balanced-010-d007"", ""syn-11-balanced-010-d004"", ""syn-11-balanced-010-d006"", ""syn-11-balanced-010-d005"", ""syn-11-balanced-010-d002""]",0.0,,,0.5,12,6,0,0,True,0.5,0.5,1.0,1.0,0,0.5,0,0,0,12,12,False
syn-11-balanced-010,11,balanced,full,endpoints_100m,"[""syn-11-balanced-010-d003"", ""syn-11-balanced-010-d007"", ""syn-11-balanced-010-d004"", ""syn-11-balanced-010-d006"", ""syn-11-balanced-010-d005"", ""syn-11-balanced-010-d002""]",0.0,,,0.5,12,6,0,0,True,0.5,0.5,1.0,1.0,0,0.5,0,0,0,12,12,False
syn-11-balanced-010,11,balanced,full,route_100m,"[""syn-11-balanced-010-d003"", ""syn-11-balanced-010-d007"", ""syn-11-balanced-010-d004"", ""syn-11-balanced-010-d005"", ""syn-11-balanced-010-d006"", ""syn-11-balanced-010-d002""]",0.0,,,0.5,12,6,0,0,True,0.5,0.5,1.0,1.0,0,0.5,0,0,0,12,12,False
syn-11-balanced-010,11,balanced,full,departure_5min,"[""syn-11-balanced-010-d003"", ""syn-11-balanced-010-d007"", ""syn-11-balanced-010-d004"", ""syn-11-balanced-010-d006"", ""syn-11-balanced-010-d005"", ""syn-11-balanced-010-d002""]",0.0,,,0.5,12,6,0,0,True,0.5,0.5,1.0,1.0,0,0.5,0,0,0,12,12,False
syn-11-balanced-010,11,balanced,full,availability_25pct,"[""syn-11-balanced-010-d004"", ""syn-11-balanced-010-d005"", ""syn-11-balanced-010-d002""]",0.0,,,0.25,12,3,0,0,True,0.25,0.375,1.0,0.5,0,0.5,0,0,0,8,12,False
syn-11-balanced-011,11,balanced,full,control,"[""syn-11-balanced-011-d003"", ""syn-11-balanced-011-d004"", ""syn-11-balanced-011-d002"", ""syn-11-balanced-011-d001"", ""syn-11-balanced-011-d005"", ""syn-11-balanced-011-d006""]",0.0,0.0,0.0,0.5,12,6,3,2,False,0.5,0.5,1.0,1.0,0,0.5,0,2,0,12,12,False
syn-11-balanced-011,11,balanced,full,endpoints_100m,"[""syn-11-balanced-011-d003"", ""syn-11-balanced-011-d004"", ""syn-11-balanced-011-d002"", ""syn-11-balanced-011-d001"", ""syn-11-balanced-011-d006"", ""syn-11-balanced-011-d005""]",0.0,0.0,0.0,0.5,12,6,3,2,False,0.5,0.5,1.0,1.0,0,0.5,0,2,0,12,12,False
syn-11-balanced-011,11,balanced,full,route_100m,"[""syn-11-balanced-011-d003"", ""syn-11-balanced-011-d004"", ""syn-11-balanced-011-d002"", ""syn-11-balanced-011-d001"", ""syn-11-balanced-011-d005"", ""syn-11-balanced-011-d006""]",0.0,0.0,0.0,0.5,12,6,3,2,False,0.5,0.5,1.0,1.0,0,0.5,0,2,0,12,12,False
syn-11-balanced-011,11,balanced,full,departure_5min,"[""syn-11-balanced-011-d003"", ""syn-11-balanced-011-d004"", ""syn-11-balanced-011-d002"", ""syn-11-balanced-011-d001"", ""syn-11-balanced-011-d005"", ""syn-11-balanced-011-d006""]",0.0,0.0,0.0,0.5,12,6,3,2,False,0.5,0.5,1.0,1.0,0,0.5,0,2,0,12,12,False
syn-11-balanced-011,11,balanced,full,availability_25pct,"[""syn-11-balanced-011-d003"", ""syn-11-balanced-011-d004"", ""syn-11-balanced-011-d002"", ""syn-11-balanced-011-d001"", ""syn-11-balanced-011-d005"", ""syn-11-balanced-011-d006""]",0.0,0.0,0.0,0.5,12,6,3,2,False,0.5,0.5454545454545454,1.0,1.0,0,0.5,0,2,0,11,12,False
syn-11-balanced-012,11,balanced,full,control,"[""syn-11-balanced-012-d004"", ""syn-11-balanced-012-d002"", ""syn-11-balanced-012-d005"", ""syn-11-balanced-012-d001"", ""syn-11-balanced-012-d003"", ""syn-11-balanced-012-d000""]",0.0,0.0,0.0,0.5,12,6,3,2,False,0.5,0.5,1.0,1.0,0,0.5,0,2,0,12,12,False
syn-11-balanced-012,11,balanced,full,endpoints_100m,"[""syn-11-balanced-012-d004"", ""syn-11-balanced-012-d002"", ""syn-11-balanced-012-d005"", ""syn-11-balanced-012-d001"", ""syn-11-balanced-012-d003"", ""syn-11-balanced-012-d000""]",0.0,0.0,0.0,0.5,12,6,3,2,False,0.5,0.5,1.0,1.0,0,0.5,0,2,0,12,12,False
syn-11-balanced-012,11,balanced,full,route_100m,"[""syn-11-balanced-012-d004"", ""syn-11-balanced-012-d002"", ""syn-11-balanced-012-d005"", ""syn-11-balanced-012-d001"", ""syn-11-balanced-012-d003"", ""syn-11-balanced-012-d000""]",0.0,0.0,0.0,0.5,12,6,3,2,False,0.5,0.5,1.0,1.0,0,0.5,0,2,0,12,12,False
syn-11-balanced-012,11,balanced,full,departure_5min,"[""syn-11-balanced-012-d004"", ""syn-11-balanced-012-d002"", ""syn-11-balanced-012-d005"", ""syn-11-balanced-012-d001"", ""syn-11-balanced-012-d003"", ""syn-11-balanced-012-d000""]",0.0,0.0,0.0,0.5,12,6,3,2,False,0.5,0.5,1.0,1.0,0,0.5,0,2,0,12,12,False
syn-11-balanced-012,11,balanced,full,availability_25pct,"[""syn-11-balanced-012-d004"", ""syn-11-balanced-012-d002"", ""syn-11-balanced-012-d005"", ""syn-11-balanced-012-d001""]",0.0,0.0,0.0,0.3333333333333333,12,4,3,1,False,0.3333333333333333,0.5,1.0,0.6666666666666666,0,0.5,2,1,0,8,12,False
syn-11-balanced-013,11,balanced,full,control,"[""syn-11-balanced-013-d000"", ""syn-11-balanced-013-d002"", ""syn-11-balanced-013-d004"", ""syn-11-balanced-013-d011"", ""syn-11-balanced-013-d003"", ""syn-11-balanced-013-d001""]",0.6666666666666666,0.2857142857142857,0.5307212739772434,0.5,12,6,7,2,False,0.5,0.5,1.0,1.0,0,0.5,0,2,0,12,12,False
syn-11-balanced-013,11,balanced,full,endpoints_100m,"[""syn-11-balanced-013-d000"", ""syn-11-balanced-013-d002"", ""syn-11-balanced-013-d011"", ""syn-11-balanced-013-d004"", ""syn-11-balanced-013-d001"", ""syn-11-balanced-013-d003""]",0.6666666666666666,0.2857142857142857,0.5307212739772434,0.5,12,6,7,2,False,0.5,0.5,1.0,1.0,0,0.5,0,2,0,12,12,False
syn-11-balanced-013,11,balanced,full,route_100m,"[""syn-11-balanced-013-d000"", ""syn-11-balanced-013-d002"", ""syn-11-balanced-013-d004"", ""syn-11-balanced-013-d011"", ""syn-11-balanced-013-d003"", ""syn-11-balanced-013-d001""]",0.6666666666666666,0.2857142857142857,0.5307212739772434,0.5,12,6,7,2,False,0.5,0.5,1.0,1.0,0,0.5,0,2,0,12,12,False
syn-11-balanced-013,11,balanced,full,departure_5min,"[""syn-11-balanced-013-d000"", ""syn-11-balanced-013-d002"", ""syn-11-balanced-013-d011"", ""syn-11-balanced-013-d004"", ""syn-11-balanced-013-d003"", ""syn-11-balanced-013-d001""]",0.6666666666666666,0.2857142857142857,0.5307212739772434,0.5,12,6,7,2,False,0.5,0.5,1.0,1.0,0,0.5,0,2,0,12,12,False
syn-11-balanced-013,11,balanced,full,availability_25pct,"[""syn-11-balanced-013-d000"", ""syn-11-balanced-013-d002"", ""syn-11-balanced-013-d004"", ""syn-11-balanced-013-d011"", ""syn-11-balanced-013-d003"", ""syn-11-balanced-013-d001""]",0.6666666666666666,0.2857142857142857,0.5307212739772434,0.5,12,6,7,2,False,0.5,0.6,1.0,1.0,0,0.5,0,2,0,10,12,False
syn-11-balanced-014,11,balanced,full,control,"[""syn-11-balanced-014-d001"", ""syn-11-balanced-014-d002"", ""syn-11-balanced-014-d003"", ""syn-11-balanced-014-d000"", ""syn-11-balanced-014-d011"", ""syn-11-balanced-014-d010""]",0.3333333333333333,0.25,0.46927872602275644,0.5,12,6,4,1,False,0.5,0.5,1.0,1.0,0,0.5,0,1,0,12,12,False
syn-11-balanced-014,11,balanced,full,endpoints_100m,"[""syn-11-balanced-014-d001"", ""syn-11-balanced-014-d002"", ""syn-11-balanced-014-d003"", ""syn-11-balanced-014-d000"", ""syn-11-balanced-014-d010"", ""syn-11-balanced-014-d011""]",0.3333333333333333,0.25,0.46927872602275644,0.5,12,6,4,1,False,0.5,0.5,1.0,1.0,0,0.5,0,1,0,12,12,False
syn-11-balanced-014,11,balanced,full,route_100m,"[""syn-11-balanced-014-d001"", ""syn-11-balanced-014-d002"", ""syn-11-balanced-014-d003"", ""syn-11-balanced-014-d000"", ""syn-11-balanced-014-d011"", ""syn-11-balanced-014-d010""]",0.3333333333333333,0.25,0.46927872602275644,0.5,12,6,4,1,False,0.5,0.5,1.0,1.0,0,0.5,0,1,0,12,12,False
syn-11-balanced-014,11,balanced,full,departure_5min,"[""syn-11-balanced-014-d001"", ""syn-11-balanced-014-d002"", ""syn-11-balanced-014-d003"", ""syn-11-balanced-014-d000"", ""syn-11-balanced-014-d011"", ""syn-11-balanced-014-d010""]",0.3333333333333333,0.25,0.46927872602275644,0.5,12,6,4,1,False,0.5,0.5,1.0,1.0,0,0.5,0,1,0,12,12,False
syn-11-balanced-014,11,balanced,full,availability_25pct,"[""syn-11-balanced-014-d001"", ""syn-11-balanced-014-d002"", ""syn-11-balanced-014-d003"", ""syn-11-balanced-014-d000"", ""syn-11-balanced-014-d011"", ""syn-11-balanced-014-d010""]",0.3333333333333333,0.25,0.46927872602275644,0.5,12,6,4,1,False,0.5,0.6,1.0,1.0,0,0.5,0,1,0,10,12,False
syn-11-balanced-015,11,balanced,full,control,"[""syn-11-balanced-015-d009"", ""syn-11-balanced-015-d010"", ""syn-11-balanced-015-d002"", ""syn-11-balanced-015-d011"", ""syn-11-balanced-015-d000"", ""syn-11-balanced-015-d001""]",0.0,0.0,0.0,0.5,12,6,2,1,False,0.5,0.5,1.0,1.0,0,0.5,0,1,0,12,12,False
syn-11-balanced-015,11,balanced,full,endpoints_100m,"[""syn-11-balanced-015-d009"", ""syn-11-balanced-015-d010"", ""syn-11-balanced-015-d002"", ""syn-11-balanced-015-d011"", ""syn-11-balanced-015-d000"", ""syn-11-balanced-015-d001""]",0.0,0.0,0.0,0.5,12,6,2,1,False,0.5,0.5,1.0,1.0,0,0.5,0,1,0,12,12,False
syn-11-balanced-015,11,balanced,full,route_100m,"[""syn-11-balanced-015-d009"", ""syn-11-balanced-015-d010"", ""syn-11-balanced-015-d002"", ""syn-11-balanced-015-d000"", ""syn-11-balanced-015-d011"", ""syn-11-balanced-015-d001""]",0.0,0.0,0.0,0.5,12,6,2,1,False,0.5,0.5,1.0,1.0,0,0.5,0,1,0,12,12,False
syn-11-balanced-015,11,balanced,full,departure_5min,"[""syn-11-balanced-015-d009"", ""syn-11-balanced-015-d010"", ""syn-11-balanced-015-d000"", ""syn-11-balanced-015-d002"", ""syn-11-balanced-015-d011"", ""syn-11-balanced-015-d001""]",0.0,0.0,0.0,0.5,12,6,2,1,False,0.5,0.5,1.0,1.0,0,0.5,0,1,0,12,12,False
syn-11-balanced-015,11,balanced,full,availability_25pct,"[""syn-11-balanced-015-d009"", ""syn-11-balanced-015-d010"", ""syn-11-balanced-015-d002"", ""syn-11-balanced-015-d011"", ""syn-11-balanced-015-d001""]",0.0,0.0,0.0,0.4166666666666667,12,5,2,1,False,0.4166666666666667,0.5555555555555556,1.0,0.8333333333333334,0,0.5,0,1,0,9,12,False
syn-11-balanced-016,11,balanced,full,control,"[""syn-11-balanced-016-d011"", ""syn-11-balanced-016-d009"", ""syn-11-balanced-016-d008"", ""syn-11-balanced-016-d000"", ""syn-11-balanced-016-d010"", ""syn-11-balanced-016-d001""]",0.6666666666666666,0.4,0.7039180890341347,0.5,12,6,5,1,False,0.5,0.5,1.0,1.0,0,0.5,0,1,0,12,12,False
syn-11-balanced-016,11,balanced,full,endpoints_100m,"[""syn-11-balanced-016-d011"", ""syn-11-balanced-016-d009"", ""syn-11-balanced-016-d008"", ""syn-11-balanced-016-d000"", ""syn-11-balanced-016-d010"", ""syn-11-balanced-016-d001""]",0.6666666666666666,0.4,0.7039180890341347,0.5,12,6,5,1,False,0.5,0.5,1.0,1.0,0,0.5,0,1,0,12,12,False
syn-11-balanced-016,11,balanced,full,route_100m,"[""syn-11-balanced-016-d011"", ""syn-11-balanced-016-d009"", ""syn-11-balanced-016-d008"", ""syn-11-balanced-016-d000"", ""syn-11-balanced-016-d010"", ""syn-11-balanced-016-d001""]",0.6666666666666666,0.4,0.7039180890341347,0.5,12,6,5,1,False,0.5,0.5,1.0,1.0,0,0.5,0,1,0,12,12,False
syn-11-balanced-016,11,balanced,full,departure_5min,"[""syn-11-balanced-016-d011"", ""syn-11-balanced-016-d009"", ""syn-11-balanced-016-d008"", ""syn-11-balanced-016-d000"", ""syn-11-balanced-016-d010"", ""syn-11-balanced-016-d001""]",0.6666666666666666,0.4,0.7039180890341347,0.5,12,6,5,1,False,0.5,0.5,1.0,1.0,0,0.5,0,1,0,12,12,False
syn-11-balanced-016,11,balanced,full,availability_25pct,"[""syn-11-balanced-016-d011"", ""syn-11-balanced-016-d008"", ""syn-11-balanced-016-d000"", ""syn-11-balanced-016-d010"", ""syn-11-balanced-016-d001""]",1.0,0.6,1.0,0.4166666666666667,12,5,5,1,False,0.4166666666666667,0.5,1.0,0.8333333333333334,0,0.5,0,1,0,10,12,False
syn-11-balanced-017,11,balanced,full,control,"[""syn-11-balanced-017-d010"", ""syn-11-balanced-017-d008"", ""syn-11-balanced-017-d009"", ""syn-11-balanced-017-d000"", ""syn-11-balanced-017-d011"", ""syn-11-balanced-017-d007""]",0.6666666666666666,0.2857142857142857,0.7653606369886217,0.5,12,6,7,4,False,0.5,0.5,1.0,1.0,0,0.5,0,4,0,12,12,False
syn-11-balanced-017,11,balanced,full,endpoints_100m,"[""syn-11-balanced-017-d010"", ""syn-11-balanced-017-d008"", ""syn-11-balanced-017-d009"", ""syn-11-balanced-017-d000"", ""syn-11-balanced-017-d011"", ""syn-11-balanced-017-d007""]",0.6666666666666666,0.2857142857142857,0.7653606369886217,0.5,12,6,7,4,False,0.5,0.5,1.0,1.0,0,0.5,0,4,0,12,12,False
syn-11-balanced-017,11,balanced,full,route_100m,"[""syn-11-balanced-017-d010"", ""syn-11-balanced-017-d008"", ""syn-11-balanced-017-d009"", ""syn-11-balanced-017-d000"", ""syn-11-balanced-017-d011"", ""syn-11-balanced-017-d007""]",0.6666666666666666,0.2857142857142857,0.7653606369886217,0.5,12,6,7,4,False,0.5,0.5,1.0,1.0,0,0.5,0,4,0,12,12,False
syn-11-balanced-017,11,balanced,full,departure_5min,"[""syn-11-balanced-017-d010"", ""syn-11-balanced-017-d008"", ""syn-11-balanced-017-d000"", ""syn-11-balanced-017-d009"", ""syn-11-balanced-017-d011"", ""syn-11-balanced-017-d007""]",0.6666666666666666,0.2857142857142857,0.7653606369886217,0.5,12,6,7,4,False,0.5,0.5,1.0,1.0,0,0.5,0,4,0,12,12,False
syn-11-balanced-017,11,balanced,full,availability_25pct,"[""syn-11-balanced-017-d010"", ""syn-11-balanced-017-d008"", ""syn-11-balanced-017-d000"", ""syn-11-balanced-017-d011"", ""syn-11-balanced-017-d007""]",0.6666666666666666,0.2857142857142857,0.7653606369886217,0.4166666666666667,12,5,7,3,False,0.4166666666666667,0.5555555555555556,1.0,0.8333333333333334,0,0.5,1,3,0,9,12,False
syn-11-balanced-018,11,balanced,full,control,"[""syn-11-balanced-018-d008"", ""syn-11-balanced-018-d007"", ""syn-11-balanced-018-d010"", ""syn-11-balanced-018-d006"", ""syn-11-balanced-018-d009"", ""syn-11-balanced-018-d011""]",0.6666666666666666,0.2857142857142857,0.5307212739772434,0.5,12,6,7,2,False,0.5,0.5,1.0,1.0,0,0.5,0,2,0,12,12,False
syn-11-balanced-018,11,balanced,full,endpoints_100m,"[""syn-11-balanced-018-d008"", ""syn-11-balanced-018-d006"", ""syn-11-balanced-018-d007"", ""syn-11-balanced-018-d010"", ""syn-11-balanced-018-d009"", ""syn-11-balanced-018-d011""]",0.6666666666666666,0.2857142857142857,0.5307212739772434,0.5,12,6,7,2,False,0.5,0.5,1.0,1.0,0,0.5,0,2,0,12,12,False
syn-11-balanced-018,11,balanced,full,route_100m,"[""syn-11-balanced-018-d008"", ""syn-11-balanced-018-d010"", ""syn-11-balanced-018-d006"", ""syn-11-balanced-018-d007"", ""syn-11-balanced-018-d009"", ""syn-11-balanced-018-d011""]",0.6666666666666666,0.2857142857142857,0.5307212739772434,0.5,12,6,7,2,False,0.5,0.5,1.0,1.0,0,0.5,0,2,0,12,12,False
syn-11-balanced-018,11,balanced,full,departure_5min,"[""syn-11-balanced-018-d008"", ""syn-11-balanced-018-d007"", ""syn-11-balanced-018-d006"", ""syn-11-balanced-018-d010"", ""syn-11-balanced-018-d009"", ""syn-11-balanced-018-d011""]",0.6666666666666666,0.2857142857142857,0.5307212739772434,0.5,12,6,7,2,False,0.5,0.5,1.0,1.0,0,0.5,0,2,0,12,12,False
syn-11-balanced-018,11,balanced,full,availability_25pct,"[""syn-11-balanced-018-d008"", ""syn-11-balanced-018-d007"", ""syn-11-balanced-018-d010"", ""syn-11-balanced-018-d009"", ""syn-11-balanced-018-d011""]",0.6666666666666666,0.2857142857142857,0.5307212739772434,0.4166666666666667,12,5,7,1,False,0.4166666666666667,0.5555555555555556,1.0,0.8333333333333334,0,0.5,2,1,0,9,12,False
syn-11-balanced-019,11,balanced,full,control,"[""syn-11-balanced-019-d006"", ""syn-11-balanced-019-d005"", ""syn-11-balanced-019-d010"", ""syn-11-balanced-019-d009"", ""syn-11-balanced-019-d008"", ""syn-11-balanced-019-d007""]",0.6666666666666666,0.4,0.7039180890341347,0.5,12,6,5,3,False,0.5,0.5,1.0,1.0,0,0.5,0,3,0,12,12,False
syn-11-balanced-019,11,balanced,full,endpoints_100m,"[""syn-11-balanced-019-d006"", ""syn-11-balanced-019-d005"", ""syn-11-balanced-019-d010"", ""syn-11-balanced-019-d009"", ""syn-11-balanced-019-d008"", ""syn-11-balanced-019-d007""]",0.6666666666666666,0.4,0.7039180890341347,0.5,12,6,5,3,False,0.5,0.5,1.0,1.0,0,0.5,0,3,0,12,12,False
syn-11-balanced-019,11,balanced,full,route_100m,"[""syn-11-balanced-019-d006"", ""syn-11-balanced-019-d005"", ""syn-11-balanced-019-d010"", ""syn-11-balanced-019-d009"", ""syn-11-balanced-019-d008"", ""syn-11-balanced-019-d007""]",0.6666666666666666,0.4,0.7039180890341347,0.5,12,6,5,3,False,0.5,0.5,1.0,1.0,0,0.5,0,3,0,12,12,False
syn-11-balanced-019,11,balanced,full,departure_5min,"[""syn-11-balanced-019-d006"", ""syn-11-balanced-019-d005"", ""syn-11-balanced-019-d010"", ""syn-11-balanced-019-d009"", ""syn-11-balanced-019-d008"", ""syn-11-balanced-019-d007""]",0.6666666666666666,0.4,0.7039180890341347,0.5,12,6,5,3,False,0.5,0.5,1.0,1.0,0,0.5,0,3,0,12,12,False
syn-11-balanced-019,11,balanced,full,availability_25pct,"[""syn-11-balanced-019-d006"", ""syn-11-balanced-019-d010"", ""syn-11-balanced-019-d008"", ""syn-11-balanced-019-d007""]",0.6666666666666666,0.4,0.7653606369886217,0.3333333333333333,12,4,5,2,False,0.3333333333333333,0.5714285714285714,1.0,0.6666666666666666,0,0.5,1,2,0,7,12,False
syn-11-dense-000,11,dense,full,control,"[""syn-11-dense-000-d004"", ""syn-11-dense-000-d012"", ""syn-11-dense-000-d003"", ""syn-11-dense-000-d016"", ""syn-11-dense-000-d002"", ""syn-11-dense-000-d014"", ""syn-11-dense-000-d017"", ""syn-11-dense-000-d000"", ""syn-11-dense-000-d013"", ""syn-11-dense-000-d001"", ""syn-11-dense-000-d015"", ""syn-11-dense-000-d005""]",0.0,,,0.5,24,12,0,0,True,0.5,0.5,1.0,1.0,0,0.25,0,0,0,24,24,False
syn-11-dense-000,11,dense,full,endpoints_100m,"[""syn-11-dense-000-d004"", ""syn-11-dense-000-d012"", ""syn-11-dense-000-d016"", ""syn-11-dense-000-d003"", ""syn-11-dense-000-d014"", ""syn-11-dense-000-d002"", ""syn-11-dense-000-d017"", ""syn-11-dense-000-d000"", ""syn-11-dense-000-d013"", ""syn-11-dense-000-d001"", ""syn-11-dense-000-d015"", ""syn-11-dense-000-d005""]",0.0,,,0.5,24,12,0,0,True,0.5,0.5,1.0,1.0,0,0.25,0,0,0,24,24,False
syn-11-dense-000,11,dense,full,route_100m,"[""syn-11-dense-000-d004"", ""syn-11-dense-000-d012"", ""syn-11-dense-000-d003"", ""syn-11-dense-000-d016"", ""syn-11-dense-000-d002"", ""syn-11-dense-000-d017"", ""syn-11-dense-000-d014"", ""syn-11-dense-000-d000"", ""syn-11-dense-000-d001"", ""syn-11-dense-000-d013"", ""syn-11-dense-000-d015"", ""syn-11-dense-000-d005""]",0.0,,,0.5,24,12,0,0,True,0.5,0.5,1.0,1.0,0,0.25,0,0,0,24,24,False
syn-11-dense-000,11,dense,full,departure_5min,"[""syn-11-dense-000-d004"", ""syn-11-dense-000-d012"", ""syn-11-dense-000-d003"", ""syn-11-dense-000-d016"", ""syn-11-dense-000-d014"", ""syn-11-dense-000-d017"", ""syn-11-dense-000-d002"", ""syn-11-dense-000-d000"", ""syn-11-dense-000-d013"", ""syn-11-dense-000-d001"", ""syn-11-dense-000-d015"", ""syn-11-dense-000-d005""]",0.0,,,0.5,24,12,0,0,True,0.5,0.5,1.0,1.0,0,0.25,0,0,0,24,24,False
syn-11-dense-000,11,dense,full,availability_25pct,"[""syn-11-dense-000-d003"", ""syn-11-dense-000-d016"", ""syn-11-dense-000-d002"", ""syn-11-dense-000-d014"", ""syn-11-dense-000-d000"", ""syn-11-dense-000-d001"", ""syn-11-dense-000-d015"", ""syn-11-dense-000-d005""]",0.0,,,0.3333333333333333,24,8,0,0,True,0.3333333333333333,0.42105263157894735,1.0,0.6666666666666666,0,0.25,0,0,0,19,24,False
syn-11-dense-001,11,dense,full,control,"[""syn-11-dense-001-d003"", ""syn-11-dense-001-d001"", ""syn-11-dense-001-d011"", ""syn-11-dense-001-d023"", ""syn-11-dense-001-d002"", ""syn-11-dense-001-d016"", ""syn-11-dense-001-d013"", ""syn-11-dense-001-d000"", ""syn-11-dense-001-d014"", ""syn-11-dense-001-d015"", ""syn-11-dense-001-d004"", ""syn-11-dense-001-d012""]",0.6666666666666666,0.18181818181818182,0.7039180890341347,0.5,24,12,11,4,False,0.5,0.5,1.0,1.0,0,0.25,0,4,0,24,24,False
syn-11-dense-001,11,dense,full,endpoints_100m,"[""syn-11-dense-001-d003"", ""syn-11-dense-001-d001"", ""syn-11-dense-001-d011"", ""syn-11-dense-001-d023"", ""syn-11-dense-001-d016"", ""syn-11-dense-001-d002"", ""syn-11-dense-001-d013"", ""syn-11-dense-001-d000"", ""syn-11-dense-001-d014"", ""syn-11-dense-001-d015"", ""syn-11-dense-001-d004"", ""syn-11-dense-001-d012""]",0.6666666666666666,0.18181818181818182,0.7039180890341347,0.5,24,12,11,4,False,0.5,0.5,1.0,1.0,0,0.25,0,4,0,24,24,False
syn-11-dense-001,11,dense,full,route_100m,"[""syn-11-dense-001-d003"", ""syn-11-dense-001-d001"", ""syn-11-dense-001-d011"", ""syn-11-dense-001-d023"", ""syn-11-dense-001-d002"", ""syn-11-dense-001-d016"", ""syn-11-dense-001-d013"", ""syn-11-dense-001-d000"", ""syn-11-dense-001-d014"", ""syn-11-dense-001-d015"", ""syn-11-dense-001-d004"", ""syn-11-dense-001-d012""]",0.6666666666666666,0.18181818181818182,0.7039180890341347,0.5,24,12,11,4,False,0.5,0.5,1.0,1.0,0,0.25,0,4,0,24,24,False
syn-11-dense-001,11,dense,full,departure_5min,"[""syn-11-dense-001-d003"", ""syn-11-dense-001-d001"", ""syn-11-dense-001-d011"", ""syn-11-dense-001-d002"", ""syn-11-dense-001-d023"", ""syn-11-dense-001-d016"", ""syn-11-dense-001-d013"", ""syn-11-dense-001-d000"", ""syn-11-dense-001-d014"", ""syn-11-dense-001-d015"", ""syn-11-dense-001-d004"", ""syn-11-dense-001-d012""]",0.6666666666666666,0.18181818181818182,0.7039180890341347,0.5,24,12,11,4,False,0.5,0.5,1.0,1.0,0,0.25,0,4,0,24,24,False
syn-11-dense-001,11,dense,full,availability_25pct,"[""syn-11-dense-001-d003"", ""syn-11-dense-001-d001"", ""syn-11-dense-001-d011"", ""syn-11-dense-001-d023"", ""syn-11-dense-001-d013"", ""syn-11-dense-001-d000"", ""syn-11-dense-001-d014"", ""syn-11-dense-001-d015"", ""syn-11-dense-001-d004"", ""syn-11-dense-001-d012""]",0.6666666666666666,0.18181818181818182,0.7039180890341347,0.4166666666666667,24,10,11,3,False,0.4166666666666667,0.5263157894736842,1.0,0.8333333333333334,0,0.25,2,3,0,19,24,False
syn-11-dense-002,11,dense,full,control,"[""syn-11-dense-002-d002"", ""syn-11-dense-002-d015"", ""syn-11-dense-002-d023"", ""syn-11-dense-002-d003"", ""syn-11-dense-002-d013"", ""syn-11-dense-002-d014"", ""syn-11-dense-002-d001"", ""syn-11-dense-002-d012"", ""syn-11-dense-002-d011"", ""syn-11-dense-002-d000"", ""syn-11-dense-002-d022"", ""syn-11-dense-002-d010""]",0.3333333333333333,0.16666666666666666,0.23463936301137822,0.5,24,12,6,1,False,0.5,0.5,1.0,1.0,0,0.25,0,1,0,24,24,False
syn-11-dense-002,11,dense,full,endpoints_100m,"[""syn-11-dense-002-d002"", ""syn-11-dense-002-d015"", ""syn-11-dense-002-d003"", ""syn-11-dense-002-d023"", ""syn-11-dense-002-d013"", ""syn-11-dense-002-d014"", ""syn-11-dense-002-d012"", ""syn-11-dense-002-d001"", ""syn-11-dense-002-d011"", ""syn-11-dense-002-d000"", ""syn-11-dense-002-d022"", ""syn-11-dense-002-d010""]",0.3333333333333333,0.16666666666666666,0.23463936301137822,0.5,24,12,6,1,False,0.5,0.5,1.0,1.0,0,0.25,0,1,0,24,24,False
syn-11-dense-002,11,dense,full,route_100m,"[""syn-11-dense-002-d002"", ""syn-11-dense-002-d015"", ""syn-11-dense-002-d023"", ""syn-11-dense-002-d013"", ""syn-11-dense-002-d003"", ""syn-11-dense-002-d014"", ""syn-11-dense-002-d001"", ""syn-11-dense-002-d012"", ""syn-11-dense-002-d011"", ""syn-11-dense-002-d000"", ""syn-11-dense-002-d022"", ""syn-11-dense-002-d010""]",0.3333333333333333,0.16666666666666666,0.23463936301137822,0.5,24,12,6,1,False,0.5,0.5,1.0,1.0,0,0.25,0,1,0,24,24,False
syn-11-dense-002,11,dense,full,departure_5min,"[""syn-11-dense-002-d002"", ""syn-11-dense-002-d015"", ""syn-11-dense-002-d023"", ""syn-11-dense-002-d003"", ""syn-11-dense-002-d013"", ""syn-11-dense-002-d014"", ""syn-11-dense-002-d001"", ""syn-11-dense-002-d012"", ""syn-11-dense-002-d011"", ""syn-11-dense-002-d000"", ""syn-11-dense-002-d010"", ""syn-11-dense-002-d022""]",0.3333333333333333,0.16666666666666666,0.23463936301137822,0.5,24,12,6,1,False,0.5,0.5,1.0,1.0,0,0.25,0,1,0,24,24,False
syn-11-dense-002,11,dense,full,availability_25pct,"[""syn-11-dense-002-d015"", ""syn-11-dense-002-d003"", ""syn-11-dense-002-d014"", ""syn-11-dense-002-d001"", ""syn-11-dense-002-d012"", ""syn-11-dense-002-d011"", ""syn-11-dense-002-d022""]",0.6666666666666666,0.3333333333333333,0.5307212739772434,0.2916666666666667,24,7,6,1,False,0.2916666666666667,0.3888888888888889,1.0,0.5833333333333334,0,0.25,3,1,0,18,24,False
syn-11-dense-003,11,dense,full,control,"[""syn-11-dense-003-d014"", ""syn-11-dense-003-d000"", ""syn-11-dense-003-d023"", ""syn-11-dense-003-d021"", ""syn-11-dense-003-d010"", ""syn-11-dense-003-d009"", ""syn-11-dense-003-d002"", ""syn-11-dense-003-d013"", ""syn-11-dense-003-d022"", ""syn-11-dense-003-d001"", ""syn-11-dense-003-d011"", ""syn-11-dense-003-d012""]",1.0,0.23076923076923078,1.0,0.5,24,12,13,5,False,0.5,0.5,1.0,1.0,0,0.25,0,5,0,24,24,False
syn-11-dense-003,11,dense,full,endpoints_100m,"[""syn-11-dense-003-d014"", ""syn-11-dense-003-d000"", ""syn-11-dense-003-d023"", ""syn-11-dense-003-d021"", ""syn-11-dense-003-d010"", ""syn-11-dense-003-d009"", ""syn-11-dense-003-d022"", ""syn-11-dense-003-d013"", ""syn-11-dense-003-d002"", ""syn-11-dense-003-d001"", ""syn-11-dense-003-d011"", ""syn-11-dense-003-d012""]",1.0,0.23076923076923078,1.0,0.5,24,12,13,5,False,0.5,0.5,1.0,1.0,0,0.25,0,5,0,24,24,False
syn-11-dense-003,11,dense,full,route_100m,"[""syn-11-dense-003-d014"", ""syn-11-dense-003-d000"", ""syn-11-dense-003-d023"", ""syn-11-dense-003-d021"", ""syn-11-dense-003-d010"", ""syn-11-dense-003-d002"", ""syn-11-dense-003-d009"", ""syn-11-dense-003-d013"", ""syn-11-dense-003-d022"", ""syn-11-dense-003-d001"", ""syn-11-dense-003-d011"", ""syn-11-dense-003-d012""]",1.0,0.23076923076923078,1.0,0.5,24,12,13,5,False,0.5,0.5,1.0,1.0,0,0.25,0,5,0,24,24,False
syn-11-dense-003,11,dense,full,departure_5min,"[""syn-11-dense-003-d014"", ""syn-11-dense-003-d000"", ""syn-11-dense-003-d023"", ""syn-11-dense-003-d021"", ""syn-11-dense-003-d010"", ""syn-11-dense-003-d009"", ""syn-11-dense-003-d013"", ""syn-11-dense-003-d002"", ""syn-11-dense-003-d022"", ""syn-11-dense-003-d001"", ""syn-11-dense-003-d011"", ""syn-11-dense-003-d012""]",1.0,0.23076923076923078,1.0,0.5,24,12,13,5,False,0.5,0.5,1.0,1.0,0,0.25,0,5,0,24,24,False
syn-11-dense-003,11,dense,full,availability_25pct,"[""syn-11-dense-003-d023"", ""syn-11-dense-003-d021"", ""syn-11-dense-003-d010"", ""syn-11-dense-003-d009"", ""syn-11-dense-003-d013"", ""syn-11-dense-003-d022"", ""syn-11-dense-003-d001"", ""syn-11-dense-003-d011"", ""syn-11-dense-003-d012""]",0.6666666666666666,0.15384615384615385,0.7039180890341347,0.375,24,9,13,4,False,0.375,0.5,1.0,0.75,0,0.25,4,4,0,18,24,False
syn-11-dense-004,11,dense,full,control,"[""syn-11-dense-004-d021"", ""syn-11-dense-004-d023"", ""syn-11-dense-004-d012"", ""syn-11-dense-004-d000"", ""syn-11-dense-004-d009"", ""syn-11-dense-004-d022"", ""syn-11-dense-004-d011"", ""syn-11-dense-004-d001"", ""syn-11-dense-004-d008"", ""syn-11-dense-004-d013"", ""syn-11-dense-004-d020"", ""syn-11-dense-004-d010""]",0.6666666666666666,0.2222222222222222,0.5307212739772434,0.5,24,12,9,3,False,0.5,0.5,1.0,1.0,0,0.25,0,3,0,24,24,False
syn-11-dense-004,11,dense,full,endpoints_100m,"[""syn-11-dense-004-d023"", ""syn-11-dense-004-d021"", ""syn-11-dense-004-d012"", ""syn-11-dense-004-d009"", ""syn-11-dense-004-d000"", ""syn-11-dense-004-d022"", ""syn-11-dense-004-d011"", ""syn-11-dense-004-d001"", ""syn-11-dense-004-d008"", ""syn-11-dense-004-d013"", ""syn-11-dense-004-d020"", ""syn-11-dense-004-d010""]",0.6666666666666666,0.2222222222222222,0.7039180890341347,0.5,24,12,9,3,False,0.5,0.5,1.0,1.0,0,0.25,0,3,0,24,24,False
syn-11-dense-004,11,dense,full,route_100m,"[""syn-11-dense-004-d021"", ""syn-11-dense-004-d023"", ""syn-11-dense-004-d012"", ""syn-11-dense-004-d000"", ""syn-11-dense-004-d022"", ""syn-11-dense-004-d009"", ""syn-11-dense-004-d011"", ""syn-11-dense-004-d008"", ""syn-11-dense-004-d001"", ""syn-11-dense-004-d013"", ""syn-11-dense-004-d020"", ""syn-11-dense-004-d010""]",0.6666666666666666,0.2222222222222222,0.5307212739772434,0.5,24,12,9,3,False,0.5,0.5,1.0,1.0,0,0.25,0,3,0,24,24,False
syn-11-dense-004,11,dense,full,departure_5min,"[""syn-11-dense-004-d021"", ""syn-11-dense-004-d023"", ""syn-11-dense-004-d012"", ""syn-11-dense-004-d009"", ""syn-11-dense-004-d000"", ""syn-11-dense-004-d022"", ""syn-11-dense-004-d011"", ""syn-11-dense-004-d001"", ""syn-11-dense-004-d008"", ""syn-11-dense-004-d013"", ""syn-11-dense-004-d020"", ""syn-11-dense-004-d010""]",0.6666666666666666,0.2222222222222222,0.5307212739772434,0.5,24,12,9,3,False,0.5,0.5,1.0,1.0,0,0.25,0,3,0,24,24,False
syn-11-dense-004,11,dense,full,availability_25pct,"[""syn-11-dense-004-d021"", ""syn-11-dense-004-d012"", ""syn-11-dense-004-d000"", ""syn-11-dense-004-d009"", ""syn-11-dense-004-d011"", ""syn-11-dense-004-d001"", ""syn-11-dense-004-d008"", ""syn-11-dense-004-d013"", ""syn-11-dense-004-d020"", ""syn-11-dense-004-d010""]",0.6666666666666666,0.2222222222222222,0.5307212739772434,0.4166666666666667,24,10,9,3,False,0.4166666666666667,0.5555555555555556,1.0,0.8333333333333334,0,0.25,1,3,0,18,24,False
syn-11-dense-005,11,dense,full,control,"[""syn-11-dense-005-d012"", ""syn-11-dense-005-d019"", ""syn-11-dense-005-d000"", ""syn-11-dense-005-d011"", ""syn-11-dense-005-d007"", ""syn-11-dense-005-d020"", ""syn-11-dense-005-d010"", ""syn-11-dense-005-d023"", ""syn-11-dense-005-d009"", ""syn-11-dense-005-d022"", ""syn-11-dense-005-d008"", ""syn-11-dense-005-d021""]",0.6666666666666666,0.15384615384615385,0.7039180890341347,0.5,24,12,13,5,False,0.5,0.5,1.0,1.0,0,0.25,0,5,0,24,24,False
syn-11-dense-005,11,dense,full,endpoints_100m,"[""syn-11-dense-005-d012"", ""syn-11-dense-005-d019"", ""syn-11-dense-005-d011"", ""syn-11-dense-005-d000"", ""syn-11-dense-005-d007"", ""syn-11-dense-005-d020"", ""syn-11-dense-005-d010"", ""syn-11-dense-005-d023"", ""syn-11-dense-005-d009"", ""syn-11-dense-005-d022"", ""syn-11-dense-005-d008"", ""syn-11-dense-005-d021""]",0.6666666666666666,0.15384615384615385,0.7039180890341347,0.5,24,12,13,5,False,0.5,0.5,1.0,1.0,0,0.25,0,5,0,24,24,False
syn-11-dense-005,11,dense,full,route_100m,"[""syn-11-dense-005-d012"", ""syn-11-dense-005-d019"", ""syn-11-dense-005-d011"", ""syn-11-dense-005-d000"", ""syn-11-dense-005-d007"", ""syn-11-dense-005-d020"", ""syn-11-dense-005-d023"", ""syn-11-dense-005-d010"", ""syn-11-dense-005-d009"", ""syn-11-dense-005-d022"", ""syn-11-dense-005-d008"", ""syn-11-dense-005-d021""]",0.6666666666666666,0.15384615384615385,0.7039180890341347,0.5,24,12,13,5,False,0.5,0.5,1.0,1.0,0,0.25,0,5,0,24,24,False
syn-11-dense-005,11,dense,full,departure_5min,"[""syn-11-dense-005-d012"", ""syn-11-dense-005-d019"", ""syn-11-dense-005-d011"", ""syn-11-dense-005-d000"", ""syn-11-dense-005-d007"", ""syn-11-dense-005-d020"", ""syn-11-dense-005-d010"", ""syn-11-dense-005-d009"", ""syn-11-dense-005-d023"", ""syn-11-dense-005-d022"", ""syn-11-dense-005-d008"", ""syn-11-dense-005-d021""]",0.6666666666666666,0.15384615384615385,0.7039180890341347,0.5,24,12,13,5,False,0.5,0.5,1.0,1.0,0,0.25,0,5,0,24,24,False
syn-11-dense-005,11,dense,full,availability_25pct,"[""syn-11-dense-005-d012"", ""syn-11-dense-005-d019"", ""syn-11-dense-005-d000"", ""syn-11-dense-005-d011"", ""syn-11-dense-005-d007"", ""syn-11-dense-005-d020"", ""syn-11-dense-005-d010"", ""syn-11-dense-005-d023"", ""syn-11-dense-005-d022"", ""syn-11-dense-005-d008""]",0.6666666666666666,0.15384615384615385,0.7039180890341347,0.4166666666666667,24,10,13,4,False,0.4166666666666667,0.5,1.0,0.8333333333333334,0,0.25,3,4,0,20,24,False
syn-11-dense-006,11,dense,full,control,"[""syn-11-dense-006-d011"", ""syn-11-dense-006-d006"", ""syn-11-dense-006-d021"", ""syn-11-dense-006-d007"", ""syn-11-dense-006-d008"", ""syn-11-dense-006-d009"", ""syn-11-dense-006-d022"", ""syn-11-dense-006-d023"", ""syn-11-dense-006-d020"", ""syn-11-dense-006-d018"", ""syn-11-dense-006-d010"", ""syn-11-dense-006-d019""]",0.0,,,0.5,24,12,0,0,True,0.5,0.5,1.0,1.0,0,0.25,0,0,0,24,24,False
syn-11-dense-006,11,dense,full,endpoints_100m,"[""syn-11-dense-006-d021"", ""syn-11-dense-006-d006"", ""syn-11-dense-006-d011"", ""syn-11-dense-006-d007"", ""syn-11-dense-006-d008"", ""syn-11-dense-006-d022"", ""syn-11-dense-006-d009"", ""syn-11-dense-006-d023"", ""syn-11-dense-006-d018"", ""syn-11-dense-006-d020"", ""syn-11-dense-006-d010"", ""syn-11-dense-006-d019""]",0.0,,,0.5,24,12,0,0,True,0.5,0.5,1.0,1.0,0,0.25,0,0,0,24,24,False
syn-11-dense-006,11,dense,full,route_100m,"[""syn-11-dense-006-d006"", ""syn-11-dense-006-d021"", ""syn-11-dense-006-d011"", ""syn-11-dense-006-d007"", ""syn-11-dense-006-d008"", ""syn-11-dense-006-d009"", ""syn-11-dense-006-d023"", ""syn-11-dense-006-d022"", ""syn-11-dense-006-d018"", ""syn-11-dense-006-d020"", ""syn-11-dense-006-d010"", ""syn-11-dense-006-d019""]",0.0,,,0.5,24,12,0,0,True,0.5,0.5,1.0,1.0,0,0.25,0,0,0,24,24,False
syn-11-dense-006,11,dense,full,departure_5min,"[""syn-11-dense-006-d006"", ""syn-11-dense-006-d011"", ""syn-11-dense-006-d021"", ""syn-11-dense-006-d007"", ""syn-11-dense-006-d008"", ""syn-11-dense-006-d023"", ""syn-11-dense-006-d009"", ""syn-11-dense-006-d022"", ""syn-11-dense-006-d020"", ""syn-11-dense-006-d010"", ""syn-11-dense-006-d018"", ""syn-11-dense-006-d019""]",0.0,,,0.5,24,12,0,0,True,0.5,0.5,1.0,1.0,0,0.25,0,0,0,24,24,False
syn-11-dense-006,11,dense,full,availability_25pct,"[""syn-11-dense-006-d011"", ""syn-11-dense-006-d006"", ""syn-11-dense-006-d021"", ""syn-11-dense-006-d008"", ""syn-11-dense-006-d009"", ""syn-11-dense-006-d022"", ""syn-11-dense-006-d023"", ""syn-11-dense-006-d020"", ""syn-11-dense-006-d019""]",0.0,,,0.375,24,9,0,0,True,0.375,0.45,1.0,0.75,0,0.25,0,0,0,20,24,False
syn-11-dense-007,11,dense,full,control,"[""syn-11-dense-007-d022"", ""syn-11-dense-007-d007"", ""syn-11-dense-007-d010"", ""syn-11-dense-007-d009"", ""syn-11-dense-007-d018"", ""syn-11-dense-007-d021"", ""syn-11-dense-007-d019"", ""syn-11-dense-007-d008"", ""syn-11-dense-007-d017"", ""syn-11-dense-007-d006"", ""syn-11-dense-007-d020"", ""syn-11-dense-007-d005""]",0.6666666666666666,0.2857142857142857,0.7039180890341347,0.5,24,12,7,2,False,0.5,0.5,1.0,1.0,0,0.25,0,2,0,24,24,False
syn-11-dense-007,11,dense,full,endpoints_100m,"[""syn-11-dense-007-d007"", ""syn-11-dense-007-d022"", ""syn-11-dense-007-d010"", ""syn-11-dense-007-d009"", ""syn-11-dense-007-d018"", ""syn-11-dense-007-d021"", ""syn-11-dense-007-d019"", ""syn-11-dense-007-d008"", ""syn-11-dense-007-d017"", ""syn-11-dense-007-d006"", ""syn-11-dense-007-d020"", ""syn-11-dense-007-d005""]",0.6666666666666666,0.2857142857142857,0.5307212739772434,0.5,24,12,7,2,False,0.5,0.5,1.0,1.0,0,0.25,0,2,0,24,24,False
syn-11-dense-007,11,dense,full,route_100m,"[""syn-11-dense-007-d022"", ""syn-11-dense-007-d007"", ""syn-11-dense-007-d010"", ""syn-11-dense-007-d009"", ""syn-11-dense-007-d018"", ""syn-11-dense-007-d021"", ""syn-11-dense-007-d019"", ""syn-11-dense-007-d008"", ""syn-11-dense-007-d017"", ""syn-11-dense-007-d006"", ""syn-11-dense-007-d020"", ""syn-11-dense-007-d005""]",0.6666666666666666,0.2857142857142857,0.7039180890341347,0.5,24,12,7,2,False,0.5,0.5,1.0,1.0,0,0.25,0,2,0,24,24,False
syn-11-dense-007,11,dense,full,departure_5min,"[""syn-11-dense-007-d007"", ""syn-11-dense-007-d022"", ""syn-11-dense-007-d010"", ""syn-11-dense-007-d009"", ""syn-11-dense-007-d018"", ""syn-11-dense-007-d021"", ""syn-11-dense-007-d019"", ""syn-11-dense-007-d008"", ""syn-11-dense-007-d006"", ""syn-11-dense-007-d017"", ""syn-11-dense-007-d020"", ""syn-11-dense-007-d005""]",0.6666666666666666,0.2857142857142857,0.5307212739772434,0.5,24,12,7,2,False,0.5,0.5,1.0,1.0,0,0.25,0,2,0,24,24,False
syn-11-dense-007,11,dense,full,availability_25pct,"[""syn-11-dense-007-d022"", ""syn-11-dense-007-d009"", ""syn-11-dense-007-d018"", ""syn-11-dense-007-d008"", ""syn-11-dense-007-d017"", ""syn-11-dense-007-d006"", ""syn-11-dense-007-d020"", ""syn-11-dense-007-d005""]",0.3333333333333333,0.14285714285714285,0.46927872602275644,0.3333333333333333,24,8,7,1,False,0.3333333333333333,0.5,1.0,0.6666666666666666,0,0.25,3,1,0,16,24,False
syn-11-dense-008,11,dense,full,control,"[""syn-11-dense-008-d005"", ""syn-11-dense-008-d006"", ""syn-11-dense-008-d008"", ""syn-11-dense-008-d021"", ""syn-11-dense-008-d016"", ""syn-11-dense-008-d017"", ""syn-11-dense-008-d004"", ""syn-11-dense-008-d019"", ""syn-11-dense-008-d018"", ""syn-11-dense-008-d009"", ""syn-11-dense-008-d020"", ""syn-11-dense-008-d007""]",1.0,0.23076923076923078,1.0,0.5,24,12,13,5,False,0.5,0.5,1.0,1.0,0,0.25,0,5,0,24,24,False
syn-11-dense-008,11,dense,full,endpoints_100m,"[""syn-11-dense-008-d005"", ""syn-11-dense-008-d006"", ""syn-11-dense-008-d021"", ""syn-11-dense-008-d008"", ""syn-11-dense-008-d016"", ""syn-11-dense-008-d019"", ""syn-11-dense-008-d017"", ""syn-11-dense-008-d004"", ""syn-11-dense-008-d018"", ""syn-11-dense-008-d009"", ""syn-11-dense-008-d020"", ""syn-11-dense-008-d007""]",1.0,0.23076923076923078,1.0,0.5,24,12,13,5,False,0.5,0.5,1.0,1.0,0,0.25,0,5,0,24,24,False
syn-11-dense-008,11,dense,full,route_100m,"[""syn-11-dense-008-d005"", ""syn-11-dense-008-d006"", ""syn-11-dense-008-d008"", ""syn-11-dense-008-d021"", ""syn-11-dense-008-d017"", ""syn-11-dense-008-d016"", ""syn-11-dense-008-d004"", ""syn-11-dense-008-d019"", ""syn-11-dense-008-d018"", ""syn-11-dense-008-d009"", ""syn-11-dense-008-d020"", ""syn-11-dense-008-d007""]",1.0,0.23076923076923078,1.0,0.5,24,12,13,5,False,0.5,0.5,1.0,1.0,0,0.25,0,5,0,24,24,False
syn-11-dense-008,11,dense,full,departure_5min,"[""syn-11-dense-008-d005"", ""syn-11-dense-008-d006"", ""syn-11-dense-008-d008"", ""syn-11-dense-008-d021"", ""syn-11-dense-008-d016"", ""syn-11-dense-008-d017"", ""syn-11-dense-008-d004"", ""syn-11-dense-008-d019"", ""syn-11-dense-008-d018"", ""syn-11-dense-008-d009"", ""syn-11-dense-008-d020"", ""syn-11-dense-008-d007""]",1.0,0.23076923076923078,1.0,0.5,24,12,13,5,False,0.5,0.5,1.0,1.0,0,0.25,0,5,0,24,24,False
syn-11-dense-008,11,dense,full,availability_25pct,"[""syn-11-dense-008-d005"", ""syn-11-dense-008-d006"", ""syn-11-dense-008-d021"", ""syn-11-dense-008-d016"", ""syn-11-dense-008-d004"", ""syn-11-dense-008-d019"", ""syn-11-dense-008-d018"", ""syn-11-dense-008-d007""]",1.0,0.23076923076923078,1.0,0.3333333333333333,24,8,13,4,False,0.3333333333333333,0.42105263157894735,1.0,0.6666666666666666,0,0.25,3,4,0,19,24,False
syn-11-dense-009,11,dense,full,control,"[""syn-11-dense-009-d004"", ""syn-11-dense-009-d015"", ""syn-11-dense-009-d006"", ""syn-11-dense-009-d020"", ""syn-11-dense-009-d017"", ""syn-11-dense-009-d018"", ""syn-11-dense-009-d005"", ""syn-11-dense-009-d003"", ""syn-11-dense-009-d008"", ""syn-11-dense-009-d019"", ""syn-11-dense-009-d007"", ""syn-11-dense-009-d016""]",0.3333333333333333,0.1,0.46927872602275644,0.5,24,12,10,5,False,0.5,0.5,1.0,1.0,0,0.25,0,5,0,24,24,False
syn-11-dense-009,11,dense,full,endpoints_100m,"[""syn-11-dense-009-d004"", ""syn-11-dense-009-d015"", ""syn-11-dense-009-d020"", ""syn-11-dense-009-d006"", ""syn-11-dense-009-d017"", ""syn-11-dense-009-d018"", ""syn-11-dense-009-d005"", ""syn-11-dense-009-d003"", ""syn-11-dense-009-d008"", ""syn-11-dense-009-d019"", ""syn-11-dense-009-d007"", ""syn-11-dense-009-d016""]",0.6666666666666666,0.2,0.7039180890341347,0.5,24,12,10,5,False,0.5,0.5,1.0,1.0,0,0.25,0,5,0,24,24,False
syn-11-dense-009,11,dense,full,route_100m,"[""syn-11-dense-009-d004"", ""syn-11-dense-009-d015"", ""syn-11-dense-009-d006"", ""syn-11-dense-009-d020"", ""syn-11-dense-009-d017"", ""syn-11-dense-009-d018"", ""syn-11-dense-009-d005"", ""syn-11-dense-009-d003"", ""syn-11-dense-009-d008"", ""syn-11-dense-009-d019"", ""syn-11-dense-009-d007"", ""syn-11-dense-009-d016""]",0.3333333333333333,0.1,0.46927872602275644,0.5,24,12,10,5,False,0.5,0.5,1.0,1.0,0,0.25,0,5,0,24,24,False
syn-11-dense-009,11,dense,full,departure_5min,"[""syn-11-dense-009-d004"", ""syn-11-dense-009-d015"", ""syn-11-dense-009-d020"", ""syn-11-dense-009-d006"", ""syn-11-dense-009-d017"", ""syn-11-dense-009-d018"", ""syn-11-dense-009-d005"", ""syn-11-dense-009-d003"", ""syn-11-dense-009-d008"", ""syn-11-dense-009-d019"", ""syn-11-dense-009-d007"", ""syn-11-dense-009-d016""]",0.6666666666666666,0.2,0.7039180890341347,0.5,24,12,10,5,False,0.5,0.5,1.0,1.0,0,0.25,0,5,0,24,24,False
syn-11-dense-009,11,dense,full,availability_25pct,"[""syn-11-dense-009-d004"", ""syn-11-dense-009-d015"", ""syn-11-dense-009-d006"", ""syn-11-dense-009-d018"", ""syn-11-dense-009-d005"", ""syn-11-dense-009-d003"", ""syn-11-dense-009-d008"", ""syn-11-dense-009-d019"", ""syn-11-dense-009-d007""]",0.3333333333333333,0.1,0.46927872602275644,0.375,24,9,10,5,False,0.375,0.45,1.0,0.75,0,0.25,2,5,0,20,24,False
syn-11-dense-010,11,dense,full,control,"[""syn-11-dense-010-d004"", ""syn-11-dense-010-d002"", ""syn-11-dense-010-d005"", ""syn-11-dense-010-d014"", ""syn-11-dense-010-d019"", ""syn-11-dense-010-d007"", ""syn-11-dense-010-d017"", ""syn-11-dense-010-d015"", ""syn-11-dense-010-d003"", ""syn-11-dense-010-d006"", ""syn-11-dense-010-d018"", ""syn-11-dense-010-d016""]",0.0,,,0.5,24,12,0,0,True,0.5,0.5,1.0,1.0,0,0.25,0,0,0,24,24,False
syn-11-dense-010,11,dense,full,endpoints_100m,"[""syn-11-dense-010-d004"", ""syn-11-dense-010-d002"", ""syn-11-dense-010-d005"", ""syn-11-dense-010-d014"", ""syn-11-dense-010-d019"", ""syn-11-dense-010-d007"", ""syn-11-dense-010-d017"", ""syn-11-dense-010-d015"", ""syn-11-dense-010-d003"", ""syn-11-dense-010-d006"", ""syn-11-dense-010-d018"", ""syn-11-dense-010-d016""]",0.0,,,0.5,24,12,0,0,True,0.5,0.5,1.0,1.0,0,0.25,0,0,0,24,24,False
syn-11-dense-010,11,dense,full,route_100m,"[""syn-11-dense-010-d004"", ""syn-11-dense-010-d002"", ""syn-11-dense-010-d005"", ""syn-11-dense-010-d014"", ""syn-11-dense-010-d019"", ""syn-11-dense-010-d007"", ""syn-11-dense-010-d015"", ""syn-11-dense-010-d017"", ""syn-11-dense-010-d003"", ""syn-11-dense-010-d006"", ""syn-11-dense-010-d018"", ""syn-11-dense-010-d016""]",0.0,,,0.5,24,12,0,0,True,0.5,0.5,1.0,1.0,0,0.25,0,0,0,24,24,False
syn-11-dense-010,11,dense,full,departure_5min,"[""syn-11-dense-010-d004"", ""syn-11-dense-010-d002"", ""syn-11-dense-010-d005"", ""syn-11-dense-010-d014"", ""syn-11-dense-010-d019"", ""syn-11-dense-010-d007"", ""syn-11-dense-010-d017"", ""syn-11-dense-010-d015"", ""syn-11-dense-010-d003"", ""syn-11-dense-010-d006"", ""syn-11-dense-010-d018"", ""syn-11-dense-010-d016""]",0.0,,,0.5,24,12,0,0,True,0.5,0.5,1.0,1.0,0,0.25,0,0,0,24,24,False
syn-11-dense-010,11,dense,full,availability_25pct,"[""syn-11-dense-010-d004"", ""syn-11-dense-010-d002"", ""syn-11-dense-010-d005"", ""syn-11-dense-010-d014"", ""syn-11-dense-010-d015"", ""syn-11-dense-010-d003"", ""syn-11-dense-010-d018"", ""syn-11-dense-010-d016""]",0.0,,,0.3333333333333333,24,8,0,0,True,0.3333333333333333,0.5,1.0,0.6666666666666666,0,0.25,0,0,0,16,24,False
syn-11-dense-011,11,dense,full,control,"[""syn-11-dense-011-d017"", ""syn-11-dense-011-d001"", ""syn-11-dense-011-d016"", ""syn-11-dense-011-d005"", ""syn-11-dense-011-d006"", ""syn-11-dense-011-d004"", ""syn-11-dense-011-d013"", ""syn-11-dense-011-d018"", ""syn-11-dense-011-d015"", ""syn-11-dense-011-d003"", ""syn-11-dense-011-d014"", ""syn-11-dense-011-d002""]",0.3333333333333333,0.3333333333333333,0.46927872602275644,0.5,24,12,3,0,False,0.5,0.5,1.0,1.0,0,0.25,0,0,0,24,24,False
syn-11-dense-011,11,dense,full,endpoints_100m,"[""syn-11-dense-011-d017"", ""syn-11-dense-011-d016"", ""syn-11-dense-011-d001"", ""syn-11-dense-011-d005"", ""syn-11-dense-011-d006"", ""syn-11-dense-011-d004"", ""syn-11-dense-011-d013"", ""syn-11-dense-011-d018"", ""syn-11-dense-011-d003"", ""syn-11-dense-011-d015"", ""syn-11-dense-011-d014"", ""syn-11-dense-011-d002""]",0.3333333333333333,0.3333333333333333,0.46927872602275644,0.5,24,12,3,0,False,0.5,0.5,1.0,1.0,0,0.25,0,0,0,24,24,False
syn-11-dense-011,11,dense,full,route_100m,"[""syn-11-dense-011-d017"", ""syn-11-dense-011-d001"", ""syn-11-dense-011-d016"", ""syn-11-dense-011-d005"", ""syn-11-dense-011-d006"", ""syn-11-dense-011-d004"", ""syn-11-dense-011-d013"", ""syn-11-dense-011-d003"", ""syn-11-dense-011-d018"", ""syn-11-dense-011-d015"", ""syn-11-dense-011-d014"", ""syn-11-dense-011-d002""]",0.3333333333333333,0.3333333333333333,0.46927872602275644,0.5,24,12,3,0,False,0.5,0.5,1.0,1.0,0,0.25,0,0,0,24,24,False
syn-11-dense-011,11,dense,full,departure_5min,"[""syn-11-dense-011-d017"", ""syn-11-dense-011-d001"", ""syn-11-dense-011-d016"", ""syn-11-dense-011-d005"", ""syn-11-dense-011-d006"", ""syn-11-dense-011-d004"", ""syn-11-dense-011-d013"", ""syn-11-dense-011-d018"", ""syn-11-dense-011-d015"", ""syn-11-dense-011-d003"", ""syn-11-dense-011-d014"", ""syn-11-dense-011-d002""]",0.3333333333333333,0.3333333333333333,0.46927872602275644,0.5,24,12,3,0,False,0.5,0.5,1.0,1.0,0,0.25,0,0,0,24,24,False
syn-11-dense-011,11,dense,full,availability_25pct,"[""syn-11-dense-011-d017"", ""syn-11-dense-011-d001"", ""syn-11-dense-011-d016"", ""syn-11-dense-011-d005"", ""syn-11-dense-011-d006"", ""syn-11-dense-011-d013"", ""syn-11-dense-011-d018"", ""syn-11-dense-011-d015"", ""syn-11-dense-011-d003"", ""syn-11-dense-011-d014"", ""syn-11-dense-011-d002""]",0.3333333333333333,0.3333333333333333,0.46927872602275644,0.4583333333333333,24,11,3,0,False,0.4583333333333333,0.5,1.0,0.9166666666666666,0,0.25,0,0,0,22,24,False
syn-11-dense-012,11,dense,full,control,"[""syn-11-dense-012-d004"", ""syn-11-dense-012-d012"", ""syn-11-dense-012-d015"", ""syn-11-dense-012-d017"", ""syn-11-dense-012-d013"", ""syn-11-dense-012-d001"", ""syn-11-dense-012-d014"", ""syn-11-dense-012-d016"", ""syn-11-dense-012-d002"", ""syn-11-dense-012-d003"", ""syn-11-dense-012-d005"", ""syn-11-dense-012-d000""]",0.6666666666666666,0.2222222222222222,0.7653606369886217,0.5,24,12,9,2,False,0.5,0.5,1.0,1.0,0,0.25,0,2,0,24,24,False
syn-11-dense-012,11,dense,full,endpoints_100m,"[""syn-11-dense-012-d004"", ""syn-11-dense-012-d012"", ""syn-11-dense-012-d015"", ""syn-11-dense-012-d017"", ""syn-11-dense-012-d013"", ""syn-11-dense-012-d001"", ""syn-11-dense-012-d014"", ""syn-11-dense-012-d016"", ""syn-11-dense-012-d002"", ""syn-11-dense-012-d003"", ""syn-11-dense-012-d005"", ""syn-11-dense-012-d000""]",0.6666666666666666,0.2222222222222222,0.7653606369886217,0.5,24,12,9,2,False,0.5,0.5,1.0,1.0,0,0.25,0,2,0,24,24,False
syn-11-dense-012,11,dense,full,route_100m,"[""syn-11-dense-012-d004"", ""syn-11-dense-012-d012"", ""syn-11-dense-012-d015"", ""syn-11-dense-012-d013"", ""syn-11-dense-012-d017"", ""syn-11-dense-012-d014"", ""syn-11-dense-012-d001"", ""syn-11-dense-012-d016"", ""syn-11-dense-012-d003"", ""syn-11-dense-012-d002"", ""syn-11-dense-012-d005"", ""syn-11-dense-012-d000""]",0.6666666666666666,0.2222222222222222,0.7653606369886217,0.5,24,12,9,2,False,0.5,0.5,1.0,1.0,0,0.25,0,2,0,24,24,False
syn-11-dense-012,11,dense,full,departure_5min,"[""syn-11-dense-012-d004"", ""syn-11-dense-012-d012"", ""syn-11-dense-012-d015"", ""syn-11-dense-012-d013"", ""syn-11-dense-012-d017"", ""syn-11-dense-012-d001"", ""syn-11-dense-012-d014"", ""syn-11-dense-012-d016"", ""syn-11-dense-012-d003"", ""syn-11-dense-012-d002"", ""syn-11-dense-012-d005"", ""syn-11-dense-012-d000""]",0.6666666666666666,0.2222222222222222,0.7653606369886217,0.5,24,12,9,2,False,0.5,0.5,1.0,1.0,0,0.25,0,2,0,24,24,False
syn-11-dense-012,11,dense,full,availability_25pct,"[""syn-11-dense-012-d004"", ""syn-11-dense-012-d012"", ""syn-11-dense-012-d017"", ""syn-11-dense-012-d013"", ""syn-11-dense-012-d001"", ""syn-11-dense-012-d014"", ""syn-11-dense-012-d016"", ""syn-11-dense-012-d002"", ""syn-11-dense-012-d003"", ""syn-11-dense-012-d005"", ""syn-11-dense-012-d000""]",1.0,0.3333333333333333,1.0,0.4583333333333333,24,11,9,2,False,0.4583333333333333,0.55,1.0,0.9166666666666666,0,0.25,0,2,0,20,24,False
syn-11-dense-013,11,dense,full,control,"[""syn-11-dense-013-d013"", ""syn-11-dense-013-d016"", ""syn-11-dense-013-d003"", ""syn-11-dense-013-d001"", ""syn-11-dense-013-d012"", ""syn-11-dense-013-d004"", ""syn-11-dense-013-d014"", ""syn-11-dense-013-d011"", ""syn-11-dense-013-d023"", ""syn-11-dense-013-d000"", ""syn-11-dense-013-d002"", ""syn-11-dense-013-d015""]",0.0,0.0,0.0,0.5,24,12,7,4,False,0.5,0.5,1.0,1.0,0,0.25,0,4,0,24,24,False
syn-11-dense-013,11,dense,full,endpoints_100m,"[""syn-11-dense-013-d013"", ""syn-11-dense-013-d016"", ""syn-11-dense-013-d001"", ""syn-11-dense-013-d003"", ""syn-11-dense-013-d012"", ""syn-11-dense-013-d004"", ""syn-11-dense-013-d014"", ""syn-11-dense-013-d011"", ""syn-11-dense-013-d000"", ""syn-11-dense-013-d023"", ""syn-11-dense-013-d002"", ""syn-11-dense-013-d015""]",0.0,0.0,0.0,0.5,24,12,7,4,False,0.5,0.5,1.0,1.0,0,0.25,0,4,0,24,24,False
syn-11-dense-013,11,dense,full,route_100m,"[""syn-11-dense-013-d013"", ""syn-11-dense-013-d016"", ""syn-11-dense-013-d003"", ""syn-11-dense-013-d001"", ""syn-11-dense-013-d012"", ""syn-11-dense-013-d004"", ""syn-11-dense-013-d014"", ""syn-11-dense-013-d011"", ""syn-11-dense-013-d023"", ""syn-11-dense-013-d000"", ""syn-11-dense-013-d002"", ""syn-11-dense-013-d015""]",0.0,0.0,0.0,0.5,24,12,7,4,False,0.5,0.5,1.0,1.0,0,0.25,0,4,0,24,24,False
syn-11-dense-013,11,dense,full,departure_5min,"[""syn-11-dense-013-d013"", ""syn-11-dense-013-d016"", ""syn-11-dense-013-d003"", ""syn-11-dense-013-d001"", ""syn-11-dense-013-d004"", ""syn-11-dense-013-d012"", ""syn-11-dense-013-d011"", ""syn-11-dense-013-d000"", ""syn-11-dense-013-d014"", ""syn-11-dense-013-d023"", ""syn-11-dense-013-d002"", ""syn-11-dense-013-d015""]",0.0,0.0,0.0,0.5,24,12,7,4,False,0.5,0.5,1.0,1.0,0,0.25,0,4,0,24,24,False
syn-11-dense-013,11,dense,full,availability_25pct,"[""syn-11-dense-013-d016"", ""syn-11-dense-013-d003"", ""syn-11-dense-013-d012"", ""syn-11-dense-013-d004"", ""syn-11-dense-013-d014"", ""syn-11-dense-013-d011"", ""syn-11-dense-013-d023"", ""syn-11-dense-013-d002"", ""syn-11-dense-013-d015""]",0.0,0.0,0.0,0.375,24,9,7,4,False,0.375,0.45,1.0,0.75,0,0.25,1,4,0,20,24,False
syn-11-dense-014,11,dense,full,control,"[""syn-11-dense-014-d000"", ""syn-11-dense-014-d013"", ""syn-11-dense-014-d015"", ""syn-11-dense-014-d003"", ""syn-11-dense-014-d011"", ""syn-11-dense-014-d022"", ""syn-11-dense-014-d010"", ""syn-11-dense-014-d023"", ""syn-11-dense-014-d014"", ""syn-11-dense-014-d001"", ""syn-11-dense-014-d012"", ""syn-11-dense-014-d002""]",0.3333333333333333,0.08333333333333333,0.23463936301137822,0.5,24,12,12,8,False,0.5,0.5,1.0,1.0,0,0.25,0,8,0,24,24,False
syn-11-dense-014,11,dense,full,endpoints_100m,"[""syn-11-dense-014-d000"", ""syn-11-dense-014-d013"", ""syn-11-dense-014-d015"", ""syn-11-dense-014-d011"", ""syn-11-dense-014-d003"", ""syn-11-dense-014-d022"", ""syn-11-dense-014-d010"", ""syn-11-dense-014-d023"", ""syn-11-dense-014-d014"", ""syn-11-dense-014-d001"", ""syn-11-dense-014-d012"", ""syn-11-dense-014-d002""]",0.3333333333333333,0.08333333333333333,0.23463936301137822,0.5,24,12,12,8,False,0.5,0.5,1.0,1.0,0,0.25,0,8,0,24,24,False
syn-11-dense-014,11,dense,full,route_100m,"[""syn-11-dense-014-d000"", ""syn-11-dense-014-d013"", ""syn-11-dense-014-d015"", ""syn-11-dense-014-d003"", ""syn-11-dense-014-d011"", ""syn-11-dense-014-d022"", ""syn-11-dense-014-d010"", ""syn-11-dense-014-d023"", ""syn-11-dense-014-d014"", ""syn-11-dense-014-d001"", ""syn-11-dense-014-d012"", ""syn-11-dense-014-d002""]",0.3333333333333333,0.08333333333333333,0.23463936301137822,0.5,24,12,12,8,False,0.5,0.5,1.0,1.0,0,0.25,0,8,0,24,24,False
syn-11-dense-014,11,dense,full,departure_5min,"[""syn-11-dense-014-d000"", ""syn-11-dense-014-d013"", ""syn-11-dense-014-d015"", ""syn-11-dense-014-d003"", ""syn-11-dense-014-d011"", ""syn-11-dense-014-d022"", ""syn-11-dense-014-d010"", ""syn-11-dense-014-d023"", ""syn-11-dense-014-d014"", ""syn-11-dense-014-d001"", ""syn-11-dense-014-d012"", ""syn-11-dense-014-d002""]",0.3333333333333333,0.08333333333333333,0.23463936301137822,0.5,24,12,12,8,False,0.5,0.5,1.0,1.0,0,0.25,0,8,0,24,24,False
syn-11-dense-014,11,dense,full,availability_25pct,"[""syn-11-dense-014-d013"", ""syn-11-dense-014-d022"", ""syn-11-dense-014-d010"", ""syn-11-dense-014-d023"", ""syn-11-dense-014-d014"", ""syn-11-dense-014-d002""]",0.3333333333333333,0.08333333333333333,0.2960819109658652,0.25,24,6,12,5,False,0.25,0.42857142857142855,1.0,0.5,0,0.25,5,5,0,14,24,False
syn-11-dense-015,11,dense,full,control,"[""syn-11-dense-015-d023"", ""syn-11-dense-015-d012"", ""syn-11-dense-015-d009"", ""syn-11-dense-015-d022"", ""syn-11-dense-015-d014"", ""syn-11-dense-015-d002"", ""syn-11-dense-015-d010"", ""syn-11-dense-015-d013"", ""syn-11-dense-015-d001"", ""syn-11-dense-015-d011"", ""syn-11-dense-015-d021"", ""syn-11-dense-015-d000""]",0.6666666666666666,0.18181818181818182,0.7653606369886217,0.5,24,12,11,4,False,0.5,0.5,1.0,1.0,0,0.25,0,4,0,24,24,False
syn-11-dense-015,11,dense,full,endpoints_100m,"[""syn-11-dense-015-d012"", ""syn-11-dense-015-d023"", ""syn-11-dense-015-d009"", ""syn-11-dense-015-d022"", ""syn-11-dense-015-d014"", ""syn-11-dense-015-d002"", ""syn-11-dense-015-d010"", ""syn-11-dense-015-d013"", ""syn-11-dense-015-d001"", ""syn-11-dense-015-d011"", ""syn-11-dense-015-d021"", ""syn-11-dense-015-d000""]",0.6666666666666666,0.18181818181818182,0.7653606369886217,0.5,24,12,11,4,False,0.5,0.5,1.0,1.0,0,0.25,0,4,0,24,24,False
syn-11-dense-015,11,dense,full,route_100m,"[""syn-11-dense-015-d023"", ""syn-11-dense-015-d012"", ""syn-11-dense-015-d009"", ""syn-11-dense-015-d022"", ""syn-11-dense-015-d014"", ""syn-11-dense-015-d002"", ""syn-11-dense-015-d010"", ""syn-11-dense-015-d013"", ""syn-11-dense-015-d011"", ""syn-11-dense-015-d021"", ""syn-11-dense-015-d001"", ""syn-11-dense-015-d000""]",0.6666666666666666,0.18181818181818182,0.7653606369886217,0.5,24,12,11,4,False,0.5,0.5,1.0,1.0,0,0.25,0,4,0,24,24,False
syn-11-dense-015,11,dense,full,departure_5min,"[""syn-11-dense-015-d023"", ""syn-11-dense-015-d012"", ""syn-11-dense-015-d009"", ""syn-11-dense-015-d022"", ""syn-11-dense-015-d014"", ""syn-11-dense-015-d002"", ""syn-11-dense-015-d010"", ""syn-11-dense-015-d013"", ""syn-11-dense-015-d021"", ""syn-11-dense-015-d001"", ""syn-11-dense-015-d011"", ""syn-11-dense-015-d000""]",0.6666666666666666,0.18181818181818182,0.7653606369886217,0.5,24,12,11,4,False,0.5,0.5,1.0,1.0,0,0.25,0,4,0,24,24,False
syn-11-dense-015,11,dense,full,availability_25pct,"[""syn-11-dense-015-d023"", ""syn-11-dense-015-d012"", ""syn-11-dense-015-d022"", ""syn-11-dense-015-d014"", ""syn-11-dense-015-d002"", ""syn-11-dense-015-d010"", ""syn-11-dense-015-d011"", ""syn-11-dense-015-d000""]",0.6666666666666666,0.18181818181818182,0.7653606369886217,0.3333333333333333,24,8,11,2,False,0.3333333333333333,0.5333333333333333,1.0,0.6666666666666666,0,0.25,4,2,0,15,24,False
syn-11-dense-016,11,dense,full,control,"[""syn-11-dense-016-d021"", ""syn-11-dense-016-d012"", ""syn-11-dense-016-d010"", ""syn-11-dense-016-d000"", ""syn-11-dense-016-d023"", ""syn-11-dense-016-d008"", ""syn-11-dense-016-d022"", ""syn-11-dense-016-d011"", ""syn-11-dense-016-d009"", ""syn-11-dense-016-d001"", ""syn-11-dense-016-d020"", ""syn-11-dense-016-d013""]",0.3333333333333333,0.09090909090909091,0.23463936301137822,0.5,24,12,11,6,False,0.5,0.5,1.0,1.0,0,0.25,0,6,0,24,24,False
syn-11-dense-016,11,dense,full,endpoints_100m,"[""syn-11-dense-016-d021"", ""syn-11-dense-016-d012"", ""syn-11-dense-016-d010"", ""syn-11-dense-016-d000"", ""syn-11-dense-016-d023"", ""syn-11-dense-016-d008"", ""syn-11-dense-016-d022"", ""syn-11-dense-016-d011"", ""syn-11-dense-016-d001"", ""syn-11-dense-016-d009"", ""syn-11-dense-016-d020"", ""syn-11-dense-016-d013""]",0.3333333333333333,0.09090909090909091,0.23463936301137822,0.5,24,12,11,6,False,0.5,0.5,1.0,1.0,0,0.25,0,6,0,24,24,False
syn-11-dense-016,11,dense,full,route_100m,"[""syn-11-dense-016-d021"", ""syn-11-dense-016-d012"", ""syn-11-dense-016-d000"", ""syn-11-dense-016-d010"", ""syn-11-dense-016-d023"", ""syn-11-dense-016-d008"", ""syn-11-dense-016-d022"", ""syn-11-dense-016-d011"", ""syn-11-dense-016-d009"", ""syn-11-dense-016-d001"", ""syn-11-dense-016-d020"", ""syn-11-dense-016-d013""]",0.0,0.0,0.0,0.5,24,12,11,6,False,0.5,0.5,1.0,1.0,0,0.25,0,6,0,24,24,False
syn-11-dense-016,11,dense,full,departure_5min,"[""syn-11-dense-016-d021"", ""syn-11-dense-016-d012"", ""syn-11-dense-016-d010"", ""syn-11-dense-016-d000"", ""syn-11-dense-016-d023"", ""syn-11-dense-016-d008"", ""syn-11-dense-016-d022"", ""syn-11-dense-016-d011"", ""syn-11-dense-016-d009"", ""syn-11-dense-016-d001"", ""syn-11-dense-016-d020"", ""syn-11-dense-016-d013""]",0.3333333333333333,0.09090909090909091,0.23463936301137822,0.5,24,12,11,6,False,0.5,0.5,1.0,1.0,0,0.25,0,6,0,24,24,False
syn-11-dense-016,11,dense,full,availability_25pct,"[""syn-11-dense-016-d021"", ""syn-11-dense-016-d010"", ""syn-11-dense-016-d008"", ""syn-11-dense-016-d022"", ""syn-11-dense-016-d011"", ""syn-11-dense-016-d009"", ""syn-11-dense-016-d001"", ""syn-11-dense-016-d020"", ""syn-11-dense-016-d013""]",0.3333333333333333,0.09090909090909091,0.2960819109658652,0.375,24,9,11,6,False,0.375,0.5294117647058824,1.0,0.75,0,0.25,1,6,0,17,24,False
syn-11-dense-017,11,dense,full,control,"[""syn-11-dense-017-d022"", ""syn-11-dense-017-d020"", ""syn-11-dense-017-d019"", ""syn-11-dense-017-d021"", ""syn-11-dense-017-d012"", ""syn-11-dense-017-d009"", ""syn-11-dense-017-d008"", ""syn-11-dense-017-d023"", ""syn-11-dense-017-d011"", ""syn-11-dense-017-d007"", ""syn-11-dense-017-d000"", ""syn-11-dense-017-d010""]",0.3333333333333333,0.2,0.46927872602275644,0.5,24,12,5,0,False,0.5,0.5,1.0,1.0,0,0.25,0,0,0,24,24,False
syn-11-dense-017,11,dense,full,endpoints_100m,"[""syn-11-dense-017-d022"", ""syn-11-dense-017-d020"", ""syn-11-dense-017-d021"", ""syn-11-dense-017-d019"", ""syn-11-dense-017-d012"", ""syn-11-dense-017-d008"", ""syn-11-dense-017-d009"", ""syn-11-dense-017-d023"", ""syn-11-dense-017-d011"", ""syn-11-dense-017-d010"", ""syn-11-dense-017-d007"", ""syn-11-dense-017-d000""]",0.6666666666666666,0.4,0.7039180890341347,0.5,24,12,5,0,False,0.5,0.5,1.0,1.0,0,0.25,0,0,0,24,24,False
syn-11-dense-017,11,dense,full,route_100m,"[""syn-11-dense-017-d022"", ""syn-11-dense-017-d020"", ""syn-11-dense-017-d019"", ""syn-11-dense-017-d021"", ""syn-11-dense-017-d012"", ""syn-11-dense-017-d009"", ""syn-11-dense-017-d008"", ""syn-11-dense-017-d023"", ""syn-11-dense-017-d011"", ""syn-11-dense-017-d007"", ""syn-11-dense-017-d000"", ""syn-11-dense-017-d010""]",0.3333333333333333,0.2,0.46927872602275644,0.5,24,12,5,0,False,0.5,0.5,1.0,1.0,0,0.25,0,0,0,24,24,False
syn-11-dense-017,11,dense,full,departure_5min,"[""syn-11-dense-017-d020"", ""syn-11-dense-017-d022"", ""syn-11-dense-017-d019"", ""syn-11-dense-017-d021"", ""syn-11-dense-017-d009"", ""syn-11-dense-017-d012"", ""syn-11-dense-017-d008"", ""syn-11-dense-017-d023"", ""syn-11-dense-017-d011"", ""syn-11-dense-017-d007"", ""syn-11-dense-017-d010"", ""syn-11-dense-017-d000""]",0.3333333333333333,0.2,0.2960819109658652,0.5,24,12,5,0,False,0.5,0.5,1.0,1.0,0,0.25,0,0,0,24,24,False
syn-11-dense-017,11,dense,full,availability_25pct,"[""syn-11-dense-017-d022"", ""syn-11-dense-017-d020"", ""syn-11-dense-017-d009"", ""syn-11-dense-017-d008"", ""syn-11-dense-017-d023"", ""syn-11-dense-017-d011"", ""syn-11-dense-017-d007"", ""syn-11-dense-017-d000"", ""syn-11-dense-017-d010""]",0.3333333333333333,0.2,0.46927872602275644,0.375,24,9,5,0,False,0.375,0.47368421052631576,1.0,0.75,0,0.25,1,0,0,19,24,False
syn-11-dense-018,11,dense,full,control,"[""syn-11-dense-018-d022"", ""syn-11-dense-018-d021"", ""syn-11-dense-018-d019"", ""syn-11-dense-018-d023"", ""syn-11-dense-018-d018"", ""syn-11-dense-018-d010"", ""syn-11-dense-018-d006"", ""syn-11-dense-018-d020"", ""syn-11-dense-018-d009"", ""syn-11-dense-018-d011"", ""syn-11-dense-018-d008"", ""syn-11-dense-018-d007""]",0.3333333333333333,0.3333333333333333,0.46927872602275644,0.5,24,12,3,1,False,0.5,0.5,1.0,1.0,0,0.25,0,1,0,24,24,False
syn-11-dense-018,11,dense,full,endpoints_100m,"[""syn-11-dense-018-d022"", ""syn-11-dense-018-d021"", ""syn-11-dense-018-d019"", ""syn-11-dense-018-d023"", ""syn-11-dense-018-d018"", ""syn-11-dense-018-d010"", ""syn-11-dense-018-d006"", ""syn-11-dense-018-d020"", ""syn-11-dense-018-d009"", ""syn-11-dense-018-d011"", ""syn-11-dense-018-d008"", ""syn-11-dense-018-d007""]",0.3333333333333333,0.3333333333333333,0.46927872602275644,0.5,24,12,3,1,False,0.5,0.5,1.0,1.0,0,0.25,0,1,0,24,24,False
syn-11-dense-018,11,dense,full,route_100m,"[""syn-11-dense-018-d022"", ""syn-11-dense-018-d021"", ""syn-11-dense-018-d019"", ""syn-11-dense-018-d023"", ""syn-11-dense-018-d006"", ""syn-11-dense-018-d010"", ""syn-11-dense-018-d018"", ""syn-11-dense-018-d020"", ""syn-11-dense-018-d009"", ""syn-11-dense-018-d011"", ""syn-11-dense-018-d008"", ""syn-11-dense-018-d007""]",0.3333333333333333,0.3333333333333333,0.46927872602275644,0.5,24,12,3,1,False,0.5,0.5,1.0,1.0,0,0.25,0,1,0,24,24,False
syn-11-dense-018,11,dense,full,departure_5min,"[""syn-11-dense-018-d022"", ""syn-11-dense-018-d021"", ""syn-11-dense-018-d019"", ""syn-11-dense-018-d023"", ""syn-11-dense-018-d018"", ""syn-11-dense-018-d010"", ""syn-11-dense-018-d006"", ""syn-11-dense-018-d020"", ""syn-11-dense-018-d009"", ""syn-11-dense-018-d011"", ""syn-11-dense-018-d008"", ""syn-11-dense-018-d007""]",0.3333333333333333,0.3333333333333333,0.46927872602275644,0.5,24,12,3,1,False,0.5,0.5,1.0,1.0,0,0.25,0,1,0,24,24,False
syn-11-dense-018,11,dense,full,availability_25pct,"[""syn-11-dense-018-d021"", ""syn-11-dense-018-d019"", ""syn-11-dense-018-d023"", ""syn-11-dense-018-d018"", ""syn-11-dense-018-d010"", ""syn-11-dense-018-d006"", ""syn-11-dense-018-d020"", ""syn-11-dense-018-d009"", ""syn-11-dense-018-d011"", ""syn-11-dense-018-d008""]",0.0,0.0,0.0,0.4166666666666667,24,10,3,1,False,0.4166666666666667,0.45454545454545453,1.0,0.8333333333333334,0,0.25,1,1,0,22,24,False
syn-11-dense-019,11,dense,full,control,"[""syn-11-dense-019-d007"", ""syn-11-dense-019-d010"", ""syn-11-dense-019-d005"", ""syn-11-dense-019-d009"", ""syn-11-dense-019-d021"", ""syn-11-dense-019-d022"", ""syn-11-dense-019-d020"", ""syn-11-dense-019-d017"", ""syn-11-dense-019-d019"", ""syn-11-dense-019-d018"", ""syn-11-dense-019-d008"", ""syn-11-dense-019-d006""]",0.6666666666666666,0.2857142857142857,0.5307212739772434,0.5,24,12,7,2,False,0.5,0.5,1.0,1.0,0,0.25,0,2,0,24,24,False
syn-11-dense-019,11,dense,full,endpoints_100m,"[""syn-11-dense-019-d007"", ""syn-11-dense-019-d010"", ""syn-11-dense-019-d005"", ""syn-11-dense-019-d009"", ""syn-11-dense-019-d021"", ""syn-11-dense-019-d020"", ""syn-11-dense-019-d017"", ""syn-11-dense-019-d022"", ""syn-11-dense-019-d019"", ""syn-11-dense-019-d018"", ""syn-11-dense-019-d008"", ""syn-11-dense-019-d006""]",0.6666666666666666,0.2857142857142857,0.5307212739772434,0.5,24,12,7,2,False,0.5,0.5,1.0,1.0,0,0.25,0,2,0,24,24,False
syn-11-dense-019,11,dense,full,route_100m,"[""syn-11-dense-019-d007"", ""syn-11-dense-019-d010"", ""syn-11-dense-019-d005"", ""syn-11-dense-019-d009"", ""syn-11-dense-019-d021"", ""syn-11-dense-019-d022"", ""syn-11-dense-019-d017"", ""syn-11-dense-019-d020"", ""syn-11-dense-019-d018"", ""syn-11-dense-019-d019"", ""syn-11-dense-019-d008"", ""syn-11-dense-019-d006""]",0.6666666666666666,0.2857142857142857,0.5307212739772434,0.5,24,12,7,2,False,0.5,0.5,1.0,1.0,0,0.25,0,2,0,24,24,False
syn-11-dense-019,11,dense,full,departure_5min,"[""syn-11-dense-019-d007"", ""syn-11-dense-019-d010"", ""syn-11-dense-019-d005"", ""syn-11-dense-019-d009"", ""syn-11-dense-019-d021"", ""syn-11-dense-019-d022"", ""syn-11-dense-019-d020"", ""syn-11-dense-019-d017"", ""syn-11-dense-019-d019"", ""syn-11-dense-019-d018"", ""syn-11-dense-019-d008"", ""syn-11-dense-019-d006""]",0.6666666666666666,0.2857142857142857,0.5307212739772434,0.5,24,12,7,2,False,0.5,0.5,1.0,1.0,0,0.25,0,2,0,24,24,False
syn-11-dense-019,11,dense,full,availability_25pct,"[""syn-11-dense-019-d007"", ""syn-11-dense-019-d010"", ""syn-11-dense-019-d005"", ""syn-11-dense-019-d009"", ""syn-11-dense-019-d021"", ""syn-11-dense-019-d022"", ""syn-11-dense-019-d020"", ""syn-11-dense-019-d017"", ""syn-11-dense-019-d018"", ""syn-11-dense-019-d008""]",0.6666666666666666,0.2857142857142857,0.5307212739772434,0.4166666666666667,24,10,7,1,False,0.4166666666666667,0.5263157894736842,1.0,0.8333333333333334,0,0.25,1,1,0,19,24,False
syn-29-thin-000,29,thin,full,control,"[""syn-29-thin-000-d002"", ""syn-29-thin-000-d003"", ""syn-29-thin-000-d000"", ""syn-29-thin-000-d001""]",0.0,,,1.0,4,4,0,0,True,1.0,1.0,1.0,1.0,0,0.75,0,0,0,4,4,False
syn-29-thin-000,29,thin,full,endpoints_100m,"[""syn-29-thin-000-d002"", ""syn-29-thin-000-d003"", ""syn-29-thin-000-d000"", ""syn-29-thin-000-d001""]",0.0,,,1.0,4,4,0,0,True,1.0,1.0,1.0,1.0,0,0.75,0,0,0,4,4,False
syn-29-thin-000,29,thin,full,route_100m,"[""syn-29-thin-000-d002"", ""syn-29-thin-000-d003"", ""syn-29-thin-000-d000"", ""syn-29-thin-000-d001""]",0.0,,,1.0,4,4,0,0,True,1.0,1.0,1.0,1.0,0,0.75,0,0,0,4,4,False
syn-29-thin-000,29,thin,full,departure_5min,"[""syn-29-thin-000-d002"", ""syn-29-thin-000-d003"", ""syn-29-thin-000-d000"", ""syn-29-thin-000-d001""]",0.0,,,1.0,4,4,0,0,True,1.0,1.0,1.0,1.0,0,0.75,0,0,0,4,4,False
syn-29-thin-000,29,thin,full,availability_25pct,"[""syn-29-thin-000-d003"", ""syn-29-thin-000-d000"", ""syn-29-thin-000-d001""]",0.0,,,0.75,4,3,0,0,True,0.75,1.0,1.0,0.75,0,0.75,0,0,0,3,4,False
syn-29-thin-001,29,thin,full,control,"[""syn-29-thin-001-d001"", ""syn-29-thin-001-d003"", ""syn-29-thin-001-d002"", ""syn-29-thin-001-d000""]",0.3333333333333333,1.0,1.0,1.0,4,4,1,0,False,1.0,1.0,1.0,1.0,0,0.75,0,0,0,4,4,False
syn-29-thin-001,29,thin,full,endpoints_100m,"[""syn-29-thin-001-d001"", ""syn-29-thin-001-d003"", ""syn-29-thin-001-d002"", ""syn-29-thin-001-d000""]",0.3333333333333333,1.0,1.0,1.0,4,4,1,0,False,1.0,1.0,1.0,1.0,0,0.75,0,0,0,4,4,False
syn-29-thin-001,29,thin,full,route_100m,"[""syn-29-thin-001-d001"", ""syn-29-thin-001-d003"", ""syn-29-thin-001-d002"", ""syn-29-thin-001-d000""]",0.3333333333333333,1.0,1.0,1.0,4,4,1,0,False,1.0,1.0,1.0,1.0,0,0.75,0,0,0,4,4,False
syn-29-thin-001,29,thin,full,departure_5min,"[""syn-29-thin-001-d001"", ""syn-29-thin-001-d003"", ""syn-29-thin-001-d002"", ""syn-29-thin-001-d000""]",0.3333333333333333,1.0,1.0,1.0,4,4,1,0,False,1.0,1.0,1.0,1.0,0,0.75,0,0,0,4,4,False
syn-29-thin-001,29,thin,full,availability_25pct,"[""syn-29-thin-001-d001"", ""syn-29-thin-001-d003"", ""syn-29-thin-001-d002"", ""syn-29-thin-001-d000""]",0.3333333333333333,1.0,1.0,1.0,4,4,1,0,False,1.0,1.0,1.0,1.0,0,0.75,0,0,0,4,4,False
syn-29-thin-002,29,thin,full,control,"[""syn-29-thin-002-d003"", ""syn-29-thin-002-d000"", ""syn-29-thin-002-d002"", ""syn-29-thin-002-d001""]",0.6666666666666666,1.0,0.9197207891481876,1.0,4,4,2,0,False,1.0,1.0,1.0,1.0,0,0.75,0,0,0,4,4,False
syn-29-thin-002,29,thin,full,endpoints_100m,"[""syn-29-thin-002-d003"", ""syn-29-thin-002-d000"", ""syn-29-thin-002-d002"", ""syn-29-thin-002-d001""]",0.6666666666666666,1.0,0.9197207891481876,1.0,4,4,2,0,False,1.0,1.0,1.0,1.0,0,0.75,0,0,0,4,4,False
syn-29-thin-002,29,thin,full,route_100m,"[""syn-29-thin-002-d003"", ""syn-29-thin-002-d000"", ""syn-29-thin-002-d002"", ""syn-29-thin-002-d001""]",0.6666666666666666,1.0,0.9197207891481876,1.0,4,4,2,0,False,1.0,1.0,1.0,1.0,0,0.75,0,0,0,4,4,False
syn-29-thin-002,29,thin,full,departure_5min,"[""syn-29-thin-002-d003"", ""syn-29-thin-002-d000"", ""syn-29-thin-002-d002"", ""syn-29-thin-002-d001""]",0.6666666666666666,1.0,0.9197207891481876,1.0,4,4,2,0,False,1.0,1.0,1.0,1.0,0,0.75,0,0,0,4,4,False
syn-29-thin-002,29,thin,full,availability_25pct,"[""syn-29-thin-002-d003"", ""syn-29-thin-002-d000"", ""syn-29-thin-002-d002""]",0.6666666666666666,1.0,0.9197207891481876,0.75,4,3,2,0,False,0.75,1.0,1.0,0.75,0,0.75,0,0,0,3,4,False
syn-29-thin-003,29,thin,full,control,"[""syn-29-thin-003-d001"", ""syn-29-thin-003-d002"", ""syn-29-thin-003-d000""]",0.3333333333333333,1.0,1.0,0.75,4,3,1,0,False,0.75,0.75,1.0,1.0,0,1.0,0,0,0,4,4,False
syn-29-thin-003,29,thin,full,endpoints_100m,"[""syn-29-thin-003-d001"", ""syn-29-thin-003-d002"", ""syn-29-thin-003-d000""]",0.3333333333333333,1.0,1.0,0.75,4,3,1,0,False,0.75,0.75,1.0,1.0,0,1.0,0,0,0,4,4,False
syn-29-thin-003,29,thin,full,route_100m,"[""syn-29-thin-003-d001"", ""syn-29-thin-003-d002"", ""syn-29-thin-003-d000""]",0.3333333333333333,1.0,1.0,0.75,4,3,1,0,False,0.75,0.75,1.0,1.0,0,1.0,0,0,0,4,4,False
syn-29-thin-003,29,thin,full,departure_5min,"[""syn-29-thin-003-d001"", ""syn-29-thin-003-d002"", ""syn-29-thin-003-d000""]",0.3333333333333333,1.0,1.0,0.75,4,3,1,0,False,0.75,0.75,1.0,1.0,0,1.0,0,0,0,4,4,False
syn-29-thin-003,29,thin,full,availability_25pct,"[""syn-29-thin-003-d000""]",0.0,0.0,0.0,0.25,4,1,1,0,False,0.25,1.0,1.0,0.3333333333333333,0,0.3333333333333333,1,0,0,1,4,False
syn-29-thin-004,29,thin,full,control,"[""syn-29-thin-004-d000"", ""syn-29-thin-004-d001""]",0.3333333333333333,1.0,0.6309297535714575,0.5,4,2,1,0,False,0.5,0.5,1.0,1.0,0,1.0,0,0,0,4,4,False
syn-29-thin-004,29,thin,full,endpoints_100m,"[""syn-29-thin-004-d000"", ""syn-29-thin-004-d001""]",0.3333333333333333,1.0,0.6309297535714575,0.5,4,2,1,0,False,0.5,0.5,1.0,1.0,0,1.0,0,0,0,4,4,False
syn-29-thin-004,29,thin,full,route_100m,"[""syn-29-thin-004-d000"", ""syn-29-thin-004-d001""]",0.3333333333333333,1.0,0.6309297535714575,0.5,4,2,1,0,False,0.5,0.5,1.0,1.0,0,1.0,0,0,0,4,4,False
syn-29-thin-004,29,thin,full,departure_5min,"[""syn-29-thin-004-d000"", ""syn-29-thin-004-d001""]",0.3333333333333333,1.0,0.6309297535714575,0.5,4,2,1,0,False,0.5,0.5,1.0,1.0,0,1.0,0,0,0,4,4,False
syn-29-thin-004,29,thin,full,availability_25pct,"[""syn-29-thin-004-d000"", ""syn-29-thin-004-d001""]",0.3333333333333333,1.0,0.6309297535714575,0.5,4,2,1,0,False,0.5,0.5,1.0,1.0,0,1.0,0,0,0,4,4,False
syn-29-thin-005,29,thin,full,control,"[""syn-29-thin-005-d000""]",0.3333333333333333,0.5,0.6131471927654584,0.25,4,1,2,1,False,0.25,0.25,1.0,1.0,0,1.0,0,1,0,4,4,False
syn-29-thin-005,29,thin,full,endpoints_100m,"[""syn-29-thin-005-d000""]",0.3333333333333333,0.5,0.6131471927654584,0.25,4,1,2,1,False,0.25,0.25,1.0,1.0,0,1.0,0,1,0,4,4,False
syn-29-thin-005,29,thin,full,route_100m,"[""syn-29-thin-005-d000""]",0.3333333333333333,0.5,0.6131471927654584,0.25,4,1,2,1,False,0.25,0.25,1.0,1.0,0,1.0,0,1,0,4,4,False
syn-29-thin-005,29,thin,full,departure_5min,"[""syn-29-thin-005-d000""]",0.3333333333333333,0.5,0.6131471927654584,0.25,4,1,2,1,False,0.25,0.25,1.0,1.0,0,1.0,0,1,0,4,4,False
syn-29-thin-005,29,thin,full,availability_25pct,[],0.0,0.0,0.0,0.0,4,0,2,1,False,0.0,0.0,1.0,0.0,0,0.0,1,1,0,1,4,False
syn-29-thin-006,29,thin,full,control,[],0.0,0.0,0.0,0.0,4,0,4,4,False,0.0,0.0,1.0,,0,,0,4,0,4,4,False
syn-29-thin-006,29,thin,full,endpoints_100m,[],0.0,0.0,0.0,0.0,4,0,4,4,False,0.0,0.0,1.0,,0,,0,4,0,4,4,False
syn-29-thin-006,29,thin,full,route_100m,[],0.0,0.0,0.0,0.0,4,0,4,4,False,0.0,0.0,1.0,,0,,0,4,0,4,4,False
syn-29-thin-006,29,thin,full,departure_5min,[],0.0,0.0,0.0,0.0,4,0,4,4,False,0.0,0.0,1.0,,0,,0,4,0,4,4,False
syn-29-thin-006,29,thin,full,availability_25pct,[],0.0,0.0,0.0,0.0,4,0,4,2,False,0.0,0.0,1.0,,0,,2,2,0,2,4,False
syn-29-thin-007,29,thin,full,control,[],0.0,,,0.0,4,0,0,0,True,0.0,0.0,1.0,,0,,0,0,0,4,4,False
syn-29-thin-007,29,thin,full,endpoints_100m,[],0.0,,,0.0,4,0,0,0,True,0.0,0.0,1.0,,0,,0,0,0,4,4,False
syn-29-thin-007,29,thin,full,route_100m,[],0.0,,,0.0,4,0,0,0,True,0.0,0.0,1.0,,0,,0,0,0,4,4,False
syn-29-thin-007,29,thin,full,departure_5min,[],0.0,,,0.0,4,0,0,0,True,0.0,0.0,1.0,,0,,0,0,0,4,4,False
syn-29-thin-007,29,thin,full,availability_25pct,[],0.0,,,0.0,4,0,0,0,True,0.0,0.0,1.0,,0,,0,0,0,4,4,False
syn-29-thin-008,29,thin,full,control,[],0.0,0.0,0.0,0.0,4,0,4,4,False,0.0,0.0,1.0,,0,,0,4,0,4,4,False
syn-29-thin-008,29,thin,full,endpoints_100m,[],0.0,0.0,0.0,0.0,4,0,4,4,False,0.0,0.0,1.0,,0,,0,4,0,4,4,False
syn-29-thin-008,29,thin,full,route_100m,[],0.0,0.0,0.0,0.0,4,0,4,4,False,0.0,0.0,1.0,,0,,0,4,0,4,4,False
syn-29-thin-008,29,thin,full,departure_5min,[],0.0,0.0,0.0,0.0,4,0,4,4,False,0.0,0.0,1.0,,0,,0,4,0,4,4,False
syn-29-thin-008,29,thin,full,availability_25pct,[],0.0,0.0,0.0,0.0,4,0,4,4,False,0.0,0.0,1.0,,0,,0,4,0,4,4,False
syn-29-thin-009,29,thin,full,control,"[""syn-29-thin-009-d003""]",0.0,0.0,0.0,0.25,4,1,1,1,False,0.25,0.25,1.0,1.0,0,1.0,0,1,0,4,4,False
syn-29-thin-009,29,thin,full,endpoints_100m,"[""syn-29-thin-009-d003""]",0.0,0.0,0.0,0.25,4,1,1,1,False,0.25,0.25,1.0,1.0,0,1.0,0,1,0,4,4,False
syn-29-thin-009,29,thin,full,route_100m,"[""syn-29-thin-009-d003""]",0.0,0.0,0.0,0.25,4,1,1,1,False,0.25,0.25,1.0,1.0,0,1.0,0,1,0,4,4,False
syn-29-thin-009,29,thin,full,departure_5min,"[""syn-29-thin-009-d003""]",0.0,0.0,0.0,0.25,4,1,1,1,False,0.25,0.25,1.0,1.0,0,1.0,0,1,0,4,4,False
syn-29-thin-009,29,thin,full,availability_25pct,"[""syn-29-thin-009-d003""]",0.0,0.0,0.0,0.25,4,1,1,1,False,0.25,0.25,1.0,1.0,0,1.0,0,1,0,4,4,False
syn-29-thin-010,29,thin,full,control,"[""syn-29-thin-010-d003"", ""syn-29-thin-010-d002""]",0.0,,,0.5,4,2,0,0,True,0.5,0.5,1.0,1.0,0,1.0,0,0,0,4,4,False
syn-29-thin-010,29,thin,full,endpoints_100m,"[""syn-29-thin-010-d003"", ""syn-29-thin-010-d002""]",0.0,,,0.5,4,2,0,0,True,0.5,0.5,1.0,1.0,0,1.0,0,0,0,4,4,False
syn-29-thin-010,29,thin,full,route_100m,"[""syn-29-thin-010-d003"", ""syn-29-thin-010-d002""]",0.0,,,0.5,4,2,0,0,True,0.5,0.5,1.0,1.0,0,1.0,0,0,0,4,4,False
syn-29-thin-010,29,thin,full,departure_5min,"[""syn-29-thin-010-d003"", ""syn-29-thin-010-d002""]",0.0,,,0.5,4,2,0,0,True,0.5,0.5,1.0,1.0,0,1.0,0,0,0,4,4,False
syn-29-thin-010,29,thin,full,availability_25pct,"[""syn-29-thin-010-d003"", ""syn-29-thin-010-d002""]",0.0,,,0.5,4,2,0,0,True,0.5,0.5,1.0,1.0,0,1.0,0,0,0,4,4,False
syn-29-thin-011,29,thin,full,control,"[""syn-29-thin-011-d002"", ""syn-29-thin-011-d001"", ""syn-29-thin-011-d003""]",1.0,1.0,1.0,0.75,4,3,3,0,False,0.75,0.75,1.0,1.0,0,1.0,0,0,0,4,4,False
syn-29-thin-011,29,thin,full,endpoints_100m,"[""syn-29-thin-011-d002"", ""syn-29-thin-011-d001"", ""syn-29-thin-011-d003""]",1.0,1.0,1.0,0.75,4,3,3,0,False,0.75,0.75,1.0,1.0,0,1.0,0,0,0,4,4,False
syn-29-thin-011,29,thin,full,route_100m,"[""syn-29-thin-011-d002"", ""syn-29-thin-011-d001"", ""syn-29-thin-011-d003""]",1.0,1.0,1.0,0.75,4,3,3,0,False,0.75,0.75,1.0,1.0,0,1.0,0,0,0,4,4,False
syn-29-thin-011,29,thin,full,departure_5min,"[""syn-29-thin-011-d002"", ""syn-29-thin-011-d001"", ""syn-29-thin-011-d003""]",1.0,1.0,1.0,0.75,4,3,3,0,False,0.75,0.75,1.0,1.0,0,1.0,0,0,0,4,4,False
syn-29-thin-011,29,thin,full,availability_25pct,"[""syn-29-thin-011-d002"", ""syn-29-thin-011-d001"", ""syn-29-thin-011-d003""]",1.0,1.0,1.0,0.75,4,3,3,0,False,0.75,0.75,1.0,1.0,0,1.0,0,0,0,4,4,False
syn-29-thin-012,29,thin,full,control,"[""syn-29-thin-012-d000"", ""syn-29-thin-012-d001"", ""syn-29-thin-012-d003"", ""syn-29-thin-012-d002""]",0.6666666666666666,1.0,0.9197207891481876,1.0,4,4,2,0,False,1.0,1.0,1.0,1.0,0,0.75,0,0,0,4,4,False
syn-29-thin-012,29,thin,full,endpoints_100m,"[""syn-29-thin-012-d000"", ""syn-29-thin-012-d001"", ""syn-29-thin-012-d003"", ""syn-29-thin-012-d002""]",0.6666666666666666,1.0,0.9197207891481876,1.0,4,4,2,0,False,1.0,1.0,1.0,1.0,0,0.75,0,0,0,4,4,False
syn-29-thin-012,29,thin,full,route_100m,"[""syn-29-thin-012-d000"", ""syn-29-thin-012-d001"", ""syn-29-thin-012-d003"", ""syn-29-thin-012-d002""]",0.6666666666666666,1.0,0.9197207891481876,1.0,4,4,2,0,False,1.0,1.0,1.0,1.0,0,0.75,0,0,0,4,4,False
syn-29-thin-012,29,thin,full,departure_5min,"[""syn-29-thin-012-d000"", ""syn-29-thin-012-d001"", ""syn-29-thin-012-d003"", ""syn-29-thin-012-d002""]",0.6666666666666666,1.0,0.9197207891481876,1.0,4,4,2,0,False,1.0,1.0,1.0,1.0,0,0.75,0,0,0,4,4,False
syn-29-thin-012,29,thin,full,availability_25pct,"[""syn-29-thin-012-d002""]",0.0,0.0,0.0,0.25,4,1,2,0,False,0.25,1.0,1.0,0.25,0,0.25,2,0,0,1,4,False
syn-29-thin-013,29,thin,full,control,"[""syn-29-thin-013-d003"", ""syn-29-thin-013-d000"", ""syn-29-thin-013-d002"", ""syn-29-thin-013-d001""]",0.3333333333333333,1.0,0.6309297535714575,1.0,4,4,1,0,False,1.0,1.0,1.0,1.0,0,0.75,0,0,0,4,4,False
syn-29-thin-013,29,thin,full,endpoints_100m,"[""syn-29-thin-013-d003"", ""syn-29-thin-013-d000"", ""syn-29-thin-013-d002"", ""syn-29-thin-013-d001""]",0.3333333333333333,1.0,0.6309297535714575,1.0,4,4,1,0,False,1.0,1.0,1.0,1.0,0,0.75,0,0,0,4,4,False
syn-29-thin-013,29,thin,full,route_100m,"[""syn-29-thin-013-d003"", ""syn-29-thin-013-d000"", ""syn-29-thin-013-d002"", ""syn-29-thin-013-d001""]",0.3333333333333333,1.0,0.6309297535714575,1.0,4,4,1,0,False,1.0,1.0,1.0,1.0,0,0.75,0,0,0,4,4,False
syn-29-thin-013,29,thin,full,departure_5min,"[""syn-29-thin-013-d003"", ""syn-29-thin-013-d000"", ""syn-29-thin-013-d002"", ""syn-29-thin-013-d001""]",0.3333333333333333,1.0,0.6309297535714575,1.0,4,4,1,0,False,1.0,1.0,1.0,1.0,0,0.75,0,0,0,4,4,False
syn-29-thin-013,29,thin,full,availability_25pct,"[""syn-29-thin-013-d003"", ""syn-29-thin-013-d000"", ""syn-29-thin-013-d002"", ""syn-29-thin-013-d001""]",0.3333333333333333,1.0,0.6309297535714575,1.0,4,4,1,0,False,1.0,1.0,1.0,1.0,0,0.75,0,0,0,4,4,False
syn-29-thin-014,29,thin,full,control,"[""syn-29-thin-014-d003"", ""syn-29-thin-014-d002"", ""syn-29-thin-014-d001"", ""syn-29-thin-014-d000""]",0.3333333333333333,1.0,1.0,1.0,4,4,1,0,False,1.0,1.0,1.0,1.0,0,0.75,0,0,0,4,4,False
syn-29-thin-014,29,thin,full,endpoints_100m,"[""syn-29-thin-014-d003"", ""syn-29-thin-014-d002"", ""syn-29-thin-014-d001"", ""syn-29-thin-014-d000""]",0.3333333333333333,1.0,1.0,1.0,4,4,1,0,False,1.0,1.0,1.0,1.0,0,0.75,0,0,0,4,4,False
syn-29-thin-014,29,thin,full,route_100m,"[""syn-29-thin-014-d003"", ""syn-29-thin-014-d002"", ""syn-29-thin-014-d001"", ""syn-29-thin-014-d000""]",0.3333333333333333,1.0,1.0,1.0,4,4,1,0,False,1.0,1.0,1.0,1.0,0,0.75,0,0,0,4,4,False
syn-29-thin-014,29,thin,full,departure_5min,"[""syn-29-thin-014-d002"", ""syn-29-thin-014-d003"", ""syn-29-thin-014-d001"", ""syn-29-thin-014-d000""]",0.3333333333333333,1.0,0.6309297535714575,1.0,4,4,1,0,False,1.0,1.0,1.0,1.0,0,0.75,0,0,0,4,4,False
syn-29-thin-014,29,thin,full,availability_25pct,"[""syn-29-thin-014-d001"", ""syn-29-thin-014-d000""]",0.0,0.0,0.0,0.5,4,2,1,0,False,0.5,1.0,1.0,0.5,0,0.5,1,0,0,2,4,False
syn-29-thin-015,29,thin,full,control,"[""syn-29-thin-015-d001"", ""syn-29-thin-015-d000"", ""syn-29-thin-015-d002""]",0.0,,,0.75,4,3,0,0,True,0.75,0.75,1.0,1.0,0,1.0,0,0,0,4,4,False
syn-29-thin-015,29,thin,full,endpoints_100m,"[""syn-29-thin-015-d001"", ""syn-29-thin-015-d000"", ""syn-29-thin-015-d002""]",0.0,,,0.75,4,3,0,0,True,0.75,0.75,1.0,1.0,0,1.0,0,0,0,4,4,False
syn-29-thin-015,29,thin,full,route_100m,"[""syn-29-thin-015-d001"", ""syn-29-thin-015-d000"", ""syn-29-thin-015-d002""]",0.0,,,0.75,4,3,0,0,True,0.75,0.75,1.0,1.0,0,1.0,0,0,0,4,4,False
syn-29-thin-015,29,thin,full,departure_5min,"[""syn-29-thin-015-d001"", ""syn-29-thin-015-d000"", ""syn-29-thin-015-d002""]",0.0,,,0.75,4,3,0,0,True,0.75,0.75,1.0,1.0,0,1.0,0,0,0,4,4,False
syn-29-thin-015,29,thin,full,availability_25pct,"[""syn-29-thin-015-d001"", ""syn-29-thin-015-d000""]",0.0,,,0.5,4,2,0,0,True,0.5,0.6666666666666666,1.0,0.6666666666666666,0,0.6666666666666666,0,0,0,3,4,False
syn-29-thin-016,29,thin,full,control,"[""syn-29-thin-016-d000"", ""syn-29-thin-016-d001""]",0.3333333333333333,0.5,0.38685280723454163,0.5,4,2,2,1,False,0.5,0.5,1.0,1.0,0,1.0,0,1,0,4,4,False
syn-29-thin-016,29,thin,full,endpoints_100m,"[""syn-29-thin-016-d000"", ""syn-29-thin-016-d001""]",0.3333333333333333,0.5,0.38685280723454163,0.5,4,2,2,1,False,0.5,0.5,1.0,1.0,0,1.0,0,1,0,4,4,False
syn-29-thin-016,29,thin,full,route_100m,"[""syn-29-thin-016-d000"", ""syn-29-thin-016-d001""]",0.3333333333333333,0.5,0.38685280723454163,0.5,4,2,2,1,False,0.5,0.5,1.0,1.0,0,1.0,0,1,0,4,4,False
syn-29-thin-016,29,thin,full,departure_5min,"[""syn-29-thin-016-d000"", ""syn-29-thin-016-d001""]",0.3333333333333333,0.5,0.38685280723454163,0.5,4,2,2,1,False,0.5,0.5,1.0,1.0,0,1.0,0,1,0,4,4,False
syn-29-thin-016,29,thin,full,availability_25pct,"[""syn-29-thin-016-d000"", ""syn-29-thin-016-d001""]",0.3333333333333333,0.5,0.38685280723454163,0.5,4,2,2,1,False,0.5,0.5,1.0,1.0,0,1.0,0,1,0,4,4,False
syn-29-thin-017,29,thin,full,control,"[""syn-29-thin-017-d000""]",0.3333333333333333,1.0,1.0,0.25,4,1,1,0,False,0.25,0.25,1.0,1.0,0,1.0,0,0,0,4,4,False
syn-29-thin-017,29,thin,full,endpoints_100m,"[""syn-29-thin-017-d000""]",0.3333333333333333,1.0,1.0,0.25,4,1,1,0,False,0.25,0.25,1.0,1.0,0,1.0,0,0,0,4,4,False
syn-29-thin-017,29,thin,full,route_100m,"[""syn-29-thin-017-d000""]",0.3333333333333333,1.0,1.0,0.25,4,1,1,0,False,0.25,0.25,1.0,1.0,0,1.0,0,0,0,4,4,False
syn-29-thin-017,29,thin,full,departure_5min,"[""syn-29-thin-017-d000""]",0.3333333333333333,1.0,1.0,0.25,4,1,1,0,False,0.25,0.25,1.0,1.0,0,1.0,0,0,0,4,4,False
syn-29-thin-017,29,thin,full,availability_25pct,"[""syn-29-thin-017-d000""]",0.3333333333333333,1.0,1.0,0.25,4,1,1,0,False,0.25,0.25,1.0,1.0,0,1.0,0,0,0,4,4,False
syn-29-thin-018,29,thin,full,control,[],0.0,0.0,0.0,0.0,4,0,1,1,False,0.0,0.0,1.0,,0,,0,1,0,4,4,False
syn-29-thin-018,29,thin,full,endpoints_100m,[],0.0,0.0,0.0,0.0,4,0,1,1,False,0.0,0.0,1.0,,0,,0,1,0,4,4,False
syn-29-thin-018,29,thin,full,route_100m,[],0.0,0.0,0.0,0.0,4,0,1,1,False,0.0,0.0,1.0,,0,,0,1,0,4,4,False
syn-29-thin-018,29,thin,full,departure_5min,[],0.0,0.0,0.0,0.0,4,0,1,1,False,0.0,0.0,1.0,,0,,0,1,0,4,4,False
syn-29-thin-018,29,thin,full,availability_25pct,[],0.0,0.0,0.0,0.0,4,0,1,1,False,0.0,0.0,1.0,,0,,0,1,0,3,4,False
syn-29-thin-019,29,thin,full,control,[],0.0,,,0.0,4,0,0,0,True,0.0,0.0,1.0,,0,,0,0,0,4,4,False
syn-29-thin-019,29,thin,full,endpoints_100m,[],0.0,,,0.0,4,0,0,0,True,0.0,0.0,1.0,,0,,0,0,0,4,4,False
syn-29-thin-019,29,thin,full,route_100m,[],0.0,,,0.0,4,0,0,0,True,0.0,0.0,1.0,,0,,0,0,0,4,4,False
syn-29-thin-019,29,thin,full,departure_5min,[],0.0,,,0.0,4,0,0,0,True,0.0,0.0,1.0,,0,,0,0,0,4,4,False
syn-29-thin-019,29,thin,full,availability_25pct,[],0.0,,,0.0,4,0,0,0,True,0.0,0.0,1.0,,0,,0,0,0,3,4,False
syn-29-balanced-000,29,balanced,full,control,"[""syn-29-balanced-000-d005"", ""syn-29-balanced-000-d003"", ""syn-29-balanced-000-d001"", ""syn-29-balanced-000-d002"", ""syn-29-balanced-000-d000"", ""syn-29-balanced-000-d004""]",0.0,,,0.5,12,6,0,0,True,0.5,0.5,1.0,1.0,0,0.5,0,0,0,12,12,False
syn-29-balanced-000,29,balanced,full,endpoints_100m,"[""syn-29-balanced-000-d005"", ""syn-29-balanced-000-d003"", ""syn-29-balanced-000-d001"", ""syn-29-balanced-000-d002"", ""syn-29-balanced-000-d004"", ""syn-29-balanced-000-d000""]",0.0,,,0.5,12,6,0,0,True,0.5,0.5,1.0,1.0,0,0.5,0,0,0,12,12,False
syn-29-balanced-000,29,balanced,full,route_100m,"[""syn-29-balanced-000-d005"", ""syn-29-balanced-000-d001"", ""syn-29-balanced-000-d003"", ""syn-29-balanced-000-d002"", ""syn-29-balanced-000-d004"", ""syn-29-balanced-000-d000""]",0.0,,,0.5,12,6,0,0,True,0.5,0.5,1.0,1.0,0,0.5,0,0,0,12,12,False
syn-29-balanced-000,29,balanced,full,departure_5min,"[""syn-29-balanced-000-d005"", ""syn-29-balanced-000-d003"", ""syn-29-balanced-000-d001"", ""syn-29-balanced-000-d002"", ""syn-29-balanced-000-d004"", ""syn-29-balanced-000-d000""]",0.0,,,0.5,12,6,0,0,True,0.5,0.5,1.0,1.0,0,0.5,0,0,0,12,12,False
syn-29-balanced-000,29,balanced,full,availability_25pct,"[""syn-29-balanced-000-d003"", ""syn-29-balanced-000-d001"", ""syn-29-balanced-000-d002"", ""syn-29-balanced-000-d004""]",0.0,,,0.3333333333333333,12,4,0,0,True,0.3333333333333333,0.5,1.0,0.6666666666666666,0,0.5,0,0,0,8,12,False
syn-29-balanced-001,29,balanced,full,control,"[""syn-29-balanced-001-d003"", ""syn-29-balanced-001-d000"", ""syn-29-balanced-001-d001"", ""syn-29-balanced-001-d002"", ""syn-29-balanced-001-d011"", ""syn-29-balanced-001-d004""]",0.3333333333333333,0.5,0.6131471927654584,0.5,12,6,2,1,False,0.5,0.5,1.0,1.0,0,0.5,0,1,0,12,12,False
syn-29-balanced-001,29,balanced,full,endpoints_100m,"[""syn-29-balanced-001-d003"", ""syn-29-balanced-001-d000"", ""syn-29-balanced-001-d001"", ""syn-29-balanced-001-d002"", ""syn-29-balanced-001-d011"", ""syn-29-balanced-001-d004""]",0.3333333333333333,0.5,0.6131471927654584,0.5,12,6,2,1,False,0.5,0.5,1.0,1.0,0,0.5,0,1,0,12,12,False
syn-29-balanced-001,29,balanced,full,route_100m,"[""syn-29-balanced-001-d003"", ""syn-29-balanced-001-d000"", ""syn-29-balanced-001-d001"", ""syn-29-balanced-001-d002"", ""syn-29-balanced-001-d011"", ""syn-29-balanced-001-d004""]",0.3333333333333333,0.5,0.6131471927654584,0.5,12,6,2,1,False,0.5,0.5,1.0,1.0,0,0.5,0,1,0,12,12,False
syn-29-balanced-001,29,balanced,full,departure_5min,"[""syn-29-balanced-001-d003"", ""syn-29-balanced-001-d000"", ""syn-29-balanced-001-d002"", ""syn-29-balanced-001-d001"", ""syn-29-balanced-001-d011"", ""syn-29-balanced-001-d004""]",0.3333333333333333,0.5,0.6131471927654584,0.5,12,6,2,1,False,0.5,0.5,1.0,1.0,0,0.5,0,1,0,12,12,False
syn-29-balanced-001,29,balanced,full,availability_25pct,"[""syn-29-balanced-001-d001"", ""syn-29-balanced-001-d002"", ""syn-29-balanced-001-d004""]",0.0,0.0,0.0,0.25,12,3,2,0,False,0.25,0.5,1.0,0.5,0,0.5,2,0,0,6,12,False
syn-29-balanced-002,29,balanced,full,control,"[""syn-29-balanced-002-d003"", ""syn-29-balanced-002-d001"", ""syn-29-balanced-002-d000"", ""syn-29-balanced-002-d011"", ""syn-29-balanced-002-d010"", ""syn-29-balanced-002-d002""]",0.3333333333333333,1.0,1.0,0.5,12,6,1,0,False,0.5,0.5,1.0,1.0,0,0.5,0,0,0,12,12,False
syn-29-balanced-002,29,balanced,full,endpoints_100m,"[""syn-29-balanced-002-d001"", ""syn-29-balanced-002-d003"", ""syn-29-balanced-002-d000"", ""syn-29-balanced-002-d011"", ""syn-29-balanced-002-d010"", ""syn-29-balanced-002-d002""]",0.3333333333333333,1.0,0.6309297535714575,0.5,12,6,1,0,False,0.5,0.5,1.0,1.0,0,0.5,0,0,0,12,12,False
syn-29-balanced-002,29,balanced,full,route_100m,"[""syn-29-balanced-002-d003"", ""syn-29-balanced-002-d001"", ""syn-29-balanced-002-d000"", ""syn-29-balanced-002-d011"", ""syn-29-balanced-002-d010"", ""syn-29-balanced-002-d002""]",0.3333333333333333,1.0,1.0,0.5,12,6,1,0,False,0.5,0.5,1.0,1.0,0,0.5,0,0,0,12,12,False
syn-29-balanced-002,29,balanced,full,departure_5min,"[""syn-29-balanced-002-d001"", ""syn-29-balanced-002-d003"", ""syn-29-balanced-002-d000"", ""syn-29-balanced-002-d011"", ""syn-29-balanced-002-d010"", ""syn-29-balanced-002-d002""]",0.3333333333333333,1.0,0.6309297535714575,0.5,12,6,1,0,False,0.5,0.5,1.0,1.0,0,0.5,0,0,0,12,12,False
syn-29-balanced-002,29,balanced,full,availability_25pct,"[""syn-29-balanced-002-d001"", ""syn-29-balanced-002-d000"", ""syn-29-balanced-002-d010""]",0.0,0.0,0.0,0.25,12,3,1,0,False,0.25,0.42857142857142855,1.0,0.5,0,0.5,1,0,0,7,12,False
syn-29-balanced-003,29,balanced,full,control,"[""syn-29-balanced-003-d010"", ""syn-29-balanced-003-d002"", ""syn-29-balanced-003-d009"", ""syn-29-balanced-003-d011"", ""syn-29-balanced-003-d000"", ""syn-29-balanced-003-d001""]",0.6666666666666666,0.5,0.7653606369886217,0.5,12,6,4,1,False,0.5,0.5,1.0,1.0,0,0.5,0,1,0,12,12,False
syn-29-balanced-003,29,balanced,full,endpoints_100m,"[""syn-29-balanced-003-d010"", ""syn-29-balanced-003-d002"", ""syn-29-balanced-003-d009"", ""syn-29-balanced-003-d011"", ""syn-29-balanced-003-d000"", ""syn-29-balanced-003-d001""]",0.6666666666666666,0.5,0.7653606369886217,0.5,12,6,4,1,False,0.5,0.5,1.0,1.0,0,0.5,0,1,0,12,12,False
syn-29-balanced-003,29,balanced,full,route_100m,"[""syn-29-balanced-003-d010"", ""syn-29-balanced-003-d002"", ""syn-29-balanced-003-d009"", ""syn-29-balanced-003-d011"", ""syn-29-balanced-003-d000"", ""syn-29-balanced-003-d001""]",0.6666666666666666,0.5,0.7653606369886217,0.5,12,6,4,1,False,0.5,0.5,1.0,1.0,0,0.5,0,1,0,12,12,False
syn-29-balanced-003,29,balanced,full,departure_5min,"[""syn-29-balanced-003-d010"", ""syn-29-balanced-003-d002"", ""syn-29-balanced-003-d009"", ""syn-29-balanced-003-d000"", ""syn-29-balanced-003-d011"", ""syn-29-balanced-003-d001""]",0.6666666666666666,0.5,0.7653606369886217,0.5,12,6,4,1,False,0.5,0.5,1.0,1.0,0,0.5,0,1,0,12,12,False
syn-29-balanced-003,29,balanced,full,availability_25pct,"[""syn-29-balanced-003-d010"", ""syn-29-balanced-003-d011"", ""syn-29-balanced-003-d000"", ""syn-29-balanced-003-d001""]",0.6666666666666666,0.5,0.7039180890341347,0.3333333333333333,12,4,4,0,False,0.3333333333333333,0.5714285714285714,1.0,0.6666666666666666,0,0.5,2,0,0,7,12,False
syn-29-balanced-004,29,balanced,full,control,"[""syn-29-balanced-004-d000"", ""syn-29-balanced-004-d009"", ""syn-29-balanced-004-d001"", ""syn-29-balanced-004-d010"", ""syn-29-balanced-004-d011"", ""syn-29-balanced-004-d008""]",1.0,0.5,1.0,0.5,12,6,6,1,False,0.5,0.5,1.0,1.0,0,0.5,0,1,0,12,12,False
syn-29-balanced-004,29,balanced,full,endpoints_100m,"[""syn-29-balanced-004-d000"", ""syn-29-balanced-004-d009"", ""syn-29-balanced-004-d001"", ""syn-29-balanced-004-d010"", ""syn-29-balanced-004-d011"", ""syn-29-balanced-004-d008""]",1.0,0.5,1.0,0.5,12,6,6,1,False,0.5,0.5,1.0,1.0,0,0.5,0,1,0,12,12,False
syn-29-balanced-004,29,balanced,full,route_100m,"[""syn-29-balanced-004-d000"", ""syn-29-balanced-004-d009"", ""syn-29-balanced-004-d001"", ""syn-29-balanced-004-d010"", ""syn-29-balanced-004-d011"", ""syn-29-balanced-004-d008""]",1.0,0.5,1.0,0.5,12,6,6,1,False,0.5,0.5,1.0,1.0,0,0.5,0,1,0,12,12,False
syn-29-balanced-004,29,balanced,full,departure_5min,"[""syn-29-balanced-004-d000"", ""syn-29-balanced-004-d009"", ""syn-29-balanced-004-d001"", ""syn-29-balanced-004-d010"", ""syn-29-balanced-004-d011"", ""syn-29-balanced-004-d008""]",1.0,0.5,1.0,0.5,12,6,6,1,False,0.5,0.5,1.0,1.0,0,0.5,0,1,0,12,12,False
syn-29-balanced-004,29,balanced,full,availability_25pct,"[""syn-29-balanced-004-d000"", ""syn-29-balanced-004-d001"", ""syn-29-balanced-004-d010"", ""syn-29-balanced-004-d011"", ""syn-29-balanced-004-d008""]",1.0,0.5,1.0,0.4166666666666667,12,5,6,0,False,0.4166666666666667,0.625,1.0,0.8333333333333334,0,0.5,2,0,0,8,12,False
syn-29-balanced-005,29,balanced,full,control,"[""syn-29-balanced-005-d011"", ""syn-29-balanced-005-d009"", ""syn-29-balanced-005-d008"", ""syn-29-balanced-005-d010"", ""syn-29-balanced-005-d000"", ""syn-29-balanced-005-d007""]",0.3333333333333333,0.25,0.23463936301137822,0.5,12,6,4,1,False,0.5,0.5,1.0,1.0,0,0.5,0,1,0,12,12,False
syn-29-balanced-005,29,balanced,full,endpoints_100m,"[""syn-29-balanced-005-d011"", ""syn-29-balanced-005-d009"", ""syn-29-balanced-005-d008"", ""syn-29-balanced-005-d010"", ""syn-29-balanced-005-d000"", ""syn-29-balanced-005-d007""]",0.3333333333333333,0.25,0.23463936301137822,0.5,12,6,4,1,False,0.5,0.5,1.0,1.0,0,0.5,0,1,0,12,12,False
syn-29-balanced-005,29,balanced,full,route_100m,"[""syn-29-balanced-005-d011"", ""syn-29-balanced-005-d009"", ""syn-29-balanced-005-d008"", ""syn-29-balanced-005-d010"", ""syn-29-balanced-005-d000"", ""syn-29-balanced-005-d007""]",0.3333333333333333,0.25,0.23463936301137822,0.5,12,6,4,1,False,0.5,0.5,1.0,1.0,0,0.5,0,1,0,12,12,False
syn-29-balanced-005,29,balanced,full,departure_5min,"[""syn-29-balanced-005-d011"", ""syn-29-balanced-005-d009"", ""syn-29-balanced-005-d008"", ""syn-29-balanced-005-d010"", ""syn-29-balanced-005-d000"", ""syn-29-balanced-005-d007""]",0.3333333333333333,0.25,0.23463936301137822,0.5,12,6,4,1,False,0.5,0.5,1.0,1.0,0,0.5,0,1,0,12,12,False
syn-29-balanced-005,29,balanced,full,availability_25pct,"[""syn-29-balanced-005-d011"", ""syn-29-balanced-005-d009"", ""syn-29-balanced-005-d008"", ""syn-29-balanced-005-d010""]",0.3333333333333333,0.25,0.23463936301137822,0.3333333333333333,12,4,4,1,False,0.3333333333333333,0.5,1.0,0.6666666666666666,0,0.5,1,1,0,8,12,False
syn-29-balanced-006,29,balanced,full,control,"[""syn-29-balanced-006-d011"", ""syn-29-balanced-006-d006"", ""syn-29-balanced-006-d009"", ""syn-29-balanced-006-d007"", ""syn-29-balanced-006-d010"", ""syn-29-balanced-006-d008""]",0.6666666666666666,0.2857142857142857,0.7039180890341347,0.5,12,6,7,2,False,0.5,0.5,1.0,1.0,0,0.5,0,2,0,12,12,False
syn-29-balanced-006,29,balanced,full,endpoints_100m,"[""syn-29-balanced-006-d011"", ""syn-29-balanced-006-d006"", ""syn-29-balanced-006-d009"", ""syn-29-balanced-006-d007"", ""syn-29-balanced-006-d010"", ""syn-29-balanced-006-d008""]",0.6666666666666666,0.2857142857142857,0.7039180890341347,0.5,12,6,7,2,False,0.5,0.5,1.0,1.0,0,0.5,0,2,0,12,12,False
syn-29-balanced-006,29,balanced,full,route_100m,"[""syn-29-balanced-006-d011"", ""syn-29-balanced-006-d006"", ""syn-29-balanced-006-d009"", ""syn-29-balanced-006-d007"", ""syn-29-balanced-006-d010"", ""syn-29-balanced-006-d008""]",0.6666666666666666,0.2857142857142857,0.7039180890341347,0.5,12,6,7,2,False,0.5,0.5,1.0,1.0,0,0.5,0,2,0,12,12,False
syn-29-balanced-006,29,balanced,full,departure_5min,"[""syn-29-balanced-006-d011"", ""syn-29-balanced-006-d006"", ""syn-29-balanced-006-d007"", ""syn-29-balanced-006-d009"", ""syn-29-balanced-006-d010"", ""syn-29-balanced-006-d008""]",0.6666666666666666,0.2857142857142857,0.7039180890341347,0.5,12,6,7,2,False,0.5,0.5,1.0,1.0,0,0.5,0,2,0,12,12,False
syn-29-balanced-006,29,balanced,full,availability_25pct,"[""syn-29-balanced-006-d011"", ""syn-29-balanced-006-d006"", ""syn-29-balanced-006-d009"", ""syn-29-balanced-006-d007"", ""syn-29-balanced-006-d010""]",0.6666666666666666,0.2857142857142857,0.7039180890341347,0.4166666666666667,12,5,7,2,False,0.4166666666666667,0.45454545454545453,1.0,0.8333333333333334,0,0.5,1,2,0,11,12,False
syn-29-balanced-007,29,balanced,full,control,"[""syn-29-balanced-007-d005"", ""syn-29-balanced-007-d010"", ""syn-29-balanced-007-d009"", ""syn-29-balanced-007-d008"", ""syn-29-balanced-007-d007"", ""syn-29-balanced-007-d006""]",0.6666666666666666,0.4,0.7039180890341347,0.5,12,6,5,3,False,0.5,0.5,1.0,1.0,0,0.5,0,3,0,12,12,False
syn-29-balanced-007,29,balanced,full,endpoints_100m,"[""syn-29-balanced-007-d005"", ""syn-29-balanced-007-d010"", ""syn-29-balanced-007-d009"", ""syn-29-balanced-007-d008"", ""syn-29-balanced-007-d007"", ""syn-29-balanced-007-d006""]",0.6666666666666666,0.4,0.7039180890341347,0.5,12,6,5,3,False,0.5,0.5,1.0,1.0,0,0.5,0,3,0,12,12,False
syn-29-balanced-007,29,balanced,full,route_100m,"[""syn-29-balanced-007-d005"", ""syn-29-balanced-007-d010"", ""syn-29-balanced-007-d009"", ""syn-29-balanced-007-d008"", ""syn-29-balanced-007-d007"", ""syn-29-balanced-007-d006""]",0.6666666666666666,0.4,0.7039180890341347,0.5,12,6,5,3,False,0.5,0.5,1.0,1.0,0,0.5,0,3,0,12,12,False
syn-29-balanced-007,29,balanced,full,departure_5min,"[""syn-29-balanced-007-d005"", ""syn-29-balanced-007-d010"", ""syn-29-balanced-007-d009"", ""syn-29-balanced-007-d008"", ""syn-29-balanced-007-d007"", ""syn-29-balanced-007-d006""]",0.6666666666666666,0.4,0.7039180890341347,0.5,12,6,5,3,False,0.5,0.5,1.0,1.0,0,0.5,0,3,0,12,12,False
syn-29-balanced-007,29,balanced,full,availability_25pct,"[""syn-29-balanced-007-d005"", ""syn-29-balanced-007-d009""]",0.6666666666666666,0.4,0.7653606369886217,0.16666666666666666,12,2,5,3,False,0.16666666666666666,0.25,1.0,0.3333333333333333,0,0.3333333333333333,0,3,0,8,12,False
syn-29-balanced-008,29,balanced,full,control,"[""syn-29-balanced-008-d005"", ""syn-29-balanced-008-d008"", ""syn-29-balanced-008-d006"", ""syn-29-balanced-008-d007"", ""syn-29-balanced-008-d004"", ""syn-29-balanced-008-d009""]",0.3333333333333333,0.5,0.38685280723454163,0.5,12,6,2,1,False,0.5,0.5,1.0,1.0,0,0.5,0,1,0,12,12,False
syn-29-balanced-008,29,balanced,full,endpoints_100m,"[""syn-29-balanced-008-d005"", ""syn-29-balanced-008-d008"", ""syn-29-balanced-008-d006"", ""syn-29-balanced-008-d007"", ""syn-29-balanced-008-d004"", ""syn-29-balanced-008-d009""]",0.3333333333333333,0.5,0.38685280723454163,0.5,12,6,2,1,False,0.5,0.5,1.0,1.0,0,0.5,0,1,0,12,12,False
syn-29-balanced-008,29,balanced,full,route_100m,"[""syn-29-balanced-008-d005"", ""syn-29-balanced-008-d008"", ""syn-29-balanced-008-d006"", ""syn-29-balanced-008-d007"", ""syn-29-balanced-008-d004"", ""syn-29-balanced-008-d009""]",0.3333333333333333,0.5,0.38685280723454163,0.5,12,6,2,1,False,0.5,0.5,1.0,1.0,0,0.5,0,1,0,12,12,False
syn-29-balanced-008,29,balanced,full,departure_5min,"[""syn-29-balanced-008-d005"", ""syn-29-balanced-008-d008"", ""syn-29-balanced-008-d006"", ""syn-29-balanced-008-d007"", ""syn-29-balanced-008-d004"", ""syn-29-balanced-008-d009""]",0.3333333333333333,0.5,0.38685280723454163,0.5,12,6,2,1,False,0.5,0.5,1.0,1.0,0,0.5,0,1,0,12,12,False
syn-29-balanced-008,29,balanced,full,availability_25pct,"[""syn-29-balanced-008-d005"", ""syn-29-balanced-008-d008"", ""syn-29-balanced-008-d009""]",0.3333333333333333,0.5,0.38685280723454163,0.25,12,3,2,1,False,0.25,0.42857142857142855,1.0,0.5,0,0.5,0,1,0,7,12,False
syn-29-balanced-009,29,balanced,full,control,"[""syn-29-balanced-009-d006"", ""syn-29-balanced-009-d005"", ""syn-29-balanced-009-d008"", ""syn-29-balanced-009-d003"", ""syn-29-balanced-009-d007"", ""syn-29-balanced-009-d004""]",0.3333333333333333,0.2,0.23463936301137822,0.5,12,6,5,4,False,0.5,0.5,1.0,1.0,0,0.5,0,4,0,12,12,False
syn-29-balanced-009,29,balanced,full,endpoints_100m,"[""syn-29-balanced-009-d006"", ""syn-29-balanced-009-d005"", ""syn-29-balanced-009-d008"", ""syn-29-balanced-009-d003"", ""syn-29-balanced-009-d007"", ""syn-29-balanced-009-d004""]",0.3333333333333333,0.2,0.23463936301137822,0.5,12,6,5,4,False,0.5,0.5,1.0,1.0,0,0.5,0,4,0,12,12,False
syn-29-balanced-009,29,balanced,full,route_100m,"[""syn-29-balanced-009-d005"", ""syn-29-balanced-009-d006"", ""syn-29-balanced-009-d008"", ""syn-29-balanced-009-d003"", ""syn-29-balanced-009-d007"", ""syn-29-balanced-009-d004""]",0.3333333333333333,0.2,0.23463936301137822,0.5,12,6,5,4,False,0.5,0.5,1.0,1.0,0,0.5,0,4,0,12,12,False
syn-29-balanced-009,29,balanced,full,departure_5min,"[""syn-29-balanced-009-d006"", ""syn-29-balanced-009-d005"", ""syn-29-balanced-009-d008"", ""syn-29-balanced-009-d003"", ""syn-29-balanced-009-d007"", ""syn-29-balanced-009-d004""]",0.3333333333333333,0.2,0.23463936301137822,0.5,12,6,5,4,False,0.5,0.5,1.0,1.0,0,0.5,0,4,0,12,12,False
syn-29-balanced-009,29,balanced,full,availability_25pct,"[""syn-29-balanced-009-d006"", ""syn-29-balanced-009-d005"", ""syn-29-balanced-009-d008"", ""syn-29-balanced-009-d003"", ""syn-29-balanced-009-d007"", ""syn-29-balanced-009-d004""]",0.3333333333333333,0.2,0.23463936301137822,0.5,12,6,5,3,False,0.5,0.5454545454545454,1.0,1.0,0,0.5,1,3,0,11,12,False
syn-29-balanced-010,29,balanced,full,control,"[""syn-29-balanced-010-d003"", ""syn-29-balanced-010-d002"", ""syn-29-balanced-010-d005"", ""syn-29-balanced-010-d006"", ""syn-29-balanced-010-d004"", ""syn-29-balanced-010-d007""]",0.0,,,0.5,12,6,0,0,True,0.5,0.5,1.0,1.0,0,0.5,0,0,0,12,12,False
syn-29-balanced-010,29,balanced,full,endpoints_100m,"[""syn-29-balanced-010-d003"", ""syn-29-balanced-010-d002"", ""syn-29-balanced-010-d005"", ""syn-29-balanced-010-d006"", ""syn-29-balanced-010-d004"", ""syn-29-balanced-010-d007""]",0.0,,,0.5,12,6,0,0,True,0.5,0.5,1.0,1.0,0,0.5,0,0,0,12,12,False
syn-29-balanced-010,29,balanced,full,route_100m,"[""syn-29-balanced-010-d003"", ""syn-29-balanced-010-d002"", ""syn-29-balanced-010-d005"", ""syn-29-balanced-010-d006"", ""syn-29-balanced-010-d004"", ""syn-29-balanced-010-d007""]",0.0,,,0.5,12,6,0,0,True,0.5,0.5,1.0,1.0,0,0.5,0,0,0,12,12,False
syn-29-balanced-010,29,balanced,full,departure_5min,"[""syn-29-balanced-010-d003"", ""syn-29-balanced-010-d002"", ""syn-29-balanced-010-d005"", ""syn-29-balanced-010-d006"", ""syn-29-balanced-010-d004"", ""syn-29-balanced-010-d007""]",0.0,,,0.5,12,6,0,0,True,0.5,0.5,1.0,1.0,0,0.5,0,0,0,12,12,False
syn-29-balanced-010,29,balanced,full,availability_25pct,"[""syn-29-balanced-010-d002"", ""syn-29-balanced-010-d005"", ""syn-29-balanced-010-d006"", ""syn-29-balanced-010-d004""]",0.0,,,0.3333333333333333,12,4,0,0,True,0.3333333333333333,0.4,1.0,0.6666666666666666,0,0.5,0,0,0,10,12,False
syn-29-balanced-011,29,balanced,full,control,"[""syn-29-balanced-011-d002"", ""syn-29-balanced-011-d006"", ""syn-29-balanced-011-d003"", ""syn-29-balanced-011-d001"", ""syn-29-balanced-011-d004"", ""syn-29-balanced-011-d005""]",0.6666666666666666,0.5,0.7653606369886217,0.5,12,6,4,1,False,0.5,0.5,1.0,1.0,0,0.5,0,1,0,12,12,False
syn-29-balanced-011,29,balanced,full,endpoints_100m,"[""syn-29-balanced-011-d002"", ""syn-29-balanced-011-d006"", ""syn-29-balanced-011-d003"", ""syn-29-balanced-011-d001"", ""syn-29-balanced-011-d004"", ""syn-29-balanced-011-d005""]",0.6666666666666666,0.5,0.7653606369886217,0.5,12,6,4,1,False,0.5,0.5,1.0,1.0,0,0.5,0,1,0,12,12,False
syn-29-balanced-011,29,balanced,full,route_100m,"[""syn-29-balanced-011-d002"", ""syn-29-balanced-011-d006"", ""syn-29-balanced-011-d003"", ""syn-29-balanced-011-d001"", ""syn-29-balanced-011-d004"", ""syn-29-balanced-011-d005""]",0.6666666666666666,0.5,0.7653606369886217,0.5,12,6,4,1,False,0.5,0.5,1.0,1.0,0,0.5,0,1,0,12,12,False
syn-29-balanced-011,29,balanced,full,departure_5min,"[""syn-29-balanced-011-d002"", ""syn-29-balanced-011-d003"", ""syn-29-balanced-011-d006"", ""syn-29-balanced-011-d001"", ""syn-29-balanced-011-d004"", ""syn-29-balanced-011-d005""]",0.6666666666666666,0.5,0.7039180890341347,0.5,12,6,4,1,False,0.5,0.5,1.0,1.0,0,0.5,0,1,0,12,12,False
syn-29-balanced-011,29,balanced,full,availability_25pct,"[""syn-29-balanced-011-d002"", ""syn-29-balanced-011-d006"", ""syn-29-balanced-011-d003"", ""syn-29-balanced-011-d001"", ""syn-29-balanced-011-d004"", ""syn-29-balanced-011-d005""]",0.6666666666666666,0.5,0.7653606369886217,0.5,12,6,4,1,False,0.5,0.5454545454545454,1.0,1.0,0,0.5,0,1,0,11,12,False
syn-29-balanced-012,29,balanced,full,control,"[""syn-29-balanced-012-d005"", ""syn-29-balanced-012-d004"", ""syn-29-balanced-012-d002"", ""syn-29-balanced-012-d001"", ""syn-29-balanced-012-d000"", ""syn-29-balanced-012-d003""]",0.3333333333333333,0.25,0.2960819109658652,0.5,12,6,4,1,False,0.5,0.5,1.0,1.0,0,0.5,0,1,0,12,12,False
syn-29-balanced-012,29,balanced,full,endpoints_100m,"[""syn-29-balanced-012-d005"", ""syn-29-balanced-012-d004"", ""syn-29-balanced-012-d002"", ""syn-29-balanced-012-d001"", ""syn-29-balanced-012-d000"", ""syn-29-balanced-012-d003""]",0.3333333333333333,0.25,0.2960819109658652,0.5,12,6,4,1,False,0.5,0.5,1.0,1.0,0,0.5,0,1,0,12,12,False
syn-29-balanced-012,29,balanced,full,route_100m,"[""syn-29-balanced-012-d005"", ""syn-29-balanced-012-d004"", ""syn-29-balanced-012-d001"", ""syn-29-balanced-012-d002"", ""syn-29-balanced-012-d000"", ""syn-29-balanced-012-d003""]",0.6666666666666666,0.5,0.5307212739772434,0.5,12,6,4,1,False,0.5,0.5,1.0,1.0,0,0.5,0,1,0,12,12,False
syn-29-balanced-012,29,balanced,full,departure_5min,"[""syn-29-balanced-012-d005"", ""syn-29-balanced-012-d004"", ""syn-29-balanced-012-d001"", ""syn-29-balanced-012-d002"", ""syn-29-balanced-012-d000"", ""syn-29-balanced-012-d003""]",0.6666666666666666,0.5,0.5307212739772434,0.5,12,6,4,1,False,0.5,0.5,1.0,1.0,0,0.5,0,1,0,12,12,False
syn-29-balanced-012,29,balanced,full,availability_25pct,"[""syn-29-balanced-012-d004"", ""syn-29-balanced-012-d001"", ""syn-29-balanced-012-d000"", ""syn-29-balanced-012-d003""]",1.0,0.75,1.0,0.3333333333333333,12,4,4,1,False,0.3333333333333333,0.5,1.0,0.6666666666666666,0,0.5,0,1,0,8,12,False
syn-29-balanced-013,29,balanced,full,control,"[""syn-29-balanced-013-d011"", ""syn-29-balanced-013-d004"", ""syn-29-balanced-013-d001"", ""syn-29-balanced-013-d002"", ""syn-29-balanced-013-d003"", ""syn-29-balanced-013-d000""]",1.0,0.42857142857142855,1.0,0.5,12,6,7,3,False,0.5,0.5,1.0,1.0,0,0.5,0,3,0,12,12,False
syn-29-balanced-013,29,balanced,full,endpoints_100m,"[""syn-29-balanced-013-d011"", ""syn-29-balanced-013-d001"", ""syn-29-balanced-013-d004"", ""syn-29-balanced-013-d002"", ""syn-29-balanced-013-d003"", ""syn-29-balanced-013-d000""]",1.0,0.42857142857142855,1.0,0.5,12,6,7,3,False,0.5,0.5,1.0,1.0,0,0.5,0,3,0,12,12,False
syn-29-balanced-013,29,balanced,full,route_100m,"[""syn-29-balanced-013-d011"", ""syn-29-balanced-013-d004"", ""syn-29-balanced-013-d001"", ""syn-29-balanced-013-d002"", ""syn-29-balanced-013-d003"", ""syn-29-balanced-013-d000""]",1.0,0.42857142857142855,1.0,0.5,12,6,7,3,False,0.5,0.5,1.0,1.0,0,0.5,0,3,0,12,12,False
syn-29-balanced-013,29,balanced,full,departure_5min,"[""syn-29-balanced-013-d011"", ""syn-29-balanced-013-d004"", ""syn-29-balanced-013-d001"", ""syn-29-balanced-013-d002"", ""syn-29-balanced-013-d003"", ""syn-29-balanced-013-d000""]",1.0,0.42857142857142855,1.0,0.5,12,6,7,3,False,0.5,0.5,1.0,1.0,0,0.5,0,3,0,12,12,False
syn-29-balanced-013,29,balanced,full,availability_25pct,"[""syn-29-balanced-013-d004"", ""syn-29-balanced-013-d001"", ""syn-29-balanced-013-d002"", ""syn-29-balanced-013-d000""]",0.6666666666666666,0.2857142857142857,0.7653606369886217,0.3333333333333333,12,4,7,3,False,0.3333333333333333,0.4,1.0,0.6666666666666666,0,0.5,1,3,0,10,12,False
syn-29-balanced-014,29,balanced,full,control,"[""syn-29-balanced-014-d010"", ""syn-29-balanced-014-d003"", ""syn-29-balanced-014-d001"", ""syn-29-balanced-014-d002"", ""syn-29-balanced-014-d011"", ""syn-29-balanced-014-d000""]",0.6666666666666666,0.3333333333333333,0.7653606369886217,0.5,12,6,6,2,False,0.5,0.5,1.0,1.0,0,0.5,0,2,0,12,12,False
syn-29-balanced-014,29,balanced,full,endpoints_100m,"[""syn-29-balanced-014-d010"", ""syn-29-balanced-014-d003"", ""syn-29-balanced-014-d002"", ""syn-29-balanced-014-d001"", ""syn-29-balanced-014-d011"", ""syn-29-balanced-014-d000""]",0.6666666666666666,0.3333333333333333,0.7653606369886217,0.5,12,6,6,2,False,0.5,0.5,1.0,1.0,0,0.5,0,2,0,12,12,False
syn-29-balanced-014,29,balanced,full,route_100m,"[""syn-29-balanced-014-d010"", ""syn-29-balanced-014-d003"", ""syn-29-balanced-014-d002"", ""syn-29-balanced-014-d001"", ""syn-29-balanced-014-d011"", ""syn-29-balanced-014-d000""]",0.6666666666666666,0.3333333333333333,0.7653606369886217,0.5,12,6,6,2,False,0.5,0.5,1.0,1.0,0,0.5,0,2,0,12,12,False
syn-29-balanced-014,29,balanced,full,departure_5min,"[""syn-29-balanced-014-d003"", ""syn-29-balanced-014-d010"", ""syn-29-balanced-014-d001"", ""syn-29-balanced-014-d002"", ""syn-29-balanced-014-d011"", ""syn-29-balanced-014-d000""]",0.6666666666666666,0.3333333333333333,0.7653606369886217,0.5,12,6,6,2,False,0.5,0.5,1.0,1.0,0,0.5,0,2,0,12,12,False
syn-29-balanced-014,29,balanced,full,availability_25pct,"[""syn-29-balanced-014-d010"", ""syn-29-balanced-014-d003"", ""syn-29-balanced-014-d001"", ""syn-29-balanced-014-d002"", ""syn-29-balanced-014-d000""]",0.6666666666666666,0.3333333333333333,0.7653606369886217,0.4166666666666667,12,5,6,1,False,0.4166666666666667,0.5,1.0,0.8333333333333334,0,0.5,2,1,0,10,12,False
syn-29-balanced-015,29,balanced,full,control,"[""syn-29-balanced-015-d002"", ""syn-29-balanced-015-d011"", ""syn-29-balanced-015-d010"", ""syn-29-balanced-015-d009"", ""syn-29-balanced-015-d001"", ""syn-29-balanced-015-d000""]",0.6666666666666666,0.3333333333333333,0.5307212739772434,0.5,12,6,6,2,False,0.5,0.5,1.0,1.0,0,0.5,0,2,0,12,12,False
syn-29-balanced-015,29,balanced,full,endpoints_100m,"[""syn-29-balanced-015-d002"", ""syn-29-balanced-015-d011"", ""syn-29-balanced-015-d010"", ""syn-29-balanced-015-d009"", ""syn-29-balanced-015-d001"", ""syn-29-balanced-015-d000""]",0.6666666666666666,0.3333333333333333,0.5307212739772434,0.5,12,6,6,2,False,0.5,0.5,1.0,1.0,0,0.5,0,2,0,12,12,False
syn-29-balanced-015,29,balanced,full,route_100m,"[""syn-29-balanced-015-d002"", ""syn-29-balanced-015-d011"", ""syn-29-balanced-015-d009"", ""syn-29-balanced-015-d010"", ""syn-29-balanced-015-d001"", ""syn-29-balanced-015-d000""]",0.3333333333333333,0.16666666666666666,0.2960819109658652,0.5,12,6,6,2,False,0.5,0.5,1.0,1.0,0,0.5,0,2,0,12,12,False
syn-29-balanced-015,29,balanced,full,departure_5min,"[""syn-29-balanced-015-d002"", ""syn-29-balanced-015-d011"", ""syn-29-balanced-015-d009"", ""syn-29-balanced-015-d010"", ""syn-29-balanced-015-d001"", ""syn-29-balanced-015-d000""]",0.3333333333333333,0.16666666666666666,0.2960819109658652,0.5,12,6,6,2,False,0.5,0.5,1.0,1.0,0,0.5,0,2,0,12,12,False
syn-29-balanced-015,29,balanced,full,availability_25pct,"[""syn-29-balanced-015-d002"", ""syn-29-balanced-015-d011"", ""syn-29-balanced-015-d010"", ""syn-29-balanced-015-d001"", ""syn-29-balanced-015-d000""]",0.6666666666666666,0.3333333333333333,0.5307212739772434,0.4166666666666667,12,5,6,1,False,0.4166666666666667,0.7142857142857143,1.0,0.8333333333333334,0,0.5,1,1,0,7,12,False
syn-29-balanced-016,29,balanced,full,control,"[""syn-29-balanced-016-d011"", ""syn-29-balanced-016-d008"", ""syn-29-balanced-016-d000"", ""syn-29-balanced-016-d001"", ""syn-29-balanced-016-d010"", ""syn-29-balanced-016-d009""]",0.3333333333333333,0.2,0.2960819109658652,0.5,12,6,5,4,False,0.5,0.5,1.0,1.0,0,0.5,0,4,0,12,12,False
syn-29-balanced-016,29,balanced,full,endpoints_100m,"[""syn-29-balanced-016-d011"", ""syn-29-balanced-016-d008"", ""syn-29-balanced-016-d000"", ""syn-29-balanced-016-d001"", ""syn-29-balanced-016-d010"", ""syn-29-balanced-016-d009""]",0.3333333333333333,0.2,0.2960819109658652,0.5,12,6,5,4,False,0.5,0.5,1.0,1.0,0,0.5,0,4,0,12,12,False
syn-29-balanced-016,29,balanced,full,route_100m,"[""syn-29-balanced-016-d011"", ""syn-29-balanced-016-d008"", ""syn-29-balanced-016-d000"", ""syn-29-balanced-016-d001"", ""syn-29-balanced-016-d010"", ""syn-29-balanced-016-d009""]",0.3333333333333333,0.2,0.2960819109658652,0.5,12,6,5,4,False,0.5,0.5,1.0,1.0,0,0.5,0,4,0,12,12,False
syn-29-balanced-016,29,balanced,full,departure_5min,"[""syn-29-balanced-016-d011"", ""syn-29-balanced-016-d008"", ""syn-29-balanced-016-d000"", ""syn-29-balanced-016-d001"", ""syn-29-balanced-016-d009"", ""syn-29-balanced-016-d010""]",0.3333333333333333,0.2,0.2960819109658652,0.5,12,6,5,4,False,0.5,0.5,1.0,1.0,0,0.5,0,4,0,12,12,False
syn-29-balanced-016,29,balanced,full,availability_25pct,"[""syn-29-balanced-016-d011"", ""syn-29-balanced-016-d008"", ""syn-29-balanced-016-d000""]",0.3333333333333333,0.2,0.2960819109658652,0.25,12,3,5,3,False,0.25,0.375,1.0,0.5,0,0.5,1,3,0,8,12,False
syn-29-balanced-017,29,balanced,full,control,"[""syn-29-balanced-017-d010"", ""syn-29-balanced-017-d011"", ""syn-29-balanced-017-d007"", ""syn-29-balanced-017-d008"", ""syn-29-balanced-017-d009"", ""syn-29-balanced-017-d000""]",0.3333333333333333,0.3333333333333333,0.46927872602275644,0.5,12,6,3,1,False,0.5,0.5,1.0,1.0,0,0.5,0,1,0,12,12,False
syn-29-balanced-017,29,balanced,full,endpoints_100m,"[""syn-29-balanced-017-d010"", ""syn-29-balanced-017-d011"", ""syn-29-balanced-017-d007"", ""syn-29-balanced-017-d008"", ""syn-29-balanced-017-d009"", ""syn-29-balanced-017-d000""]",0.3333333333333333,0.3333333333333333,0.46927872602275644,0.5,12,6,3,1,False,0.5,0.5,1.0,1.0,0,0.5,0,1,0,12,12,False
syn-29-balanced-017,29,balanced,full,route_100m,"[""syn-29-balanced-017-d010"", ""syn-29-balanced-017-d011"", ""syn-29-balanced-017-d007"", ""syn-29-balanced-017-d008"", ""syn-29-balanced-017-d009"", ""syn-29-balanced-017-d000""]",0.3333333333333333,0.3333333333333333,0.46927872602275644,0.5,12,6,3,1,False,0.5,0.5,1.0,1.0,0,0.5,0,1,0,12,12,False
syn-29-balanced-017,29,balanced,full,departure_5min,"[""syn-29-balanced-017-d010"", ""syn-29-balanced-017-d011"", ""syn-29-balanced-017-d007"", ""syn-29-balanced-017-d008"", ""syn-29-balanced-017-d009"", ""syn-29-balanced-017-d000""]",0.3333333333333333,0.3333333333333333,0.46927872602275644,0.5,12,6,3,1,False,0.5,0.5,1.0,1.0,0,0.5,0,1,0,12,12,False
syn-29-balanced-017,29,balanced,full,availability_25pct,"[""syn-29-balanced-017-d010"", ""syn-29-balanced-017-d011"", ""syn-29-balanced-017-d007"", ""syn-29-balanced-017-d009"", ""syn-29-balanced-017-d000""]",0.3333333333333333,0.3333333333333333,0.46927872602275644,0.4166666666666667,12,5,3,1,False,0.4166666666666667,0.45454545454545453,1.0,0.8333333333333334,0,0.5,1,1,0,11,12,False
syn-29-balanced-018,29,balanced,full,control,"[""syn-29-balanced-018-d011"", ""syn-29-balanced-018-d009"", ""syn-29-balanced-018-d007"", ""syn-29-balanced-018-d008"", ""syn-29-balanced-018-d006"", ""syn-29-balanced-018-d010""]",0.3333333333333333,0.5,0.3065735963827292,0.5,12,6,2,0,False,0.5,0.5,1.0,1.0,0,0.5,0,0,0,12,12,False
syn-29-balanced-018,29,balanced,full,endpoints_100m,"[""syn-29-balanced-018-d011"", ""syn-29-balanced-018-d009"", ""syn-29-balanced-018-d007"", ""syn-29-balanced-018-d008"", ""syn-29-balanced-018-d006"", ""syn-29-balanced-018-d010""]",0.3333333333333333,0.5,0.3065735963827292,0.5,12,6,2,0,False,0.5,0.5,1.0,1.0,0,0.5,0,0,0,12,12,False
syn-29-balanced-018,29,balanced,full,route_100m,"[""syn-29-balanced-018-d011"", ""syn-29-balanced-018-d009"", ""syn-29-balanced-018-d007"", ""syn-29-balanced-018-d008"", ""syn-29-balanced-018-d006"", ""syn-29-balanced-018-d010""]",0.3333333333333333,0.5,0.3065735963827292,0.5,12,6,2,0,False,0.5,0.5,1.0,1.0,0,0.5,0,0,0,12,12,False
syn-29-balanced-018,29,balanced,full,departure_5min,"[""syn-29-balanced-018-d011"", ""syn-29-balanced-018-d009"", ""syn-29-balanced-018-d007"", ""syn-29-balanced-018-d008"", ""syn-29-balanced-018-d006"", ""syn-29-balanced-018-d010""]",0.3333333333333333,0.5,0.3065735963827292,0.5,12,6,2,0,False,0.5,0.5,1.0,1.0,0,0.5,0,0,0,12,12,False
syn-29-balanced-018,29,balanced,full,availability_25pct,"[""syn-29-balanced-018-d011"", ""syn-29-balanced-018-d009"", ""syn-29-balanced-018-d007"", ""syn-29-balanced-018-d008"", ""syn-29-balanced-018-d006"", ""syn-29-balanced-018-d010""]",0.3333333333333333,0.5,0.3065735963827292,0.5,12,6,2,0,False,0.5,0.5454545454545454,1.0,1.0,0,0.5,0,0,0,11,12,False
syn-29-balanced-019,29,balanced,full,control,"[""syn-29-balanced-019-d010"", ""syn-29-balanced-019-d009"", ""syn-29-balanced-019-d008"", ""syn-29-balanced-019-d007"", ""syn-29-balanced-019-d005"", ""syn-29-balanced-019-d006""]",0.6666666666666666,0.6666666666666666,0.7039180890341347,0.5,12,6,3,1,False,0.5,0.5,1.0,1.0,0,0.5,0,1,0,12,12,False
syn-29-balanced-019,29,balanced,full,endpoints_100m,"[""syn-29-balanced-019-d010"", ""syn-29-balanced-019-d009"", ""syn-29-balanced-019-d008"", ""syn-29-balanced-019-d005"", ""syn-29-balanced-019-d007"", ""syn-29-balanced-019-d006""]",0.6666666666666666,0.6666666666666666,0.7039180890341347,0.5,12,6,3,1,False,0.5,0.5,1.0,1.0,0,0.5,0,1,0,12,12,False
syn-29-balanced-019,29,balanced,full,route_100m,"[""syn-29-balanced-019-d010"", ""syn-29-balanced-019-d009"", ""syn-29-balanced-019-d008"", ""syn-29-balanced-019-d007"", ""syn-29-balanced-019-d005"", ""syn-29-balanced-019-d006""]",0.6666666666666666,0.6666666666666666,0.7039180890341347,0.5,12,6,3,1,False,0.5,0.5,1.0,1.0,0,0.5,0,1,0,12,12,False
syn-29-balanced-019,29,balanced,full,departure_5min,"[""syn-29-balanced-019-d010"", ""syn-29-balanced-019-d009"", ""syn-29-balanced-019-d008"", ""syn-29-balanced-019-d007"", ""syn-29-balanced-019-d005"", ""syn-29-balanced-019-d006""]",0.6666666666666666,0.6666666666666666,0.7039180890341347,0.5,12,6,3,1,False,0.5,0.5,1.0,1.0,0,0.5,0,1,0,12,12,False
syn-29-balanced-019,29,balanced,full,availability_25pct,"[""syn-29-balanced-019-d008"", ""syn-29-balanced-019-d007"", ""syn-29-balanced-019-d005"", ""syn-29-balanced-019-d006""]",0.3333333333333333,0.3333333333333333,0.46927872602275644,0.3333333333333333,12,4,3,1,False,0.3333333333333333,0.4444444444444444,1.0,0.6666666666666666,0,0.5,1,1,0,9,12,False
syn-29-dense-000,29,dense,full,control,"[""syn-29-dense-000-d014"", ""syn-29-dense-000-d004"", ""syn-29-dense-000-d001"", ""syn-29-dense-000-d013"", ""syn-29-dense-000-d012"", ""syn-29-dense-000-d016"", ""syn-29-dense-000-d005"", ""syn-29-dense-000-d002"", ""syn-29-dense-000-d017"", ""syn-29-dense-000-d015"", ""syn-29-dense-000-d000"", ""syn-29-dense-000-d003""]",0.0,,,0.5,24,12,0,0,True,0.5,0.5,1.0,1.0,0,0.25,0,0,0,24,24,False
syn-29-dense-000,29,dense,full,endpoints_100m,"[""syn-29-dense-000-d014"", ""syn-29-dense-000-d004"", ""syn-29-dense-000-d001"", ""syn-29-dense-000-d013"", ""syn-29-dense-000-d012"", ""syn-29-dense-000-d005"", ""syn-29-dense-000-d002"", ""syn-29-dense-000-d016"", ""syn-29-dense-000-d017"", ""syn-29-dense-000-d015"", ""syn-29-dense-000-d000"", ""syn-29-dense-000-d003""]",0.0,,,0.5,24,12,0,0,True,0.5,0.5,1.0,1.0,0,0.25,0,0,0,24,24,False
syn-29-dense-000,29,dense,full,route_100m,"[""syn-29-dense-000-d014"", ""syn-29-dense-000-d004"", ""syn-29-dense-000-d001"", ""syn-29-dense-000-d013"", ""syn-29-dense-000-d012"", ""syn-29-dense-000-d016"", ""syn-29-dense-000-d005"", ""syn-29-dense-000-d002"", ""syn-29-dense-000-d017"", ""syn-29-dense-000-d015"", ""syn-29-dense-000-d000"", ""syn-29-dense-000-d003""]",0.0,,,0.5,24,12,0,0,True,0.5,0.5,1.0,1.0,0,0.25,0,0,0,24,24,False
syn-29-dense-000,29,dense,full,departure_5min,"[""syn-29-dense-000-d014"", ""syn-29-dense-000-d004"", ""syn-29-dense-000-d001"", ""syn-29-dense-000-d013"", ""syn-29-dense-000-d012"", ""syn-29-dense-000-d005"", ""syn-29-dense-000-d002"", ""syn-29-dense-000-d016"", ""syn-29-dense-000-d017"", ""syn-29-dense-000-d015"", ""syn-29-dense-000-d000"", ""syn-29-dense-000-d003""]",0.0,,,0.5,24,12,0,0,True,0.5,0.5,1.0,1.0,0,0.25,0,0,0,24,24,False
syn-29-dense-000,29,dense,full,availability_25pct,"[""syn-29-dense-000-d014"", ""syn-29-dense-000-d004"", ""syn-29-dense-000-d013"", ""syn-29-dense-000-d012"", ""syn-29-dense-000-d016"", ""syn-29-dense-000-d002"", ""syn-29-dense-000-d015""]",0.0,,,0.2916666666666667,24,7,0,0,True,0.2916666666666667,0.4666666666666667,1.0,0.5833333333333334,0,0.25,0,0,0,15,24,False
syn-29-dense-001,29,dense,full,control,"[""syn-29-dense-001-d014"", ""syn-29-dense-001-d015"", ""syn-29-dense-001-d003"", ""syn-29-dense-001-d004"", ""syn-29-dense-001-d001"", ""syn-29-dense-001-d012"", ""syn-29-dense-001-d016"", ""syn-29-dense-001-d023"", ""syn-29-dense-001-d002"", ""syn-29-dense-001-d011"", ""syn-29-dense-001-d013"", ""syn-29-dense-001-d000""]",0.6666666666666666,0.3333333333333333,0.7039180890341347,0.5,24,12,6,3,False,0.5,0.5,1.0,1.0,0,0.25,0,3,0,24,24,False
syn-29-dense-001,29,dense,full,endpoints_100m,"[""syn-29-dense-001-d014"", ""syn-29-dense-001-d015"", ""syn-29-dense-001-d003"", ""syn-29-dense-001-d004"", ""syn-29-dense-001-d001"", ""syn-29-dense-001-d012"", ""syn-29-dense-001-d016"", ""syn-29-dense-001-d002"", ""syn-29-dense-001-d023"", ""syn-29-dense-001-d011"", ""syn-29-dense-001-d013"", ""syn-29-dense-001-d000""]",0.6666666666666666,0.3333333333333333,0.7039180890341347,0.5,24,12,6,3,False,0.5,0.5,1.0,1.0,0,0.25,0,3,0,24,24,False
syn-29-dense-001,29,dense,full,route_100m,"[""syn-29-dense-001-d014"", ""syn-29-dense-001-d015"", ""syn-29-dense-001-d004"", ""syn-29-dense-001-d003"", ""syn-29-dense-001-d001"", ""syn-29-dense-001-d016"", ""syn-29-dense-001-d012"", ""syn-29-dense-001-d023"", ""syn-29-dense-001-d002"", ""syn-29-dense-001-d011"", ""syn-29-dense-001-d013"", ""syn-29-dense-001-d000""]",0.3333333333333333,0.16666666666666666,0.46927872602275644,0.5,24,12,6,3,False,0.5,0.5,1.0,1.0,0,0.25,0,3,0,24,24,False
syn-29-dense-001,29,dense,full,departure_5min,"[""syn-29-dense-001-d014"", ""syn-29-dense-001-d015"", ""syn-29-dense-001-d003"", ""syn-29-dense-001-d004"", ""syn-29-dense-001-d001"", ""syn-29-dense-001-d016"", ""syn-29-dense-001-d012"", ""syn-29-dense-001-d023"", ""syn-29-dense-001-d002"", ""syn-29-dense-001-d011"", ""syn-29-dense-001-d013"", ""syn-29-dense-001-d000""]",0.6666666666666666,0.3333333333333333,0.7039180890341347,0.5,24,12,6,3,False,0.5,0.5,1.0,1.0,0,0.25,0,3,0,24,24,False
syn-29-dense-001,29,dense,full,availability_25pct,"[""syn-29-dense-001-d015"", ""syn-29-dense-001-d004"", ""syn-29-dense-001-d012"", ""syn-29-dense-001-d016"", ""syn-29-dense-001-d023"", ""syn-29-dense-001-d002"", ""syn-29-dense-001-d013"", ""syn-29-dense-001-d000""]",0.0,0.0,0.0,0.3333333333333333,24,8,6,3,False,0.3333333333333333,0.42105263157894735,1.0,0.6666666666666666,0,0.25,2,3,0,19,24,False
syn-29-dense-002,29,dense,full,control,"[""syn-29-dense-002-d012"", ""syn-29-dense-002-d001"", ""syn-29-dense-002-d013"", ""syn-29-dense-002-d022"", ""syn-29-dense-002-d000"", ""syn-29-dense-002-d011"", ""syn-29-dense-002-d010"", ""syn-29-dense-002-d014"", ""syn-29-dense-002-d015"", ""syn-29-dense-002-d002"", ""syn-29-dense-002-d023"", ""syn-29-dense-002-d003""]",0.6666666666666666,0.3333333333333333,0.7653606369886217,0.5,24,12,6,1,False,0.5,0.5,1.0,1.0,0,0.25,0,1,0,24,24,False
syn-29-dense-002,29,dense,full,endpoints_100m,"[""syn-29-dense-002-d022"", ""syn-29-dense-002-d012"", ""syn-29-dense-002-d001"", ""syn-29-dense-002-d013"", ""syn-29-dense-002-d000"", ""syn-29-dense-002-d010"", ""syn-29-dense-002-d011"", ""syn-29-dense-002-d014"", ""syn-29-dense-002-d015"", ""syn-29-dense-002-d002"", ""syn-29-dense-002-d023"", ""syn-29-dense-002-d003""]",1.0,0.5,1.0,0.5,24,12,6,1,False,0.5,0.5,1.0,1.0,0,0.25,0,1,0,24,24,False
syn-29-dense-002,29,dense,full,route_100m,"[""syn-29-dense-002-d012"", ""syn-29-dense-002-d001"", ""syn-29-dense-002-d013"", ""syn-29-dense-002-d022"", ""syn-29-dense-002-d011"", ""syn-29-dense-002-d000"", ""syn-29-dense-002-d010"", ""syn-29-dense-002-d014"", ""syn-29-dense-002-d015"", ""syn-29-dense-002-d002"", ""syn-29-dense-002-d023"", ""syn-29-dense-002-d003""]",0.6666666666666666,0.3333333333333333,0.7653606369886217,0.5,24,12,6,1,False,0.5,0.5,1.0,1.0,0,0.25,0,1,0,24,24,False
syn-29-dense-002,29,dense,full,departure_5min,"[""syn-29-dense-002-d012"", ""syn-29-dense-002-d013"", ""syn-29-dense-002-d001"", ""syn-29-dense-002-d022"", ""syn-29-dense-002-d000"", ""syn-29-dense-002-d011"", ""syn-29-dense-002-d010"", ""syn-29-dense-002-d014"", ""syn-29-dense-002-d015"", ""syn-29-dense-002-d002"", ""syn-29-dense-002-d023"", ""syn-29-dense-002-d003""]",0.6666666666666666,0.3333333333333333,0.7039180890341347,0.5,24,12,6,1,False,0.5,0.5,1.0,1.0,0,0.25,0,1,0,24,24,False
syn-29-dense-002,29,dense,full,availability_25pct,"[""syn-29-dense-002-d001"", ""syn-29-dense-002-d013"", ""syn-29-dense-002-d022"", ""syn-29-dense-002-d010"", ""syn-29-dense-002-d002"", ""syn-29-dense-002-d023"", ""syn-29-dense-002-d003""]",0.6666666666666666,0.3333333333333333,0.7039180890341347,0.2916666666666667,24,7,6,0,False,0.2916666666666667,0.4117647058823529,1.0,0.5833333333333334,0,0.25,3,0,0,17,24,False
syn-29-dense-003,29,dense,full,control,"[""syn-29-dense-003-d022"", ""syn-29-dense-003-d023"", ""syn-29-dense-003-d001"", ""syn-29-dense-003-d010"", ""syn-29-dense-003-d012"", ""syn-29-dense-003-d014"", ""syn-29-dense-003-d002"", ""syn-29-dense-003-d013"", ""syn-29-dense-003-d009"", ""syn-29-dense-003-d000"", ""syn-29-dense-003-d021"", ""syn-29-dense-003-d011""]",1.0,0.2727272727272727,1.0,0.5,24,12,11,4,False,0.5,0.5,1.0,1.0,0,0.25,0,4,0,24,24,False
syn-29-dense-003,29,dense,full,endpoints_100m,"[""syn-29-dense-003-d022"", ""syn-29-dense-003-d023"", ""syn-29-dense-003-d010"", ""syn-29-dense-003-d001"", ""syn-29-dense-003-d012"", ""syn-29-dense-003-d014"", ""syn-29-dense-003-d002"", ""syn-29-dense-003-d013"", ""syn-29-dense-003-d009"", ""syn-29-dense-003-d000"", ""syn-29-dense-003-d011"", ""syn-29-dense-003-d021""]",0.6666666666666666,0.18181818181818182,0.7653606369886217,0.5,24,12,11,4,False,0.5,0.5,1.0,1.0,0,0.25,0,4,0,24,24,False
syn-29-dense-003,29,dense,full,route_100m,"[""syn-29-dense-003-d022"", ""syn-29-dense-003-d023"", ""syn-29-dense-003-d001"", ""syn-29-dense-003-d010"", ""syn-29-dense-003-d012"", ""syn-29-dense-003-d014"", ""syn-29-dense-003-d009"", ""syn-29-dense-003-d002"", ""syn-29-dense-003-d013"", ""syn-29-dense-003-d000"", ""syn-29-dense-003-d021"", ""syn-29-dense-003-d011""]",1.0,0.2727272727272727,1.0,0.5,24,12,11,4,False,0.5,0.5,1.0,1.0,0,0.25,0,4,0,24,24,False
syn-29-dense-003,29,dense,full,departure_5min,"[""syn-29-dense-003-d022"", ""syn-29-dense-003-d023"", ""syn-29-dense-003-d001"", ""syn-29-dense-003-d010"", ""syn-29-dense-003-d012"", ""syn-29-dense-003-d014"", ""syn-29-dense-003-d002"", ""syn-29-dense-003-d009"", ""syn-29-dense-003-d013"", ""syn-29-dense-003-d000"", ""syn-29-dense-003-d011"", ""syn-29-dense-003-d021""]",1.0,0.2727272727272727,1.0,0.5,24,12,11,4,False,0.5,0.5,1.0,1.0,0,0.25,0,4,0,24,24,False
syn-29-dense-003,29,dense,full,availability_25pct,"[""syn-29-dense-003-d022"", ""syn-29-dense-003-d023"", ""syn-29-dense-003-d001"", ""syn-29-dense-003-d012"", ""syn-29-dense-003-d002"", ""syn-29-dense-003-d013"", ""syn-29-dense-003-d009"", ""syn-29-dense-003-d000"", ""syn-29-dense-003-d011""]",1.0,0.2727272727272727,1.0,0.375,24,9,11,4,False,0.375,0.47368421052631576,1.0,0.75,0,0.25,0,4,0,19,24,False
syn-29-dense-004,29,dense,full,control,"[""syn-29-dense-004-d022"", ""syn-29-dense-004-d023"", ""syn-29-dense-004-d010"", ""syn-29-dense-004-d012"", ""syn-29-dense-004-d013"", ""syn-29-dense-004-d020"", ""syn-29-dense-004-d000"", ""syn-29-dense-004-d008"", ""syn-29-dense-004-d001"", ""syn-29-dense-004-d011"", ""syn-29-dense-004-d021"", ""syn-29-dense-004-d009""]",1.0,0.375,1.0,0.5,24,12,8,4,False,0.5,0.5,1.0,1.0,0,0.25,0,4,0,24,24,False
syn-29-dense-004,29,dense,full,endpoints_100m,"[""syn-29-dense-004-d022"", ""syn-29-dense-004-d023"", ""syn-29-dense-004-d010"", ""syn-29-dense-004-d012"", ""syn-29-dense-004-d020"", ""syn-29-dense-004-d013"", ""syn-29-dense-004-d000"", ""syn-29-dense-004-d008"", ""syn-29-dense-004-d001"", ""syn-29-dense-004-d011"", ""syn-29-dense-004-d021"", ""syn-29-dense-004-d009""]",1.0,0.375,1.0,0.5,24,12,8,4,False,0.5,0.5,1.0,1.0,0,0.25,0,4,0,24,24,False
syn-29-dense-004,29,dense,full,route_100m,"[""syn-29-dense-004-d022"", ""syn-29-dense-004-d023"", ""syn-29-dense-004-d010"", ""syn-29-dense-004-d012"", ""syn-29-dense-004-d013"", ""syn-29-dense-004-d020"", ""syn-29-dense-004-d000"", ""syn-29-dense-004-d008"", ""syn-29-dense-004-d001"", ""syn-29-dense-004-d011"", ""syn-29-dense-004-d021"", ""syn-29-dense-004-d009""]",1.0,0.375,1.0,0.5,24,12,8,4,False,0.5,0.5,1.0,1.0,0,0.25,0,4,0,24,24,False
syn-29-dense-004,29,dense,full,departure_5min,"[""syn-29-dense-004-d022"", ""syn-29-dense-004-d023"", ""syn-29-dense-004-d010"", ""syn-29-dense-004-d012"", ""syn-29-dense-004-d013"", ""syn-29-dense-004-d020"", ""syn-29-dense-004-d000"", ""syn-29-dense-004-d008"", ""syn-29-dense-004-d001"", ""syn-29-dense-004-d011"", ""syn-29-dense-004-d021"", ""syn-29-dense-004-d009""]",1.0,0.375,1.0,0.5,24,12,8,4,False,0.5,0.5,1.0,1.0,0,0.25,0,4,0,24,24,False
syn-29-dense-004,29,dense,full,availability_25pct,"[""syn-29-dense-004-d022"", ""syn-29-dense-004-d023"", ""syn-29-dense-004-d010"", ""syn-29-dense-004-d012"", ""syn-29-dense-004-d020"", ""syn-29-dense-004-d000"", ""syn-29-dense-004-d008"", ""syn-29-dense-004-d001"", ""syn-29-dense-004-d011"", ""syn-29-dense-004-d021""]",1.0,0.375,1.0,0.4166666666666667,24,10,8,3,False,0.4166666666666667,0.5555555555555556,1.0,0.8333333333333334,0,0.25,2,3,0,18,24,False
syn-29-dense-005,29,dense,full,control,"[""syn-29-dense-005-d000"", ""syn-29-dense-005-d012"", ""syn-29-dense-005-d023"", ""syn-29-dense-005-d009"", ""syn-29-dense-005-d007"", ""syn-29-dense-005-d010"", ""syn-29-dense-005-d011"", ""syn-29-dense-005-d008"", ""syn-29-dense-005-d020"", ""syn-29-dense-005-d022"", ""syn-29-dense-005-d021"", ""syn-29-dense-005-d019""]",0.3333333333333333,0.125,0.2960819109658652,0.5,24,12,8,3,False,0.5,0.5,1.0,1.0,0,0.25,0,3,0,24,24,False
syn-29-dense-005,29,dense,full,endpoints_100m,"[""syn-29-dense-005-d000"", ""syn-29-dense-005-d012"", ""syn-29-dense-005-d023"", ""syn-29-dense-005-d009"", ""syn-29-dense-005-d007"", ""syn-29-dense-005-d010"", ""syn-29-dense-005-d011"", ""syn-29-dense-005-d020"", ""syn-29-dense-005-d008"", ""syn-29-dense-005-d022"", ""syn-29-dense-005-d021"", ""syn-29-dense-005-d019""]",0.3333333333333333,0.125,0.2960819109658652,0.5,24,12,8,3,False,0.5,0.5,1.0,1.0,0,0.25,0,3,0,24,24,False
syn-29-dense-005,29,dense,full,route_100m,"[""syn-29-dense-005-d000"", ""syn-29-dense-005-d012"", ""syn-29-dense-005-d023"", ""syn-29-dense-005-d007"", ""syn-29-dense-005-d009"", ""syn-29-dense-005-d010"", ""syn-29-dense-005-d011"", ""syn-29-dense-005-d008"", ""syn-29-dense-005-d020"", ""syn-29-dense-005-d022"", ""syn-29-dense-005-d021"", ""syn-29-dense-005-d019""]",0.3333333333333333,0.125,0.2960819109658652,0.5,24,12,8,3,False,0.5,0.5,1.0,1.0,0,0.25,0,3,0,24,24,False
syn-29-dense-005,29,dense,full,departure_5min,"[""syn-29-dense-005-d000"", ""syn-29-dense-005-d012"", ""syn-29-dense-005-d023"", ""syn-29-dense-005-d009"", ""syn-29-dense-005-d007"", ""syn-29-dense-005-d010"", ""syn-29-dense-005-d011"", ""syn-29-dense-005-d008"", ""syn-29-dense-005-d020"", ""syn-29-dense-005-d022"", ""syn-29-dense-005-d021"", ""syn-29-dense-005-d019""]",0.3333333333333333,0.125,0.2960819109658652,0.5,24,12,8,3,False,0.5,0.5,1.0,1.0,0,0.25,0,3,0,24,24,False
syn-29-dense-005,29,dense,full,availability_25pct,"[""syn-29-dense-005-d000"", ""syn-29-dense-005-d012"", ""syn-29-dense-005-d023"", ""syn-29-dense-005-d009"", ""syn-29-dense-005-d007"", ""syn-29-dense-005-d010"", ""syn-29-dense-005-d011"", ""syn-29-dense-005-d020"", ""syn-29-dense-005-d021""]",0.3333333333333333,0.125,0.2960819109658652,0.375,24,9,8,3,False,0.375,0.45,1.0,0.75,0,0.25,1,3,0,20,24,False
syn-29-dense-006,29,dense,full,control,"[""syn-29-dense-006-d018"", ""syn-29-dense-006-d020"", ""syn-29-dense-006-d006"", ""syn-29-dense-006-d022"", ""syn-29-dense-006-d009"", ""syn-29-dense-006-d019"", ""syn-29-dense-006-d021"", ""syn-29-dense-006-d010"", ""syn-29-dense-006-d011"", ""syn-29-dense-006-d007"", ""syn-29-dense-006-d023"", ""syn-29-dense-006-d008""]",1.0,0.2,1.0,0.5,24,12,15,5,False,0.5,0.5,1.0,1.0,0,0.25,0,5,0,24,24,False
syn-29-dense-006,29,dense,full,endpoints_100m,"[""syn-29-dense-006-d018"", ""syn-29-dense-006-d020"", ""syn-29-dense-006-d006"", ""syn-29-dense-006-d022"", ""syn-29-dense-006-d009"", ""syn-29-dense-006-d019"", ""syn-29-dense-006-d021"", ""syn-29-dense-006-d010"", ""syn-29-dense-006-d011"", ""syn-29-dense-006-d007"", ""syn-29-dense-006-d023"", ""syn-29-dense-006-d008""]",1.0,0.2,1.0,0.5,24,12,15,5,False,0.5,0.5,1.0,1.0,0,0.25,0,5,0,24,24,False
syn-29-dense-006,29,dense,full,route_100m,"[""syn-29-dense-006-d018"", ""syn-29-dense-006-d020"", ""syn-29-dense-006-d006"", ""syn-29-dense-006-d022"", ""syn-29-dense-006-d009"", ""syn-29-dense-006-d019"", ""syn-29-dense-006-d021"", ""syn-29-dense-006-d010"", ""syn-29-dense-006-d011"", ""syn-29-dense-006-d007"", ""syn-29-dense-006-d023"", ""syn-29-dense-006-d008""]",1.0,0.2,1.0,0.5,24,12,15,5,False,0.5,0.5,1.0,1.0,0,0.25,0,5,0,24,24,False
syn-29-dense-006,29,dense,full,departure_5min,"[""syn-29-dense-006-d018"", ""syn-29-dense-006-d020"", ""syn-29-dense-006-d006"", ""syn-29-dense-006-d022"", ""syn-29-dense-006-d009"", ""syn-29-dense-006-d019"", ""syn-29-dense-006-d021"", ""syn-29-dense-006-d010"", ""syn-29-dense-006-d011"", ""syn-29-dense-006-d007"", ""syn-29-dense-006-d023"", ""syn-29-dense-006-d008""]",1.0,0.2,1.0,0.5,24,12,15,5,False,0.5,0.5,1.0,1.0,0,0.25,0,5,0,24,24,False
syn-29-dense-006,29,dense,full,availability_25pct,"[""syn-29-dense-006-d018"", ""syn-29-dense-006-d006"", ""syn-29-dense-006-d022"", ""syn-29-dense-006-d019"", ""syn-29-dense-006-d021"", ""syn-29-dense-006-d011"", ""syn-29-dense-006-d023""]",0.6666666666666666,0.13333333333333333,0.7653606369886217,0.2916666666666667,24,7,15,3,False,0.2916666666666667,0.4375,1.0,0.5833333333333334,0,0.25,7,3,0,16,24,False
syn-29-dense-007,29,dense,full,control,"[""syn-29-dense-007-d020"", ""syn-29-dense-007-d010"", ""syn-29-dense-007-d006"", ""syn-29-dense-007-d022"", ""syn-29-dense-007-d008"", ""syn-29-dense-007-d018"", ""syn-29-dense-007-d007"", ""syn-29-dense-007-d009"", ""syn-29-dense-007-d005"", ""syn-29-dense-007-d017"", ""syn-29-dense-007-d019"", ""syn-29-dense-007-d021""]",1.0,0.2727272727272727,1.0,0.5,24,12,11,4,False,0.5,0.5,1.0,1.0,0,0.25,0,4,0,24,24,False
syn-29-dense-007,29,dense,full,endpoints_100m,"[""syn-29-dense-007-d010"", ""syn-29-dense-007-d006"", ""syn-29-dense-007-d020"", ""syn-29-dense-007-d022"", ""syn-29-dense-007-d018"", ""syn-29-dense-007-d008"", ""syn-29-dense-007-d007"", ""syn-29-dense-007-d017"", ""syn-29-dense-007-d009"", ""syn-29-dense-007-d005"", ""syn-29-dense-007-d019"", ""syn-29-dense-007-d021""]",1.0,0.2727272727272727,1.0,0.5,24,12,11,4,False,0.5,0.5,1.0,1.0,0,0.25,0,4,0,24,24,False
syn-29-dense-007,29,dense,full,route_100m,"[""syn-29-dense-007-d020"", ""syn-29-dense-007-d010"", ""syn-29-dense-007-d006"", ""syn-29-dense-007-d022"", ""syn-29-dense-007-d018"", ""syn-29-dense-007-d008"", ""syn-29-dense-007-d007"", ""syn-29-dense-007-d009"", ""syn-29-dense-007-d005"", ""syn-29-dense-007-d017"", ""syn-29-dense-007-d019"", ""syn-29-dense-007-d021""]",1.0,0.2727272727272727,1.0,0.5,24,12,11,4,False,0.5,0.5,1.0,1.0,0,0.25,0,4,0,24,24,False
syn-29-dense-007,29,dense,full,departure_5min,"[""syn-29-dense-007-d020"", ""syn-29-dense-007-d010"", ""syn-29-dense-007-d006"", ""syn-29-dense-007-d022"", ""syn-29-dense-007-d008"", ""syn-29-dense-007-d007"", ""syn-29-dense-007-d018"", ""syn-29-dense-007-d005"", ""syn-29-dense-007-d019"", ""syn-29-dense-007-d017"", ""syn-29-dense-007-d009"", ""syn-29-dense-007-d021""]",1.0,0.2727272727272727,1.0,0.5,24,12,11,4,False,0.5,0.5,1.0,1.0,0,0.25,0,4,0,24,24,False
syn-29-dense-007,29,dense,full,availability_25pct,"[""syn-29-dense-007-d006"", ""syn-29-dense-007-d022"", ""syn-29-dense-007-d008"", ""syn-29-dense-007-d018"", ""syn-29-dense-007-d007"", ""syn-29-dense-007-d009"", ""syn-29-dense-007-d005"", ""syn-29-dense-007-d019"", ""syn-29-dense-007-d021""]",0.3333333333333333,0.09090909090909091,0.46927872602275644,0.375,24,9,11,2,False,0.375,0.47368421052631576,1.0,0.75,0,0.25,5,2,0,19,24,False
syn-29-dense-008,29,dense,full,control,"[""syn-29-dense-008-d007"", ""syn-29-dense-008-d005"", ""syn-29-dense-008-d006"", ""syn-29-dense-008-d021"", ""syn-29-dense-008-d018"", ""syn-29-dense-008-d020"", ""syn-29-dense-008-d016"", ""syn-29-dense-008-d009"", ""syn-29-dense-008-d008"", ""syn-29-dense-008-d019"", ""syn-29-dense-008-d017"", ""syn-29-dense-008-d004""]",0.6666666666666666,0.16666666666666666,0.7039180890341347,0.5,24,12,12,6,False,0.5,0.5,1.0,1.0,0,0.25,0,6,0,24,24,False
syn-29-dense-008,29,dense,full,endpoints_100m,"[""syn-29-dense-008-d007"", ""syn-29-dense-008-d005"", ""syn-29-dense-008-d021"", ""syn-29-dense-008-d006"", ""syn-29-dense-008-d018"", ""syn-29-dense-008-d020"", ""syn-29-dense-008-d016"", ""syn-29-dense-008-d008"", ""syn-29-dense-008-d009"", ""syn-29-dense-008-d019"", ""syn-29-dense-008-d017"", ""syn-29-dense-008-d004""]",0.6666666666666666,0.16666666666666666,0.7039180890341347,0.5,24,12,12,6,False,0.5,0.5,1.0,1.0,0,0.25,0,6,0,24,24,False
syn-29-dense-008,29,dense,full,route_100m,"[""syn-29-dense-008-d007"", ""syn-29-dense-008-d005"", ""syn-29-dense-008-d006"", ""syn-29-dense-008-d021"", ""syn-29-dense-008-d018"", ""syn-29-dense-008-d020"", ""syn-29-dense-008-d016"", ""syn-29-dense-008-d009"", ""syn-29-dense-008-d008"", ""syn-29-dense-008-d019"", ""syn-29-dense-008-d017"", ""syn-29-dense-008-d004""]",0.6666666666666666,0.16666666666666666,0.7039180890341347,0.5,24,12,12,6,False,0.5,0.5,1.0,1.0,0,0.25,0,6,0,24,24,False
syn-29-dense-008,29,dense,full,departure_5min,"[""syn-29-dense-008-d007"", ""syn-29-dense-008-d005"", ""syn-29-dense-008-d021"", ""syn-29-dense-008-d006"", ""syn-29-dense-008-d018"", ""syn-29-dense-008-d020"", ""syn-29-dense-008-d016"", ""syn-29-dense-008-d009"", ""syn-29-dense-008-d019"", ""syn-29-dense-008-d008"", ""syn-29-dense-008-d017"", ""syn-29-dense-008-d004""]",0.6666666666666666,0.16666666666666666,0.7039180890341347,0.5,24,12,12,6,False,0.5,0.5,1.0,1.0,0,0.25,0,6,0,24,24,False
syn-29-dense-008,29,dense,full,availability_25pct,"[""syn-29-dense-008-d021"", ""syn-29-dense-008-d018"", ""syn-29-dense-008-d020"", ""syn-29-dense-008-d016"", ""syn-29-dense-008-d009"", ""syn-29-dense-008-d008"", ""syn-29-dense-008-d019"", ""syn-29-dense-008-d004""]",0.6666666666666666,0.16666666666666666,0.7039180890341347,0.3333333333333333,24,8,12,4,False,0.3333333333333333,0.5,1.0,0.6666666666666666,0,0.25,5,4,0,16,24,False
syn-29-dense-009,29,dense,full,control,"[""syn-29-dense-009-d018"", ""syn-29-dense-009-d006"", ""syn-29-dense-009-d008"", ""syn-29-dense-009-d005"", ""syn-29-dense-009-d015"", ""syn-29-dense-009-d020"", ""syn-29-dense-009-d003"", ""syn-29-dense-009-d017"", ""syn-29-dense-009-d016"", ""syn-29-dense-009-d004"", ""syn-29-dense-009-d019"", ""syn-29-dense-009-d007""]",0.3333333333333333,0.14285714285714285,0.46927872602275644,0.5,24,12,7,2,False,0.5,0.5,1.0,1.0,0,0.25,0,2,0,24,24,False
syn-29-dense-009,29,dense,full,endpoints_100m,"[""syn-29-dense-009-d018"", ""syn-29-dense-009-d006"", ""syn-29-dense-009-d008"", ""syn-29-dense-009-d005"", ""syn-29-dense-009-d015"", ""syn-29-dense-009-d020"", ""syn-29-dense-009-d017"", ""syn-29-dense-009-d003"", ""syn-29-dense-009-d016"", ""syn-29-dense-009-d004"", ""syn-29-dense-009-d019"", ""syn-29-dense-009-d007""]",0.3333333333333333,0.14285714285714285,0.46927872602275644,0.5,24,12,7,2,False,0.5,0.5,1.0,1.0,0,0.25,0,2,0,24,24,False
syn-29-dense-009,29,dense,full,route_100m,"[""syn-29-dense-009-d018"", ""syn-29-dense-009-d006"", ""syn-29-dense-009-d008"", ""syn-29-dense-009-d005"", ""syn-29-dense-009-d015"", ""syn-29-dense-009-d020"", ""syn-29-dense-009-d003"", ""syn-29-dense-009-d017"", ""syn-29-dense-009-d016"", ""syn-29-dense-009-d004"", ""syn-29-dense-009-d019"", ""syn-29-dense-009-d007""]",0.3333333333333333,0.14285714285714285,0.46927872602275644,0.5,24,12,7,2,False,0.5,0.5,1.0,1.0,0,0.25,0,2,0,24,24,False
syn-29-dense-009,29,dense,full,departure_5min,"[""syn-29-dense-009-d018"", ""syn-29-dense-009-d006"", ""syn-29-dense-009-d008"", ""syn-29-dense-009-d005"", ""syn-29-dense-009-d015"", ""syn-29-dense-009-d020"", ""syn-29-dense-009-d003"", ""syn-29-dense-009-d017"", ""syn-29-dense-009-d016"", ""syn-29-dense-009-d004"", ""syn-29-dense-009-d019"", ""syn-29-dense-009-d007""]",0.3333333333333333,0.14285714285714285,0.46927872602275644,0.5,24,12,7,2,False,0.5,0.5,1.0,1.0,0,0.25,0,2,0,24,24,False
syn-29-dense-009,29,dense,full,availability_25pct,"[""syn-29-dense-009-d018"", ""syn-29-dense-009-d006"", ""syn-29-dense-009-d008"", ""syn-29-dense-009-d005"", ""syn-29-dense-009-d003"", ""syn-29-dense-009-d017"", ""syn-29-dense-009-d004"", ""syn-29-dense-009-d019"", ""syn-29-dense-009-d007""]",0.3333333333333333,0.14285714285714285,0.46927872602275644,0.375,24,9,7,2,False,0.375,0.47368421052631576,1.0,0.75,0,0.25,1,2,0,19,24,False
syn-29-dense-010,29,dense,full,control,"[""syn-29-dense-010-d015"", ""syn-29-dense-010-d004"", ""syn-29-dense-010-d018"", ""syn-29-dense-010-d003"", ""syn-29-dense-010-d014"", ""syn-29-dense-010-d006"", ""syn-29-dense-010-d002"", ""syn-29-dense-010-d016"", ""syn-29-dense-010-d005"", ""syn-29-dense-010-d019"", ""syn-29-dense-010-d017"", ""syn-29-dense-010-d007""]",0.0,,,0.5,24,12,0,0,True,0.5,0.5,1.0,1.0,0,0.25,0,0,0,24,24,False
syn-29-dense-010,29,dense,full,endpoints_100m,"[""syn-29-dense-010-d015"", ""syn-29-dense-010-d004"", ""syn-29-dense-010-d018"", ""syn-29-dense-010-d014"", ""syn-29-dense-010-d003"", ""syn-29-dense-010-d006"", ""syn-29-dense-010-d002"", ""syn-29-dense-010-d016"", ""syn-29-dense-010-d005"", ""syn-29-dense-010-d019"", ""syn-29-dense-010-d017"", ""syn-29-dense-010-d007""]",0.0,,,0.5,24,12,0,0,True,0.5,0.5,1.0,1.0,0,0.25,0,0,0,24,24,False
syn-29-dense-010,29,dense,full,route_100m,"[""syn-29-dense-010-d015"", ""syn-29-dense-010-d004"", ""syn-29-dense-010-d018"", ""syn-29-dense-010-d006"", ""syn-29-dense-010-d003"", ""syn-29-dense-010-d014"", ""syn-29-dense-010-d016"", ""syn-29-dense-010-d002"", ""syn-29-dense-010-d005"", ""syn-29-dense-010-d019"", ""syn-29-dense-010-d017"", ""syn-29-dense-010-d007""]",0.0,,,0.5,24,12,0,0,True,0.5,0.5,1.0,1.0,0,0.25,0,0,0,24,24,False
syn-29-dense-010,29,dense,full,departure_5min,"[""syn-29-dense-010-d015"", ""syn-29-dense-010-d004"", ""syn-29-dense-010-d018"", ""syn-29-dense-010-d014"", ""syn-29-dense-010-d006"", ""syn-29-dense-010-d003"", ""syn-29-dense-010-d002"", ""syn-29-dense-010-d016"", ""syn-29-dense-010-d005"", ""syn-29-dense-010-d019"", ""syn-29-dense-010-d017"", ""syn-29-dense-010-d007""]",0.0,,,0.5,24,12,0,0,True,0.5,0.5,1.0,1.0,0,0.25,0,0,0,24,24,False
syn-29-dense-010,29,dense,full,availability_25pct,"[""syn-29-dense-010-d015"", ""syn-29-dense-010-d004"", ""syn-29-dense-010-d018"", ""syn-29-dense-010-d003"", ""syn-29-dense-010-d014"", ""syn-29-dense-010-d006"", ""syn-29-dense-010-d002"", ""syn-29-dense-010-d016"", ""syn-29-dense-010-d005"", ""syn-29-dense-010-d019"", ""syn-29-dense-010-d017"", ""syn-29-dense-010-d007""]",0.0,,,0.5,24,12,0,0,True,0.5,0.6,1.0,1.0,0,0.25,0,0,0,20,24,False
syn-29-dense-011,29,dense,full,control,"[""syn-29-dense-011-d001"", ""syn-29-dense-011-d005"", ""syn-29-dense-011-d006"", ""syn-29-dense-011-d002"", ""syn-29-dense-011-d003"", ""syn-29-dense-011-d015"", ""syn-29-dense-011-d004"", ""syn-29-dense-011-d017"", ""syn-29-dense-011-d018"", ""syn-29-dense-011-d014"", ""syn-29-dense-011-d013"", ""syn-29-dense-011-d016""]",0.6666666666666666,0.2857142857142857,0.5307212739772434,0.5,24,12,7,0,False,0.5,0.5,1.0,1.0,0,0.25,0,0,0,24,24,False
syn-29-dense-011,29,dense,full,endpoints_100m,"[""syn-29-dense-011-d001"", ""syn-29-dense-011-d005"", ""syn-29-dense-011-d006"", ""syn-29-dense-011-d002"", ""syn-29-dense-011-d003"", ""syn-29-dense-011-d015"", ""syn-29-dense-011-d004"", ""syn-29-dense-011-d018"", ""syn-29-dense-011-d017"", ""syn-29-dense-011-d014"", ""syn-29-dense-011-d013"", ""syn-29-dense-011-d016""]",0.6666666666666666,0.2857142857142857,0.5307212739772434,0.5,24,12,7,0,False,0.5,0.5,1.0,1.0,0,0.25,0,0,0,24,24,False
syn-29-dense-011,29,dense,full,route_100m,"[""syn-29-dense-011-d001"", ""syn-29-dense-011-d005"", ""syn-29-dense-011-d006"", ""syn-29-dense-011-d002"", ""syn-29-dense-011-d003"", ""syn-29-dense-011-d015"", ""syn-29-dense-011-d004"", ""syn-29-dense-011-d018"", ""syn-29-dense-011-d017"", ""syn-29-dense-011-d014"", ""syn-29-dense-011-d013"", ""syn-29-dense-011-d016""]",0.6666666666666666,0.2857142857142857,0.5307212739772434,0.5,24,12,7,0,False,0.5,0.5,1.0,1.0,0,0.25,0,0,0,24,24,False
syn-29-dense-011,29,dense,full,departure_5min,"[""syn-29-dense-011-d001"", ""syn-29-dense-011-d006"", ""syn-29-dense-011-d005"", ""syn-29-dense-011-d002"", ""syn-29-dense-011-d003"", ""syn-29-dense-011-d015"", ""syn-29-dense-011-d004"", ""syn-29-dense-011-d018"", ""syn-29-dense-011-d017"", ""syn-29-dense-011-d014"", ""syn-29-dense-011-d013"", ""syn-29-dense-011-d016""]",0.6666666666666666,0.2857142857142857,0.5307212739772434,0.5,24,12,7,0,False,0.5,0.5,1.0,1.0,0,0.25,0,0,0,24,24,False
syn-29-dense-011,29,dense,full,availability_25pct,"[""syn-29-dense-011-d001"", ""syn-29-dense-011-d005"", ""syn-29-dense-011-d006"", ""syn-29-dense-011-d003"", ""syn-29-dense-011-d004"", ""syn-29-dense-011-d017"", ""syn-29-dense-011-d016""]",0.6666666666666666,0.2857142857142857,0.5307212739772434,0.2916666666666667,24,7,7,0,False,0.2916666666666667,0.4117647058823529,1.0,0.5833333333333334,0,0.25,4,0,0,17,24,False
syn-29-dense-012,29,dense,full,control,"[""syn-29-dense-012-d015"", ""syn-29-dense-012-d000"", ""syn-29-dense-012-d005"", ""syn-29-dense-012-d012"", ""syn-29-dense-012-d004"", ""syn-29-dense-012-d017"", ""syn-29-dense-012-d014"", ""syn-29-dense-012-d003"", ""syn-29-dense-012-d016"", ""syn-29-dense-012-d001"", ""syn-29-dense-012-d013"", ""syn-29-dense-012-d002""]",0.6666666666666666,0.2222222222222222,0.7653606369886217,0.5,24,12,9,3,False,0.5,0.5,1.0,1.0,0,0.25,0,3,0,24,24,False
syn-29-dense-012,29,dense,full,endpoints_100m,"[""syn-29-dense-012-d015"", ""syn-29-dense-012-d000"", ""syn-29-dense-012-d005"", ""syn-29-dense-012-d004"", ""syn-29-dense-012-d012"", ""syn-29-dense-012-d017"", ""syn-29-dense-012-d014"", ""syn-29-dense-012-d016"", ""syn-29-dense-012-d003"", ""syn-29-dense-012-d001"", ""syn-29-dense-012-d013"", ""syn-29-dense-012-d002""]",0.6666666666666666,0.2222222222222222,0.7653606369886217,0.5,24,12,9,3,False,0.5,0.5,1.0,1.0,0,0.25,0,3,0,24,24,False
syn-29-dense-012,29,dense,full,route_100m,"[""syn-29-dense-012-d015"", ""syn-29-dense-012-d000"", ""syn-29-dense-012-d005"", ""syn-29-dense-012-d012"", ""syn-29-dense-012-d004"", ""syn-29-dense-012-d014"", ""syn-29-dense-012-d017"", ""syn-29-dense-012-d003"", ""syn-29-dense-012-d016"", ""syn-29-dense-012-d001"", ""syn-29-dense-012-d013"", ""syn-29-dense-012-d002""]",0.6666666666666666,0.2222222222222222,0.7653606369886217,0.5,24,12,9,3,False,0.5,0.5,1.0,1.0,0,0.25,0,3,0,24,24,False
syn-29-dense-012,29,dense,full,departure_5min,"[""syn-29-dense-012-d015"", ""syn-29-dense-012-d000"", ""syn-29-dense-012-d005"", ""syn-29-dense-012-d004"", ""syn-29-dense-012-d012"", ""syn-29-dense-012-d014"", ""syn-29-dense-012-d017"", ""syn-29-dense-012-d016"", ""syn-29-dense-012-d003"", ""syn-29-dense-012-d001"", ""syn-29-dense-012-d013"", ""syn-29-dense-012-d002""]",0.6666666666666666,0.2222222222222222,0.7653606369886217,0.5,24,12,9,3,False,0.5,0.5,1.0,1.0,0,0.25,0,3,0,24,24,False
syn-29-dense-012,29,dense,full,availability_25pct,"[""syn-29-dense-012-d015"", ""syn-29-dense-012-d000"", ""syn-29-dense-012-d005"", ""syn-29-dense-012-d012"", ""syn-29-dense-012-d004"", ""syn-29-dense-012-d014"", ""syn-29-dense-012-d016"", ""syn-29-dense-012-d001"", ""syn-29-dense-012-d002""]",0.6666666666666666,0.2222222222222222,0.7653606369886217,0.375,24,9,9,3,False,0.375,0.5,1.0,0.75,0,0.25,1,3,0,18,24,False
syn-29-dense-013,29,dense,full,control,"[""syn-29-dense-013-d011"", ""syn-29-dense-013-d003"", ""syn-29-dense-013-d015"", ""syn-29-dense-013-d013"", ""syn-29-dense-013-d023"", ""syn-29-dense-013-d014"", ""syn-29-dense-013-d016"", ""syn-29-dense-013-d001"", ""syn-29-dense-013-d002"", ""syn-29-dense-013-d000"", ""syn-29-dense-013-d004"", ""syn-29-dense-013-d012""]",0.6666666666666666,0.25,0.5307212739772434,0.5,24,12,8,2,False,0.5,0.5,1.0,1.0,0,0.25,0,2,0,24,24,False
syn-29-dense-013,29,dense,full,endpoints_100m,"[""syn-29-dense-013-d011"", ""syn-29-dense-013-d003"", ""syn-29-dense-013-d013"", ""syn-29-dense-013-d015"", ""syn-29-dense-013-d023"", ""syn-29-dense-013-d014"", ""syn-29-dense-013-d016"", ""syn-29-dense-013-d001"", ""syn-29-dense-013-d002"", ""syn-29-dense-013-d000"", ""syn-29-dense-013-d004"", ""syn-29-dense-013-d012""]",0.6666666666666666,0.25,0.5307212739772434,0.5,24,12,8,2,False,0.5,0.5,1.0,1.0,0,0.25,0,2,0,24,24,False
syn-29-dense-013,29,dense,full,route_100m,"[""syn-29-dense-013-d011"", ""syn-29-dense-013-d003"", ""syn-29-dense-013-d015"", ""syn-29-dense-013-d013"", ""syn-29-dense-013-d023"", ""syn-29-dense-013-d014"", ""syn-29-dense-013-d016"", ""syn-29-dense-013-d001"", ""syn-29-dense-013-d002"", ""syn-29-dense-013-d000"", ""syn-29-dense-013-d004"", ""syn-29-dense-013-d012""]",0.6666666666666666,0.25,0.5307212739772434,0.5,24,12,8,2,False,0.5,0.5,1.0,1.0,0,0.25,0,2,0,24,24,False
syn-29-dense-013,29,dense,full,departure_5min,"[""syn-29-dense-013-d011"", ""syn-29-dense-013-d003"", ""syn-29-dense-013-d013"", ""syn-29-dense-013-d015"", ""syn-29-dense-013-d023"", ""syn-29-dense-013-d014"", ""syn-29-dense-013-d001"", ""syn-29-dense-013-d016"", ""syn-29-dense-013-d002"", ""syn-29-dense-013-d004"", ""syn-29-dense-013-d000"", ""syn-29-dense-013-d012""]",0.6666666666666666,0.25,0.5307212739772434,0.5,24,12,8,2,False,0.5,0.5,1.0,1.0,0,0.25,0,2,0,24,24,False
syn-29-dense-013,29,dense,full,availability_25pct,"[""syn-29-dense-013-d011"", ""syn-29-dense-013-d003"", ""syn-29-dense-013-d015"", ""syn-29-dense-013-d013"", ""syn-29-dense-013-d023"", ""syn-29-dense-013-d014"", ""syn-29-dense-013-d016"", ""syn-29-dense-013-d001"", ""syn-29-dense-013-d002"", ""syn-29-dense-013-d000"", ""syn-29-dense-013-d012""]",0.6666666666666666,0.25,0.5307212739772434,0.4583333333333333,24,11,8,1,False,0.4583333333333333,0.55,1.0,0.9166666666666666,0,0.25,2,1,0,20,24,False
syn-29-dense-014,29,dense,full,control,"[""syn-29-dense-014-d011"", ""syn-29-dense-014-d001"", ""syn-29-dense-014-d002"", ""syn-29-dense-014-d003"", ""syn-29-dense-014-d023"", ""syn-29-dense-014-d010"", ""syn-29-dense-014-d000"", ""syn-29-dense-014-d013"", ""syn-29-dense-014-d014"", ""syn-29-dense-014-d015"", ""syn-29-dense-014-d012"", ""syn-29-dense-014-d022""]",0.3333333333333333,0.16666666666666666,0.46927872602275644,0.5,24,12,6,2,False,0.5,0.5,1.0,1.0,0,0.25,0,2,0,24,24,False
syn-29-dense-014,29,dense,full,endpoints_100m,"[""syn-29-dense-014-d011"", ""syn-29-dense-014-d001"", ""syn-29-dense-014-d002"", ""syn-29-dense-014-d003"", ""syn-29-dense-014-d023"", ""syn-29-dense-014-d010"", ""syn-29-dense-014-d000"", ""syn-29-dense-014-d014"", ""syn-29-dense-014-d013"", ""syn-29-dense-014-d015"", ""syn-29-dense-014-d012"", ""syn-29-dense-014-d022""]",0.3333333333333333,0.16666666666666666,0.46927872602275644,0.5,24,12,6,2,False,0.5,0.5,1.0,1.0,0,0.25,0,2,0,24,24,False
syn-29-dense-014,29,dense,full,route_100m,"[""syn-29-dense-014-d011"", ""syn-29-dense-014-d001"", ""syn-29-dense-014-d002"", ""syn-29-dense-014-d003"", ""syn-29-dense-014-d023"", ""syn-29-dense-014-d010"", ""syn-29-dense-014-d000"", ""syn-29-dense-014-d013"", ""syn-29-dense-014-d014"", ""syn-29-dense-014-d015"", ""syn-29-dense-014-d012"", ""syn-29-dense-014-d022""]",0.3333333333333333,0.16666666666666666,0.46927872602275644,0.5,24,12,6,2,False,0.5,0.5,1.0,1.0,0,0.25,0,2,0,24,24,False
syn-29-dense-014,29,dense,full,departure_5min,"[""syn-29-dense-014-d011"", ""syn-29-dense-014-d001"", ""syn-29-dense-014-d002"", ""syn-29-dense-014-d003"", ""syn-29-dense-014-d023"", ""syn-29-dense-014-d010"", ""syn-29-dense-014-d000"", ""syn-29-dense-014-d013"", ""syn-29-dense-014-d014"", ""syn-29-dense-014-d015"", ""syn-29-dense-014-d012"", ""syn-29-dense-014-d022""]",0.3333333333333333,0.16666666666666666,0.46927872602275644,0.5,24,12,6,2,False,0.5,0.5,1.0,1.0,0,0.25,0,2,0,24,24,False
syn-29-dense-014,29,dense,full,availability_25pct,"[""syn-29-dense-014-d011"", ""syn-29-dense-014-d001"", ""syn-29-dense-014-d002"", ""syn-29-dense-014-d003"", ""syn-29-dense-014-d010"", ""syn-29-dense-014-d013"", ""syn-29-dense-014-d014"", ""syn-29-dense-014-d015"", ""syn-29-dense-014-d022""]",0.3333333333333333,0.16666666666666666,0.46927872602275644,0.375,24,9,6,2,False,0.375,0.5294117647058824,1.0,0.75,0,0.25,1,2,0,17,24,False
syn-29-dense-015,29,dense,full,control,"[""syn-29-dense-015-d022"", ""syn-29-dense-015-d009"", ""syn-29-dense-015-d012"", ""syn-29-dense-015-d013"", ""syn-29-dense-015-d010"", ""syn-29-dense-015-d002"", ""syn-29-dense-015-d014"", ""syn-29-dense-015-d021"", ""syn-29-dense-015-d011"", ""syn-29-dense-015-d000"", ""syn-29-dense-015-d023"", ""syn-29-dense-015-d001""]",0.6666666666666666,0.2857142857142857,0.5307212739772434,0.5,24,12,7,2,False,0.5,0.5,1.0,1.0,0,0.25,0,2,0,24,24,False
syn-29-dense-015,29,dense,full,endpoints_100m,"[""syn-29-dense-015-d022"", ""syn-29-dense-015-d009"", ""syn-29-dense-015-d012"", ""syn-29-dense-015-d013"", ""syn-29-dense-015-d002"", ""syn-29-dense-015-d010"", ""syn-29-dense-015-d014"", ""syn-29-dense-015-d021"", ""syn-29-dense-015-d011"", ""syn-29-dense-015-d000"", ""syn-29-dense-015-d023"", ""syn-29-dense-015-d001""]",0.6666666666666666,0.2857142857142857,0.5307212739772434,0.5,24,12,7,2,False,0.5,0.5,1.0,1.0,0,0.25,0,2,0,24,24,False
syn-29-dense-015,29,dense,full,route_100m,"[""syn-29-dense-015-d022"", ""syn-29-dense-015-d012"", ""syn-29-dense-015-d009"", ""syn-29-dense-015-d013"", ""syn-29-dense-015-d010"", ""syn-29-dense-015-d014"", ""syn-29-dense-015-d002"", ""syn-29-dense-015-d021"", ""syn-29-dense-015-d011"", ""syn-29-dense-015-d000"", ""syn-29-dense-015-d023"", ""syn-29-dense-015-d001""]",0.6666666666666666,0.2857142857142857,0.5307212739772434,0.5,24,12,7,2,False,0.5,0.5,1.0,1.0,0,0.25,0,2,0,24,24,False
syn-29-dense-015,29,dense,full,departure_5min,"[""syn-29-dense-015-d022"", ""syn-29-dense-015-d009"", ""syn-29-dense-015-d012"", ""syn-29-dense-015-d013"", ""syn-29-dense-015-d002"", ""syn-29-dense-015-d010"", ""syn-29-dense-015-d014"", ""syn-29-dense-015-d000"", ""syn-29-dense-015-d011"", ""syn-29-dense-015-d021"", ""syn-29-dense-015-d023"", ""syn-29-dense-015-d001""]",0.6666666666666666,0.2857142857142857,0.5307212739772434,0.5,24,12,7,2,False,0.5,0.5,1.0,1.0,0,0.25,0,2,0,24,24,False
syn-29-dense-015,29,dense,full,availability_25pct,"[""syn-29-dense-015-d022"", ""syn-29-dense-015-d009"", ""syn-29-dense-015-d012"", ""syn-29-dense-015-d013"", ""syn-29-dense-015-d002"", ""syn-29-dense-015-d014"", ""syn-29-dense-015-d011"", ""syn-29-dense-015-d000"", ""syn-29-dense-015-d023"", ""syn-29-dense-015-d001""]",0.6666666666666666,0.2857142857142857,0.5307212739772434,0.4166666666666667,24,10,7,1,False,0.4166666666666667,0.5882352941176471,1.0,0.8333333333333334,0,0.25,1,1,0,17,24,False
syn-29-dense-016,29,dense,full,control,"[""syn-29-dense-016-d001"", ""syn-29-dense-016-d020"", ""syn-29-dense-016-d010"", ""syn-29-dense-016-d022"", ""syn-29-dense-016-d012"", ""syn-29-dense-016-d008"", ""syn-29-dense-016-d000"", ""syn-29-dense-016-d013"", ""syn-29-dense-016-d023"", ""syn-29-dense-016-d021"", ""syn-29-dense-016-d009"", ""syn-29-dense-016-d011""]",1.0,0.5,1.0,0.5,24,12,6,1,False,0.5,0.5,1.0,1.0,0,0.25,0,1,0,24,24,False
syn-29-dense-016,29,dense,full,endpoints_100m,"[""syn-29-dense-016-d001"", ""syn-29-dense-016-d020"", ""syn-29-dense-016-d010"", ""syn-29-dense-016-d022"", ""syn-29-dense-016-d008"", ""syn-29-dense-016-d012"", ""syn-29-dense-016-d000"", ""syn-29-dense-016-d013"", ""syn-29-dense-016-d023"", ""syn-29-dense-016-d009"", ""syn-29-dense-016-d021"", ""syn-29-dense-016-d011""]",1.0,0.5,1.0,0.5,24,12,6,1,False,0.5,0.5,1.0,1.0,0,0.25,0,1,0,24,24,False
syn-29-dense-016,29,dense,full,route_100m,"[""syn-29-dense-016-d001"", ""syn-29-dense-016-d010"", ""syn-29-dense-016-d020"", ""syn-29-dense-016-d022"", ""syn-29-dense-016-d008"", ""syn-29-dense-016-d012"", ""syn-29-dense-016-d000"", ""syn-29-dense-016-d013"", ""syn-29-dense-016-d023"", ""syn-29-dense-016-d021"", ""syn-29-dense-016-d009"", ""syn-29-dense-016-d011""]",1.0,0.5,1.0,0.5,24,12,6,1,False,0.5,0.5,1.0,1.0,0,0.25,0,1,0,24,24,False
syn-29-dense-016,29,dense,full,departure_5min,"[""syn-29-dense-016-d001"", ""syn-29-dense-016-d020"", ""syn-29-dense-016-d010"", ""syn-29-dense-016-d022"", ""syn-29-dense-016-d012"", ""syn-29-dense-016-d008"", ""syn-29-dense-016-d000"", ""syn-29-dense-016-d013"", ""syn-29-dense-016-d023"", ""syn-29-dense-016-d009"", ""syn-29-dense-016-d021"", ""syn-29-dense-016-d011""]",1.0,0.5,1.0,0.5,24,12,6,1,False,0.5,0.5,1.0,1.0,0,0.25,0,1,0,24,24,False
syn-29-dense-016,29,dense,full,availability_25pct,"[""syn-29-dense-016-d020"", ""syn-29-dense-016-d010"", ""syn-29-dense-016-d022"", ""syn-29-dense-016-d012"", ""syn-29-dense-016-d008"", ""syn-29-dense-016-d023"", ""syn-29-dense-016-d021"", ""syn-29-dense-016-d009"", ""syn-29-dense-016-d011""]",0.6666666666666666,0.3333333333333333,0.7653606369886217,0.375,24,9,6,1,False,0.375,0.47368421052631576,1.0,0.75,0,0.25,1,1,0,19,24,False
syn-29-dense-017,29,dense,full,control,"[""syn-29-dense-017-d007"", ""syn-29-dense-017-d019"", ""syn-29-dense-017-d012"", ""syn-29-dense-017-d020"", ""syn-29-dense-017-d011"", ""syn-29-dense-017-d009"", ""syn-29-dense-017-d023"", ""syn-29-dense-017-d000"", ""syn-29-dense-017-d010"", ""syn-29-dense-017-d021"", ""syn-29-dense-017-d008"", ""syn-29-dense-017-d022""]",1.0,0.2727272727272727,1.0,0.5,24,12,11,4,False,0.5,0.5,1.0,1.0,0,0.25,0,4,0,24,24,False
syn-29-dense-017,29,dense,full,endpoints_100m,"[""syn-29-dense-017-d019"", ""syn-29-dense-017-d007"", ""syn-29-dense-017-d012"", ""syn-29-dense-017-d020"", ""syn-29-dense-017-d011"", ""syn-29-dense-017-d023"", ""syn-29-dense-017-d009"", ""syn-29-dense-017-d000"", ""syn-29-dense-017-d010"", ""syn-29-dense-017-d021"", ""syn-29-dense-017-d022"", ""syn-29-dense-017-d008""]",1.0,0.2727272727272727,1.0,0.5,24,12,11,4,False,0.5,0.5,1.0,1.0,0,0.25,0,4,0,24,24,False
syn-29-dense-017,29,dense,full,route_100m,"[""syn-29-dense-017-d007"", ""syn-29-dense-017-d019"", ""syn-29-dense-017-d023"", ""syn-29-dense-017-d011"", ""syn-29-dense-017-d020"", ""syn-29-dense-017-d012"", ""syn-29-dense-017-d009"", ""syn-29-dense-017-d000"", ""syn-29-dense-017-d010"", ""syn-29-dense-017-d021"", ""syn-29-dense-017-d008"", ""syn-29-dense-017-d022""]",1.0,0.2727272727272727,1.0,0.5,24,12,11,4,False,0.5,0.5,1.0,1.0,0,0.25,0,4,0,24,24,False
syn-29-dense-017,29,dense,full,departure_5min,"[""syn-29-dense-017-d007"", ""syn-29-dense-017-d019"", ""syn-29-dense-017-d012"", ""syn-29-dense-017-d020"", ""syn-29-dense-017-d011"", ""syn-29-dense-017-d009"", ""syn-29-dense-017-d000"", ""syn-29-dense-017-d023"", ""syn-29-dense-017-d010"", ""syn-29-dense-017-d021"", ""syn-29-dense-017-d008"", ""syn-29-dense-017-d022""]",1.0,0.2727272727272727,1.0,0.5,24,12,11,4,False,0.5,0.5,1.0,1.0,0,0.25,0,4,0,24,24,False
syn-29-dense-017,29,dense,full,availability_25pct,"[""syn-29-dense-017-d019"", ""syn-29-dense-017-d012"", ""syn-29-dense-017-d020"", ""syn-29-dense-017-d011"", ""syn-29-dense-017-d023"", ""syn-29-dense-017-d000"", ""syn-29-dense-017-d021"", ""syn-29-dense-017-d008"", ""syn-29-dense-017-d022""]",0.6666666666666666,0.18181818181818182,0.7653606369886217,0.375,24,9,11,3,False,0.375,0.5,1.0,0.75,0,0.25,3,3,0,18,24,False
syn-29-dense-018,29,dense,full,control,"[""syn-29-dense-018-d010"", ""syn-29-dense-018-d008"", ""syn-29-dense-018-d021"", ""syn-29-dense-018-d006"", ""syn-29-dense-018-d022"", ""syn-29-dense-018-d019"", ""syn-29-dense-018-d007"", ""syn-29-dense-018-d018"", ""syn-29-dense-018-d020"", ""syn-29-dense-018-d011"", ""syn-29-dense-018-d023"", ""syn-29-dense-018-d009""]",0.6666666666666666,0.15384615384615385,0.7653606369886217,0.5,24,12,13,3,False,0.5,0.5,1.0,1.0,0,0.25,0,3,0,24,24,False
syn-29-dense-018,29,dense,full,endpoints_100m,"[""syn-29-dense-018-d010"", ""syn-29-dense-018-d008"", ""syn-29-dense-018-d021"", ""syn-29-dense-018-d006"", ""syn-29-dense-018-d022"", ""syn-29-dense-018-d019"", ""syn-29-dense-018-d007"", ""syn-29-dense-018-d018"", ""syn-29-dense-018-d020"", ""syn-29-dense-018-d011"", ""syn-29-dense-018-d009"", ""syn-29-dense-018-d023""]",0.6666666666666666,0.15384615384615385,0.7653606369886217,0.5,24,12,13,3,False,0.5,0.5,1.0,1.0,0,0.25,0,3,0,24,24,False
syn-29-dense-018,29,dense,full,route_100m,"[""syn-29-dense-018-d010"", ""syn-29-dense-018-d008"", ""syn-29-dense-018-d021"", ""syn-29-dense-018-d006"", ""syn-29-dense-018-d022"", ""syn-29-dense-018-d019"", ""syn-29-dense-018-d007"", ""syn-29-dense-018-d018"", ""syn-29-dense-018-d020"", ""syn-29-dense-018-d011"", ""syn-29-dense-018-d023"", ""syn-29-dense-018-d009""]",0.6666666666666666,0.15384615384615385,0.7653606369886217,0.5,24,12,13,3,False,0.5,0.5,1.0,1.0,0,0.25,0,3,0,24,24,False
syn-29-dense-018,29,dense,full,departure_5min,"[""syn-29-dense-018-d010"", ""syn-29-dense-018-d008"", ""syn-29-dense-018-d021"", ""syn-29-dense-018-d006"", ""syn-29-dense-018-d022"", ""syn-29-dense-018-d019"", ""syn-29-dense-018-d007"", ""syn-29-dense-018-d018"", ""syn-29-dense-018-d020"", ""syn-29-dense-018-d011"", ""syn-29-dense-018-d023"", ""syn-29-dense-018-d009""]",0.6666666666666666,0.15384615384615385,0.7653606369886217,0.5,24,12,13,3,False,0.5,0.5,1.0,1.0,0,0.25,0,3,0,24,24,False
syn-29-dense-018,29,dense,full,availability_25pct,"[""syn-29-dense-018-d010"", ""syn-29-dense-018-d006"", ""syn-29-dense-018-d022"", ""syn-29-dense-018-d019"", ""syn-29-dense-018-d007"", ""syn-29-dense-018-d018"", ""syn-29-dense-018-d011"", ""syn-29-dense-018-d009""]",0.6666666666666666,0.15384615384615385,0.7039180890341347,0.3333333333333333,24,8,13,1,False,0.3333333333333333,0.5333333333333333,1.0,0.6666666666666666,0,0.25,5,1,0,15,24,False
syn-29-dense-019,29,dense,full,control,"[""syn-29-dense-019-d005"", ""syn-29-dense-019-d010"", ""syn-29-dense-019-d021"", ""syn-29-dense-019-d006"", ""syn-29-dense-019-d019"", ""syn-29-dense-019-d008"", ""syn-29-dense-019-d007"", ""syn-29-dense-019-d022"", ""syn-29-dense-019-d009"", ""syn-29-dense-019-d018"", ""syn-29-dense-019-d020"", ""syn-29-dense-019-d017""]",0.3333333333333333,0.25,0.23463936301137822,0.5,24,12,4,2,False,0.5,0.5,1.0,1.0,0,0.25,0,2,0,24,24,False
syn-29-dense-019,29,dense,full,endpoints_100m,"[""syn-29-dense-019-d021"", ""syn-29-dense-019-d010"", ""syn-29-dense-019-d005"", ""syn-29-dense-019-d006"", ""syn-29-dense-019-d019"", ""syn-29-dense-019-d007"", ""syn-29-dense-019-d008"", ""syn-29-dense-019-d022"", ""syn-29-dense-019-d009"", ""syn-29-dense-019-d020"", ""syn-29-dense-019-d018"", ""syn-29-dense-019-d017""]",0.3333333333333333,0.25,0.46927872602275644,0.5,24,12,4,2,False,0.5,0.5,1.0,1.0,0,0.25,0,2,0,24,24,False
syn-29-dense-019,29,dense,full,route_100m,"[""syn-29-dense-019-d005"", ""syn-29-dense-019-d010"", ""syn-29-dense-019-d021"", ""syn-29-dense-019-d006"", ""syn-29-dense-019-d019"", ""syn-29-dense-019-d007"", ""syn-29-dense-019-d008"", ""syn-29-dense-019-d009"", ""syn-29-dense-019-d022"", ""syn-29-dense-019-d018"", ""syn-29-dense-019-d020"", ""syn-29-dense-019-d017""]",0.3333333333333333,0.25,0.23463936301137822,0.5,24,12,4,2,False,0.5,0.5,1.0,1.0,0,0.25,0,2,0,24,24,False
syn-29-dense-019,29,dense,full,departure_5min,"[""syn-29-dense-019-d005"", ""syn-29-dense-019-d010"", ""syn-29-dense-019-d021"", ""syn-29-dense-019-d019"", ""syn-29-dense-019-d006"", ""syn-29-dense-019-d007"", ""syn-29-dense-019-d008"", ""syn-29-dense-019-d022"", ""syn-29-dense-019-d009"", ""syn-29-dense-019-d020"", ""syn-29-dense-019-d018"", ""syn-29-dense-019-d017""]",0.3333333333333333,0.25,0.23463936301137822,0.5,24,12,4,2,False,0.5,0.5,1.0,1.0,0,0.25,0,2,0,24,24,False
syn-29-dense-019,29,dense,full,availability_25pct,"[""syn-29-dense-019-d005"", ""syn-29-dense-019-d021"", ""syn-29-dense-019-d006"", ""syn-29-dense-019-d019"", ""syn-29-dense-019-d008"", ""syn-29-dense-019-d007"", ""syn-29-dense-019-d022"", ""syn-29-dense-019-d009"", ""syn-29-dense-019-d017""]",0.3333333333333333,0.25,0.2960819109658652,0.375,24,9,4,1,False,0.375,0.5,1.0,0.75,0,0.25,1,1,0,18,24,False
syn-47-thin-000,47,thin,full,control,"[""syn-47-thin-000-d000"", ""syn-47-thin-000-d001"", ""syn-47-thin-000-d003"", ""syn-47-thin-000-d002""]",0.0,,,1.0,4,4,0,0,True,1.0,1.0,1.0,1.0,0,0.75,0,0,0,4,4,False
syn-47-thin-000,47,thin,full,endpoints_100m,"[""syn-47-thin-000-d000"", ""syn-47-thin-000-d001"", ""syn-47-thin-000-d003"", ""syn-47-thin-000-d002""]",0.0,,,1.0,4,4,0,0,True,1.0,1.0,1.0,1.0,0,0.75,0,0,0,4,4,False
syn-47-thin-000,47,thin,full,route_100m,"[""syn-47-thin-000-d000"", ""syn-47-thin-000-d001"", ""syn-47-thin-000-d003"", ""syn-47-thin-000-d002""]",0.0,,,1.0,4,4,0,0,True,1.0,1.0,1.0,1.0,0,0.75,0,0,0,4,4,False
syn-47-thin-000,47,thin,full,departure_5min,"[""syn-47-thin-000-d000"", ""syn-47-thin-000-d001"", ""syn-47-thin-000-d003"", ""syn-47-thin-000-d002""]",0.0,,,1.0,4,4,0,0,True,1.0,1.0,1.0,1.0,0,0.75,0,0,0,4,4,False
syn-47-thin-000,47,thin,full,availability_25pct,"[""syn-47-thin-000-d000"", ""syn-47-thin-000-d001"", ""syn-47-thin-000-d002""]",0.0,,,0.75,4,3,0,0,True,0.75,1.0,1.0,0.75,0,0.75,0,0,0,3,4,False
syn-47-thin-001,47,thin,full,control,"[""syn-47-thin-001-d002"", ""syn-47-thin-001-d000"", ""syn-47-thin-001-d001"", ""syn-47-thin-001-d003""]",0.3333333333333333,1.0,0.6309297535714575,1.0,4,4,1,0,False,1.0,1.0,1.0,1.0,0,0.75,0,0,0,4,4,False
syn-47-thin-001,47,thin,full,endpoints_100m,"[""syn-47-thin-001-d002"", ""syn-47-thin-001-d000"", ""syn-47-thin-001-d001"", ""syn-47-thin-001-d003""]",0.3333333333333333,1.0,0.6309297535714575,1.0,4,4,1,0,False,1.0,1.0,1.0,1.0,0,0.75,0,0,0,4,4,False
syn-47-thin-001,47,thin,full,route_100m,"[""syn-47-thin-001-d002"", ""syn-47-thin-001-d000"", ""syn-47-thin-001-d001"", ""syn-47-thin-001-d003""]",0.3333333333333333,1.0,0.6309297535714575,1.0,4,4,1,0,False,1.0,1.0,1.0,1.0,0,0.75,0,0,0,4,4,False
syn-47-thin-001,47,thin,full,departure_5min,"[""syn-47-thin-001-d002"", ""syn-47-thin-001-d000"", ""syn-47-thin-001-d001"", ""syn-47-thin-001-d003""]",0.3333333333333333,1.0,0.6309297535714575,1.0,4,4,1,0,False,1.0,1.0,1.0,1.0,0,0.75,0,0,0,4,4,False
syn-47-thin-001,47,thin,full,availability_25pct,"[""syn-47-thin-001-d002"", ""syn-47-thin-001-d000"", ""syn-47-thin-001-d001"", ""syn-47-thin-001-d003""]",0.3333333333333333,1.0,0.6309297535714575,1.0,4,4,1,0,False,1.0,1.0,1.0,1.0,0,0.75,0,0,0,4,4,False
syn-47-thin-002,47,thin,full,control,"[""syn-47-thin-002-d000"", ""syn-47-thin-002-d001"", ""syn-47-thin-002-d003"", ""syn-47-thin-002-d002""]",0.6666666666666666,1.0,0.6934264036172708,1.0,4,4,2,0,False,1.0,1.0,1.0,1.0,0,0.75,0,0,0,4,4,False
syn-47-thin-002,47,thin,full,endpoints_100m,"[""syn-47-thin-002-d000"", ""syn-47-thin-002-d001"", ""syn-47-thin-002-d003"", ""syn-47-thin-002-d002""]",0.6666666666666666,1.0,0.6934264036172708,1.0,4,4,2,0,False,1.0,1.0,1.0,1.0,0,0.75,0,0,0,4,4,False
syn-47-thin-002,47,thin,full,route_100m,"[""syn-47-thin-002-d000"", ""syn-47-thin-002-d001"", ""syn-47-thin-002-d003"", ""syn-47-thin-002-d002""]",0.6666666666666666,1.0,0.6934264036172708,1.0,4,4,2,0,False,1.0,1.0,1.0,1.0,0,0.75,0,0,0,4,4,False
syn-47-thin-002,47,thin,full,departure_5min,"[""syn-47-thin-002-d000"", ""syn-47-thin-002-d001"", ""syn-47-thin-002-d003"", ""syn-47-thin-002-d002""]",0.6666666666666666,1.0,0.6934264036172708,1.0,4,4,2,0,False,1.0,1.0,1.0,1.0,0,0.75,0,0,0,4,4,False
syn-47-thin-002,47,thin,full,availability_25pct,"[""syn-47-thin-002-d000"", ""syn-47-thin-002-d001"", ""syn-47-thin-002-d003""]",0.6666666666666666,1.0,0.6934264036172708,0.75,4,3,2,0,False,0.75,1.0,1.0,0.75,0,0.75,0,0,0,3,4,False
syn-47-thin-003,47,thin,full,control,"[""syn-47-thin-003-d001"", ""syn-47-thin-003-d000"", ""syn-47-thin-003-d002""]",0.3333333333333333,1.0,1.0,0.75,4,3,1,0,False,0.75,0.75,1.0,1.0,0,1.0,0,0,0,4,4,False
syn-47-thin-003,47,thin,full,endpoints_100m,"[""syn-47-thin-003-d001"", ""syn-47-thin-003-d000"", ""syn-47-thin-003-d002""]",0.3333333333333333,1.0,1.0,0.75,4,3,1,0,False,0.75,0.75,1.0,1.0,0,1.0,0,0,0,4,4,False
syn-47-thin-003,47,thin,full,route_100m,"[""syn-47-thin-003-d001"", ""syn-47-thin-003-d000"", ""syn-47-thin-003-d002""]",0.3333333333333333,1.0,1.0,0.75,4,3,1,0,False,0.75,0.75,1.0,1.0,0,1.0,0,0,0,4,4,False
syn-47-thin-003,47,thin,full,departure_5min,"[""syn-47-thin-003-d001"", ""syn-47-thin-003-d000"", ""syn-47-thin-003-d002""]",0.3333333333333333,1.0,1.0,0.75,4,3,1,0,False,0.75,0.75,1.0,1.0,0,1.0,0,0,0,4,4,False
syn-47-thin-003,47,thin,full,availability_25pct,"[""syn-47-thin-003-d001"", ""syn-47-thin-003-d000""]",0.3333333333333333,1.0,1.0,0.5,4,2,1,0,False,0.5,1.0,1.0,0.6666666666666666,0,0.6666666666666666,0,0,0,2,4,False
syn-47-thin-004,47,thin,full,control,"[""syn-47-thin-004-d000"", ""syn-47-thin-004-d001""]",0.3333333333333333,1.0,0.6309297535714575,0.5,4,2,1,0,False,0.5,0.5,1.0,1.0,0,1.0,0,0,0,4,4,False
syn-47-thin-004,47,thin,full,endpoints_100m,"[""syn-47-thin-004-d000"", ""syn-47-thin-004-d001""]",0.3333333333333333,1.0,0.6309297535714575,0.5,4,2,1,0,False,0.5,0.5,1.0,1.0,0,1.0,0,0,0,4,4,False
syn-47-thin-004,47,thin,full,route_100m,"[""syn-47-thin-004-d000"", ""syn-47-thin-004-d001""]",0.3333333333333333,1.0,0.6309297535714575,0.5,4,2,1,0,False,0.5,0.5,1.0,1.0,0,1.0,0,0,0,4,4,False
syn-47-thin-004,47,thin,full,departure_5min,"[""syn-47-thin-004-d001"", ""syn-47-thin-004-d000""]",0.3333333333333333,1.0,1.0,0.5,4,2,1,0,False,0.5,0.5,1.0,1.0,0,1.0,0,0,0,4,4,False
syn-47-thin-004,47,thin,full,availability_25pct,"[""syn-47-thin-004-d000"", ""syn-47-thin-004-d001""]",0.3333333333333333,1.0,0.6309297535714575,0.5,4,2,1,0,False,0.5,0.6666666666666666,1.0,1.0,0,1.0,0,0,0,3,4,False
syn-47-thin-005,47,thin,full,control,"[""syn-47-thin-005-d000""]",0.0,0.0,0.0,0.25,4,1,2,2,False,0.25,0.25,1.0,1.0,0,1.0,0,2,0,4,4,False
syn-47-thin-005,47,thin,full,endpoints_100m,"[""syn-47-thin-005-d000""]",0.0,0.0,0.0,0.25,4,1,2,2,False,0.25,0.25,1.0,1.0,0,1.0,0,2,0,4,4,False
syn-47-thin-005,47,thin,full,route_100m,"[""syn-47-thin-005-d000""]",0.0,0.0,0.0,0.25,4,1,2,2,False,0.25,0.25,1.0,1.0,0,1.0,0,2,0,4,4,False
syn-47-thin-005,47,thin,full,departure_5min,"[""syn-47-thin-005-d000""]",0.0,0.0,0.0,0.25,4,1,2,2,False,0.25,0.25,1.0,1.0,0,1.0,0,2,0,4,4,False
syn-47-thin-005,47,thin,full,availability_25pct,[],0.0,0.0,0.0,0.0,4,0,2,2,False,0.0,0.0,1.0,0.0,0,0.0,0,2,0,3,4,False
syn-47-thin-006,47,thin,full,control,[],0.0,0.0,0.0,0.0,4,0,2,2,False,0.0,0.0,1.0,,0,,0,2,0,4,4,False
syn-47-thin-006,47,thin,full,endpoints_100m,[],0.0,0.0,0.0,0.0,4,0,2,2,False,0.0,0.0,1.0,,0,,0,2,0,4,4,False
syn-47-thin-006,47,thin,full,route_100m,[],0.0,0.0,0.0,0.0,4,0,2,2,False,0.0,0.0,1.0,,0,,0,2,0,4,4,False
syn-47-thin-006,47,thin,full,departure_5min,[],0.0,0.0,0.0,0.0,4,0,2,2,False,0.0,0.0,1.0,,0,,0,2,0,4,4,False
syn-47-thin-006,47,thin,full,availability_25pct,[],0.0,0.0,0.0,0.0,4,0,2,1,False,0.0,0.0,1.0,,0,,1,1,0,2,4,False
syn-47-thin-007,47,thin,full,control,[],0.0,,,0.0,4,0,0,0,True,0.0,0.0,1.0,,0,,0,0,0,4,4,False
syn-47-thin-007,47,thin,full,endpoints_100m,[],0.0,,,0.0,4,0,0,0,True,0.0,0.0,1.0,,0,,0,0,0,4,4,False
syn-47-thin-007,47,thin,full,route_100m,[],0.0,,,0.0,4,0,0,0,True,0.0,0.0,1.0,,0,,0,0,0,4,4,False
syn-47-thin-007,47,thin,full,departure_5min,[],0.0,,,0.0,4,0,0,0,True,0.0,0.0,1.0,,0,,0,0,0,4,4,False
syn-47-thin-007,47,thin,full,availability_25pct,[],0.0,,,0.0,4,0,0,0,True,0.0,0.0,1.0,,0,,0,0,0,4,4,False
syn-47-thin-008,47,thin,full,control,[],0.0,,,0.0,4,0,0,0,True,0.0,0.0,1.0,,0,,0,0,0,4,4,False
syn-47-thin-008,47,thin,full,endpoints_100m,[],0.0,,,0.0,4,0,0,0,True,0.0,0.0,1.0,,0,,0,0,0,4,4,False
syn-47-thin-008,47,thin,full,route_100m,[],0.0,,,0.0,4,0,0,0,True,0.0,0.0,1.0,,0,,0,0,0,4,4,False
syn-47-thin-008,47,thin,full,departure_5min,[],0.0,,,0.0,4,0,0,0,True,0.0,0.0,1.0,,0,,0,0,0,4,4,False
syn-47-thin-008,47,thin,full,availability_25pct,[],0.0,,,0.0,4,0,0,0,True,0.0,0.0,1.0,,0,,0,0,0,4,4,False
syn-47-thin-009,47,thin,full,control,"[""syn-47-thin-009-d003""]",0.0,0.0,0.0,0.25,4,1,1,1,False,0.25,0.25,1.0,1.0,0,1.0,0,1,0,4,4,False
syn-47-thin-009,47,thin,full,endpoints_100m,"[""syn-47-thin-009-d003""]",0.0,0.0,0.0,0.25,4,1,1,1,False,0.25,0.25,1.0,1.0,0,1.0,0,1,0,4,4,False
syn-47-thin-009,47,thin,full,route_100m,"[""syn-47-thin-009-d003""]",0.0,0.0,0.0,0.25,4,1,1,1,False,0.25,0.25,1.0,1.0,0,1.0,0,1,0,4,4,False
syn-47-thin-009,47,thin,full,departure_5min,"[""syn-47-thin-009-d003""]",0.0,0.0,0.0,0.25,4,1,1,1,False,0.25,0.25,1.0,1.0,0,1.0,0,1,0,4,4,False
syn-47-thin-009,47,thin,full,availability_25pct,[],0.0,0.0,0.0,0.0,4,0,1,1,False,0.0,0.0,1.0,0.0,0,0.0,0,1,0,2,4,False
syn-47-thin-010,47,thin,full,control,"[""syn-47-thin-010-d003"", ""syn-47-thin-010-d002""]",0.0,,,0.5,4,2,0,0,True,0.5,0.5,1.0,1.0,0,1.0,0,0,0,4,4,False
syn-47-thin-010,47,thin,full,endpoints_100m,"[""syn-47-thin-010-d003"", ""syn-47-thin-010-d002""]",0.0,,,0.5,4,2,0,0,True,0.5,0.5,1.0,1.0,0,1.0,0,0,0,4,4,False
syn-47-thin-010,47,thin,full,route_100m,"[""syn-47-thin-010-d003"", ""syn-47-thin-010-d002""]",0.0,,,0.5,4,2,0,0,True,0.5,0.5,1.0,1.0,0,1.0,0,0,0,4,4,False
syn-47-thin-010,47,thin,full,departure_5min,"[""syn-47-thin-010-d003"", ""syn-47-thin-010-d002""]",0.0,,,0.5,4,2,0,0,True,0.5,0.5,1.0,1.0,0,1.0,0,0,0,4,4,False
syn-47-thin-010,47,thin,full,availability_25pct,[],0.0,,,0.0,4,0,0,0,True,0.0,0.0,1.0,0.0,0,0.0,0,0,0,1,4,False
syn-47-thin-011,47,thin,full,control,"[""syn-47-thin-011-d003"", ""syn-47-thin-011-d002"", ""syn-47-thin-011-d001""]",0.6666666666666666,0.6666666666666666,0.5307212739772434,0.75,4,3,3,1,False,0.75,0.75,1.0,1.0,0,1.0,0,1,0,4,4,False
syn-47-thin-011,47,thin,full,endpoints_100m,"[""syn-47-thin-011-d003"", ""syn-47-thin-011-d002"", ""syn-47-thin-011-d001""]",0.6666666666666666,0.6666666666666666,0.5307212739772434,0.75,4,3,3,1,False,0.75,0.75,1.0,1.0,0,1.0,0,1,0,4,4,False
syn-47-thin-011,47,thin,full,route_100m,"[""syn-47-thin-011-d003"", ""syn-47-thin-011-d002"", ""syn-47-thin-011-d001""]",0.6666666666666666,0.6666666666666666,0.5307212739772434,0.75,4,3,3,1,False,0.75,0.75,1.0,1.0,0,1.0,0,1,0,4,4,False
syn-47-thin-011,47,thin,full,departure_5min,"[""syn-47-thin-011-d003"", ""syn-47-thin-011-d002"", ""syn-47-thin-011-d001""]",0.6666666666666666,0.6666666666666666,0.5307212739772434,0.75,4,3,3,1,False,0.75,0.75,1.0,1.0,0,1.0,0,1,0,4,4,False
syn-47-thin-011,47,thin,full,availability_25pct,"[""syn-47-thin-011-d002""]",0.3333333333333333,0.3333333333333333,0.46927872602275644,0.25,4,1,3,0,False,0.25,1.0,1.0,0.3333333333333333,0,0.3333333333333333,2,0,0,1,4,False
syn-47-thin-012,47,thin,full,control,"[""syn-47-thin-012-d002"", ""syn-47-thin-012-d003"", ""syn-47-thin-012-d001"", ""syn-47-thin-012-d000""]",0.6666666666666666,1.0,0.9197207891481876,1.0,4,4,2,0,False,1.0,1.0,1.0,1.0,0,0.75,0,0,0,4,4,False
syn-47-thin-012,47,thin,full,endpoints_100m,"[""syn-47-thin-012-d002"", ""syn-47-thin-012-d003"", ""syn-47-thin-012-d001"", ""syn-47-thin-012-d000""]",0.6666666666666666,1.0,0.9197207891481876,1.0,4,4,2,0,False,1.0,1.0,1.0,1.0,0,0.75,0,0,0,4,4,False
syn-47-thin-012,47,thin,full,route_100m,"[""syn-47-thin-012-d002"", ""syn-47-thin-012-d003"", ""syn-47-thin-012-d001"", ""syn-47-thin-012-d000""]",0.6666666666666666,1.0,0.9197207891481876,1.0,4,4,2,0,False,1.0,1.0,1.0,1.0,0,0.75,0,0,0,4,4,False
syn-47-thin-012,47,thin,full,departure_5min,"[""syn-47-thin-012-d002"", ""syn-47-thin-012-d003"", ""syn-47-thin-012-d001"", ""syn-47-thin-012-d000""]",0.6666666666666666,1.0,0.9197207891481876,1.0,4,4,2,0,False,1.0,1.0,1.0,1.0,0,0.75,0,0,0,4,4,False
syn-47-thin-012,47,thin,full,availability_25pct,"[""syn-47-thin-012-d001""]",0.3333333333333333,0.5,0.6131471927654584,0.25,4,1,2,0,False,0.25,1.0,1.0,0.25,0,0.25,1,0,0,1,4,False
syn-47-thin-013,47,thin,full,control,"[""syn-47-thin-013-d000"", ""syn-47-thin-013-d002"", ""syn-47-thin-013-d001"", ""syn-47-thin-013-d003""]",0.6666666666666666,0.6666666666666666,0.5307212739772434,1.0,4,4,3,0,False,1.0,1.0,1.0,1.0,0,0.75,0,0,0,4,4,False
syn-47-thin-013,47,thin,full,endpoints_100m,"[""syn-47-thin-013-d000"", ""syn-47-thin-013-d002"", ""syn-47-thin-013-d001"", ""syn-47-thin-013-d003""]",0.6666666666666666,0.6666666666666666,0.5307212739772434,1.0,4,4,3,0,False,1.0,1.0,1.0,1.0,0,0.75,0,0,0,4,4,False
syn-47-thin-013,47,thin,full,route_100m,"[""syn-47-thin-013-d000"", ""syn-47-thin-013-d002"", ""syn-47-thin-013-d001"", ""syn-47-thin-013-d003""]",0.6666666666666666,0.6666666666666666,0.5307212739772434,1.0,4,4,3,0,False,1.0,1.0,1.0,1.0,0,0.75,0,0,0,4,4,False
syn-47-thin-013,47,thin,full,departure_5min,"[""syn-47-thin-013-d000"", ""syn-47-thin-013-d002"", ""syn-47-thin-013-d001"", ""syn-47-thin-013-d003""]",0.6666666666666666,0.6666666666666666,0.5307212739772434,1.0,4,4,3,0,False,1.0,1.0,1.0,1.0,0,0.75,0,0,0,4,4,False
syn-47-thin-013,47,thin,full,availability_25pct,"[""syn-47-thin-013-d000"", ""syn-47-thin-013-d002"", ""syn-47-thin-013-d001"", ""syn-47-thin-013-d003""]",0.6666666666666666,0.6666666666666666,0.5307212739772434,1.0,4,4,3,0,False,1.0,1.0,1.0,1.0,0,0.75,0,0,0,4,4,False
syn-47-thin-014,47,thin,full,control,"[""syn-47-thin-014-d002"", ""syn-47-thin-014-d000"", ""syn-47-thin-014-d003"", ""syn-47-thin-014-d001""]",0.6666666666666666,0.6666666666666666,0.5307212739772434,1.0,4,4,3,0,False,1.0,1.0,1.0,1.0,0,0.75,0,0,0,4,4,False
syn-47-thin-014,47,thin,full,endpoints_100m,"[""syn-47-thin-014-d002"", ""syn-47-thin-014-d003"", ""syn-47-thin-014-d000"", ""syn-47-thin-014-d001""]",0.6666666666666666,0.6666666666666666,0.5307212739772434,1.0,4,4,3,0,False,1.0,1.0,1.0,1.0,0,0.75,0,0,0,4,4,False
syn-47-thin-014,47,thin,full,route_100m,"[""syn-47-thin-014-d002"", ""syn-47-thin-014-d000"", ""syn-47-thin-014-d003"", ""syn-47-thin-014-d001""]",0.6666666666666666,0.6666666666666666,0.5307212739772434,1.0,4,4,3,0,False,1.0,1.0,1.0,1.0,0,0.75,0,0,0,4,4,False
syn-47-thin-014,47,thin,full,departure_5min,"[""syn-47-thin-014-d002"", ""syn-47-thin-014-d003"", ""syn-47-thin-014-d000"", ""syn-47-thin-014-d001""]",0.6666666666666666,0.6666666666666666,0.5307212739772434,1.0,4,4,3,0,False,1.0,1.0,1.0,1.0,0,0.75,0,0,0,4,4,False
syn-47-thin-014,47,thin,full,availability_25pct,"[""syn-47-thin-014-d002"", ""syn-47-thin-014-d000"", ""syn-47-thin-014-d001""]",0.6666666666666666,0.6666666666666666,0.5307212739772434,0.75,4,3,3,0,False,0.75,1.0,1.0,0.75,0,0.75,1,0,0,3,4,False
syn-47-thin-015,47,thin,full,control,"[""syn-47-thin-015-d002"", ""syn-47-thin-015-d001"", ""syn-47-thin-015-d000""]",0.6666666666666666,1.0,0.6934264036172708,0.75,4,3,2,0,False,0.75,0.75,1.0,1.0,0,1.0,0,0,0,4,4,False
syn-47-thin-015,47,thin,full,endpoints_100m,"[""syn-47-thin-015-d002"", ""syn-47-thin-015-d001"", ""syn-47-thin-015-d000""]",0.6666666666666666,1.0,0.6934264036172708,0.75,4,3,2,0,False,0.75,0.75,1.0,1.0,0,1.0,0,0,0,4,4,False
syn-47-thin-015,47,thin,full,route_100m,"[""syn-47-thin-015-d002"", ""syn-47-thin-015-d001"", ""syn-47-thin-015-d000""]",0.6666666666666666,1.0,0.6934264036172708,0.75,4,3,2,0,False,0.75,0.75,1.0,1.0,0,1.0,0,0,0,4,4,False
syn-47-thin-015,47,thin,full,departure_5min,"[""syn-47-thin-015-d002"", ""syn-47-thin-015-d001"", ""syn-47-thin-015-d000""]",0.6666666666666666,1.0,0.6934264036172708,0.75,4,3,2,0,False,0.75,0.75,1.0,1.0,0,1.0,0,0,0,4,4,False
syn-47-thin-015,47,thin,full,availability_25pct,"[""syn-47-thin-015-d001"", ""syn-47-thin-015-d000""]",0.6666666666666666,1.0,1.0,0.5,4,2,2,0,False,0.5,1.0,1.0,0.6666666666666666,0,0.6666666666666666,0,0,0,2,4,False
syn-47-thin-016,47,thin,full,control,"[""syn-47-thin-016-d001"", ""syn-47-thin-016-d000""]",0.0,,,0.5,4,2,0,0,True,0.5,0.5,1.0,1.0,0,1.0,0,0,0,4,4,False
syn-47-thin-016,47,thin,full,endpoints_100m,"[""syn-47-thin-016-d001"", ""syn-47-thin-016-d000""]",0.0,,,0.5,4,2,0,0,True,0.5,0.5,1.0,1.0,0,1.0,0,0,0,4,4,False
syn-47-thin-016,47,thin,full,route_100m,"[""syn-47-thin-016-d001"", ""syn-47-thin-016-d000""]",0.0,,,0.5,4,2,0,0,True,0.5,0.5,1.0,1.0,0,1.0,0,0,0,4,4,False
syn-47-thin-016,47,thin,full,departure_5min,"[""syn-47-thin-016-d001"", ""syn-47-thin-016-d000""]",0.0,,,0.5,4,2,0,0,True,0.5,0.5,1.0,1.0,0,1.0,0,0,0,4,4,False
syn-47-thin-016,47,thin,full,availability_25pct,"[""syn-47-thin-016-d001"", ""syn-47-thin-016-d000""]",0.0,,,0.5,4,2,0,0,True,0.5,0.5,1.0,1.0,0,1.0,0,0,0,4,4,False
syn-47-thin-017,47,thin,full,control,"[""syn-47-thin-017-d000""]",0.3333333333333333,0.5,0.6131471927654584,0.25,4,1,2,1,False,0.25,0.25,1.0,1.0,0,1.0,0,1,0,4,4,False
syn-47-thin-017,47,thin,full,endpoints_100m,"[""syn-47-thin-017-d000""]",0.3333333333333333,0.5,0.6131471927654584,0.25,4,1,2,1,False,0.25,0.25,1.0,1.0,0,1.0,0,1,0,4,4,False
syn-47-thin-017,47,thin,full,route_100m,"[""syn-47-thin-017-d000""]",0.3333333333333333,0.5,0.6131471927654584,0.25,4,1,2,1,False,0.25,0.25,1.0,1.0,0,1.0,0,1,0,4,4,False
syn-47-thin-017,47,thin,full,departure_5min,"[""syn-47-thin-017-d000""]",0.3333333333333333,0.5,0.6131471927654584,0.25,4,1,2,1,False,0.25,0.25,1.0,1.0,0,1.0,0,1,0,4,4,False
syn-47-thin-017,47,thin,full,availability_25pct,"[""syn-47-thin-017-d000""]",0.3333333333333333,0.5,0.6131471927654584,0.25,4,1,2,0,False,0.25,0.3333333333333333,1.0,1.0,0,1.0,1,0,0,3,4,False
syn-47-thin-018,47,thin,full,control,[],0.0,,,0.0,4,0,0,0,True,0.0,0.0,1.0,,0,,0,0,0,4,4,False
syn-47-thin-018,47,thin,full,endpoints_100m,[],0.0,,,0.0,4,0,0,0,True,0.0,0.0,1.0,,0,,0,0,0,4,4,False
syn-47-thin-018,47,thin,full,route_100m,[],0.0,,,0.0,4,0,0,0,True,0.0,0.0,1.0,,0,,0,0,0,4,4,False
syn-47-thin-018,47,thin,full,departure_5min,[],0.0,,,0.0,4,0,0,0,True,0.0,0.0,1.0,,0,,0,0,0,4,4,False
syn-47-thin-018,47,thin,full,availability_25pct,[],0.0,,,0.0,4,0,0,0,True,0.0,0.0,1.0,,0,,0,0,0,3,4,False
syn-47-thin-019,47,thin,full,control,[],0.0,,,0.0,4,0,0,0,True,0.0,0.0,1.0,,0,,0,0,0,4,4,False
syn-47-thin-019,47,thin,full,endpoints_100m,[],0.0,,,0.0,4,0,0,0,True,0.0,0.0,1.0,,0,,0,0,0,4,4,False
syn-47-thin-019,47,thin,full,route_100m,[],0.0,,,0.0,4,0,0,0,True,0.0,0.0,1.0,,0,,0,0,0,4,4,False
syn-47-thin-019,47,thin,full,departure_5min,[],0.0,,,0.0,4,0,0,0,True,0.0,0.0,1.0,,0,,0,0,0,4,4,False
syn-47-thin-019,47,thin,full,availability_25pct,[],0.0,,,0.0,4,0,0,0,True,0.0,0.0,1.0,,0,,0,0,0,1,4,False
syn-47-balanced-000,47,balanced,full,control,"[""syn-47-balanced-000-d005"", ""syn-47-balanced-000-d003"", ""syn-47-balanced-000-d004"", ""syn-47-balanced-000-d002"", ""syn-47-balanced-000-d000"", ""syn-47-balanced-000-d001""]",0.0,,,0.5,12,6,0,0,True,0.5,0.5,1.0,1.0,0,0.5,0,0,0,12,12,False
syn-47-balanced-000,47,balanced,full,endpoints_100m,"[""syn-47-balanced-000-d005"", ""syn-47-balanced-000-d003"", ""syn-47-balanced-000-d004"", ""syn-47-balanced-000-d002"", ""syn-47-balanced-000-d000"", ""syn-47-balanced-000-d001""]",0.0,,,0.5,12,6,0,0,True,0.5,0.5,1.0,1.0,0,0.5,0,0,0,12,12,False
syn-47-balanced-000,47,balanced,full,route_100m,"[""syn-47-balanced-000-d005"", ""syn-47-balanced-000-d004"", ""syn-47-balanced-000-d003"", ""syn-47-balanced-000-d002"", ""syn-47-balanced-000-d000"", ""syn-47-balanced-000-d001""]",0.0,,,0.5,12,6,0,0,True,0.5,0.5,1.0,1.0,0,0.5,0,0,0,12,12,False
syn-47-balanced-000,47,balanced,full,departure_5min,"[""syn-47-balanced-000-d005"", ""syn-47-balanced-000-d003"", ""syn-47-balanced-000-d004"", ""syn-47-balanced-000-d002"", ""syn-47-balanced-000-d000"", ""syn-47-balanced-000-d001""]",0.0,,,0.5,12,6,0,0,True,0.5,0.5,1.0,1.0,0,0.5,0,0,0,12,12,False
syn-47-balanced-000,47,balanced,full,availability_25pct,"[""syn-47-balanced-000-d005"", ""syn-47-balanced-000-d003"", ""syn-47-balanced-000-d004"", ""syn-47-balanced-000-d002"", ""syn-47-balanced-000-d001""]",0.0,,,0.4166666666666667,12,5,0,0,True,0.4166666666666667,0.5,1.0,0.8333333333333334,0,0.5,0,0,0,10,12,False
syn-47-balanced-001,47,balanced,full,control,"[""syn-47-balanced-001-d004"", ""syn-47-balanced-001-d001"", ""syn-47-balanced-001-d011"", ""syn-47-balanced-001-d002"", ""syn-47-balanced-001-d003"", ""syn-47-balanced-001-d000""]",0.3333333333333333,0.2,0.2960819109658652,0.5,12,6,5,2,False,0.5,0.5,1.0,1.0,0,0.5,0,2,0,12,12,False
syn-47-balanced-001,47,balanced,full,endpoints_100m,"[""syn-47-balanced-001-d004"", ""syn-47-balanced-001-d001"", ""syn-47-balanced-001-d011"", ""syn-47-balanced-001-d002"", ""syn-47-balanced-001-d003"", ""syn-47-balanced-001-d000""]",0.3333333333333333,0.2,0.2960819109658652,0.5,12,6,5,2,False,0.5,0.5,1.0,1.0,0,0.5,0,2,0,12,12,False
syn-47-balanced-001,47,balanced,full,route_100m,"[""syn-47-balanced-001-d004"", ""syn-47-balanced-001-d001"", ""syn-47-balanced-001-d011"", ""syn-47-balanced-001-d002"", ""syn-47-balanced-001-d003"", ""syn-47-balanced-001-d000""]",0.3333333333333333,0.2,0.2960819109658652,0.5,12,6,5,2,False,0.5,0.5,1.0,1.0,0,0.5,0,2,0,12,12,False
syn-47-balanced-001,47,balanced,full,departure_5min,"[""syn-47-balanced-001-d004"", ""syn-47-balanced-001-d001"", ""syn-47-balanced-001-d011"", ""syn-47-balanced-001-d002"", ""syn-47-balanced-001-d003"", ""syn-47-balanced-001-d000""]",0.3333333333333333,0.2,0.2960819109658652,0.5,12,6,5,2,False,0.5,0.5,1.0,1.0,0,0.5,0,2,0,12,12,False
syn-47-balanced-001,47,balanced,full,availability_25pct,"[""syn-47-balanced-001-d004"", ""syn-47-balanced-001-d001"", ""syn-47-balanced-001-d011"", ""syn-47-balanced-001-d002"", ""syn-47-balanced-001-d003"", ""syn-47-balanced-001-d000""]",0.3333333333333333,0.2,0.2960819109658652,0.5,12,6,5,2,False,0.5,0.6,1.0,1.0,0,0.5,0,2,0,10,12,False
syn-47-balanced-002,47,balanced,full,control,"[""syn-47-balanced-002-d000"", ""syn-47-balanced-002-d001"", ""syn-47-balanced-002-d002"", ""syn-47-balanced-002-d003"", ""syn-47-balanced-002-d011"", ""syn-47-balanced-002-d010""]",0.3333333333333333,0.3333333333333333,0.23463936301137822,0.5,12,6,3,1,False,0.5,0.5,1.0,1.0,0,0.5,0,1,0,12,12,False
syn-47-balanced-002,47,balanced,full,endpoints_100m,"[""syn-47-balanced-002-d000"", ""syn-47-balanced-002-d001"", ""syn-47-balanced-002-d002"", ""syn-47-balanced-002-d003"", ""syn-47-balanced-002-d011"", ""syn-47-balanced-002-d010""]",0.3333333333333333,0.3333333333333333,0.23463936301137822,0.5,12,6,3,1,False,0.5,0.5,1.0,1.0,0,0.5,0,1,0,12,12,False
syn-47-balanced-002,47,balanced,full,route_100m,"[""syn-47-balanced-002-d000"", ""syn-47-balanced-002-d001"", ""syn-47-balanced-002-d011"", ""syn-47-balanced-002-d003"", ""syn-47-balanced-002-d002"", ""syn-47-balanced-002-d010""]",0.3333333333333333,0.3333333333333333,0.23463936301137822,0.5,12,6,3,1,False,0.5,0.5,1.0,1.0,0,0.5,0,1,0,12,12,False
syn-47-balanced-002,47,balanced,full,departure_5min,"[""syn-47-balanced-002-d000"", ""syn-47-balanced-002-d001"", ""syn-47-balanced-002-d002"", ""syn-47-balanced-002-d003"", ""syn-47-balanced-002-d011"", ""syn-47-balanced-002-d010""]",0.3333333333333333,0.3333333333333333,0.23463936301137822,0.5,12,6,3,1,False,0.5,0.5,1.0,1.0,0,0.5,0,1,0,12,12,False
syn-47-balanced-002,47,balanced,full,availability_25pct,"[""syn-47-balanced-002-d000"", ""syn-47-balanced-002-d001"", ""syn-47-balanced-002-d003"", ""syn-47-balanced-002-d011"", ""syn-47-balanced-002-d010""]",0.0,0.0,0.0,0.4166666666666667,12,5,3,1,False,0.4166666666666667,0.5,1.0,0.8333333333333334,0,0.5,1,1,0,10,12,False
syn-47-balanced-003,47,balanced,full,control,"[""syn-47-balanced-003-d011"", ""syn-47-balanced-003-d002"", ""syn-47-balanced-003-d009"", ""syn-47-balanced-003-d010"", ""syn-47-balanced-003-d000"", ""syn-47-balanced-003-d001""]",1.0,0.375,1.0,0.5,12,6,8,4,False,0.5,0.5,1.0,1.0,0,0.5,0,4,0,12,12,False
syn-47-balanced-003,47,balanced,full,endpoints_100m,"[""syn-47-balanced-003-d011"", ""syn-47-balanced-003-d002"", ""syn-47-balanced-003-d009"", ""syn-47-balanced-003-d010"", ""syn-47-balanced-003-d000"", ""syn-47-balanced-003-d001""]",1.0,0.375,1.0,0.5,12,6,8,4,False,0.5,0.5,1.0,1.0,0,0.5,0,4,0,12,12,False
syn-47-balanced-003,47,balanced,full,route_100m,"[""syn-47-balanced-003-d011"", ""syn-47-balanced-003-d002"", ""syn-47-balanced-003-d009"", ""syn-47-balanced-003-d010"", ""syn-47-balanced-003-d000"", ""syn-47-balanced-003-d001""]",1.0,0.375,1.0,0.5,12,6,8,4,False,0.5,0.5,1.0,1.0,0,0.5,0,4,0,12,12,False
syn-47-balanced-003,47,balanced,full,departure_5min,"[""syn-47-balanced-003-d011"", ""syn-47-balanced-003-d002"", ""syn-47-balanced-003-d009"", ""syn-47-balanced-003-d010"", ""syn-47-balanced-003-d000"", ""syn-47-balanced-003-d001""]",1.0,0.375,1.0,0.5,12,6,8,4,False,0.5,0.5,1.0,1.0,0,0.5,0,4,0,12,12,False
syn-47-balanced-003,47,balanced,full,availability_25pct,"[""syn-47-balanced-003-d002"", ""syn-47-balanced-003-d009"", ""syn-47-balanced-003-d010"", ""syn-47-balanced-003-d000"", ""syn-47-balanced-003-d001""]",0.6666666666666666,0.25,0.7653606369886217,0.4166666666666667,12,5,8,2,False,0.4166666666666667,0.5555555555555556,1.0,0.8333333333333334,0,0.5,3,2,0,9,12,False
syn-47-balanced-004,47,balanced,full,control,"[""syn-47-balanced-004-d011"", ""syn-47-balanced-004-d000"", ""syn-47-balanced-004-d001"", ""syn-47-balanced-004-d008"", ""syn-47-balanced-004-d010"", ""syn-47-balanced-004-d009""]",0.3333333333333333,0.25,0.23463936301137822,0.5,12,6,4,2,False,0.5,0.5,1.0,1.0,0,0.5,0,2,0,12,12,False
syn-47-balanced-004,47,balanced,full,endpoints_100m,"[""syn-47-balanced-004-d011"", ""syn-47-balanced-004-d000"", ""syn-47-balanced-004-d001"", ""syn-47-balanced-004-d008"", ""syn-47-balanced-004-d010"", ""syn-47-balanced-004-d009""]",0.3333333333333333,0.25,0.23463936301137822,0.5,12,6,4,2,False,0.5,0.5,1.0,1.0,0,0.5,0,2,0,12,12,False
syn-47-balanced-004,47,balanced,full,route_100m,"[""syn-47-balanced-004-d011"", ""syn-47-balanced-004-d000"", ""syn-47-balanced-004-d001"", ""syn-47-balanced-004-d008"", ""syn-47-balanced-004-d010"", ""syn-47-balanced-004-d009""]",0.3333333333333333,0.25,0.23463936301137822,0.5,12,6,4,2,False,0.5,0.5,1.0,1.0,0,0.5,0,2,0,12,12,False
syn-47-balanced-004,47,balanced,full,departure_5min,"[""syn-47-balanced-004-d011"", ""syn-47-balanced-004-d000"", ""syn-47-balanced-004-d001"", ""syn-47-balanced-004-d008"", ""syn-47-balanced-004-d010"", ""syn-47-balanced-004-d009""]",0.3333333333333333,0.25,0.23463936301137822,0.5,12,6,4,2,False,0.5,0.5,1.0,1.0,0,0.5,0,2,0,12,12,False
syn-47-balanced-004,47,balanced,full,availability_25pct,"[""syn-47-balanced-004-d011"", ""syn-47-balanced-004-d000"", ""syn-47-balanced-004-d008"", ""syn-47-balanced-004-d010"", ""syn-47-balanced-004-d009""]",0.0,0.0,0.0,0.4166666666666667,12,5,4,2,False,0.4166666666666667,0.45454545454545453,1.0,0.8333333333333334,0,0.5,1,2,0,11,12,False
syn-47-balanced-005,47,balanced,full,control,"[""syn-47-balanced-005-d010"", ""syn-47-balanced-005-d009"", ""syn-47-balanced-005-d011"", ""syn-47-balanced-005-d000"", ""syn-47-balanced-005-d008"", ""syn-47-balanced-005-d007""]",0.6666666666666666,0.6666666666666666,0.7653606369886217,0.5,12,6,3,1,False,0.5,0.5,1.0,1.0,0,0.5,0,1,0,12,12,False
syn-47-balanced-005,47,balanced,full,endpoints_100m,"[""syn-47-balanced-005-d010"", ""syn-47-balanced-005-d009"", ""syn-47-balanced-005-d000"", ""syn-47-balanced-005-d011"", ""syn-47-balanced-005-d007"", ""syn-47-balanced-005-d008""]",0.6666666666666666,0.6666666666666666,0.7653606369886217,0.5,12,6,3,1,False,0.5,0.5,1.0,1.0,0,0.5,0,1,0,12,12,False
syn-47-balanced-005,47,balanced,full,route_100m,"[""syn-47-balanced-005-d010"", ""syn-47-balanced-005-d009"", ""syn-47-balanced-005-d011"", ""syn-47-balanced-005-d000"", ""syn-47-balanced-005-d008"", ""syn-47-balanced-005-d007""]",0.6666666666666666,0.6666666666666666,0.7653606369886217,0.5,12,6,3,1,False,0.5,0.5,1.0,1.0,0,0.5,0,1,0,12,12,False
syn-47-balanced-005,47,balanced,full,departure_5min,"[""syn-47-balanced-005-d010"", ""syn-47-balanced-005-d009"", ""syn-47-balanced-005-d011"", ""syn-47-balanced-005-d000"", ""syn-47-balanced-005-d008"", ""syn-47-balanced-005-d007""]",0.6666666666666666,0.6666666666666666,0.7653606369886217,0.5,12,6,3,1,False,0.5,0.5,1.0,1.0,0,0.5,0,1,0,12,12,False
syn-47-balanced-005,47,balanced,full,availability_25pct,"[""syn-47-balanced-005-d010"", ""syn-47-balanced-005-d009"", ""syn-47-balanced-005-d011"", ""syn-47-balanced-005-d000"", ""syn-47-balanced-005-d008"", ""syn-47-balanced-005-d007""]",0.6666666666666666,0.6666666666666666,0.7653606369886217,0.5,12,6,3,1,False,0.5,0.5454545454545454,1.0,1.0,0,0.5,0,1,0,11,12,False
syn-47-balanced-006,47,balanced,full,control,"[""syn-47-balanced-006-d006"", ""syn-47-balanced-006-d007"", ""syn-47-balanced-006-d008"", ""syn-47-balanced-006-d010"", ""syn-47-balanced-006-d009"", ""syn-47-balanced-006-d011""]",0.3333333333333333,0.3333333333333333,0.23463936301137822,0.5,12,6,3,2,False,0.5,0.5,1.0,1.0,0,0.5,0,2,0,12,12,False
syn-47-balanced-006,47,balanced,full,endpoints_100m,"[""syn-47-balanced-006-d006"", ""syn-47-balanced-006-d007"", ""syn-47-balanced-006-d008"", ""syn-47-balanced-006-d009"", ""syn-47-balanced-006-d010"", ""syn-47-balanced-006-d011""]",0.3333333333333333,0.3333333333333333,0.23463936301137822,0.5,12,6,3,2,False,0.5,0.5,1.0,1.0,0,0.5,0,2,0,12,12,False
syn-47-balanced-006,47,balanced,full,route_100m,"[""syn-47-balanced-006-d006"", ""syn-47-balanced-006-d007"", ""syn-47-balanced-006-d008"", ""syn-47-balanced-006-d009"", ""syn-47-balanced-006-d010"", ""syn-47-balanced-006-d011""]",0.3333333333333333,0.3333333333333333,0.23463936301137822,0.5,12,6,3,2,False,0.5,0.5,1.0,1.0,0,0.5,0,2,0,12,12,False
syn-47-balanced-006,47,balanced,full,departure_5min,"[""syn-47-balanced-006-d006"", ""syn-47-balanced-006-d007"", ""syn-47-balanced-006-d008"", ""syn-47-balanced-006-d010"", ""syn-47-balanced-006-d009"", ""syn-47-balanced-006-d011""]",0.3333333333333333,0.3333333333333333,0.23463936301137822,0.5,12,6,3,2,False,0.5,0.5,1.0,1.0,0,0.5,0,2,0,12,12,False
syn-47-balanced-006,47,balanced,full,availability_25pct,"[""syn-47-balanced-006-d007"", ""syn-47-balanced-006-d010"", ""syn-47-balanced-006-d009"", ""syn-47-balanced-006-d011""]",0.0,0.0,0.0,0.3333333333333333,12,4,3,1,False,0.3333333333333333,0.5,1.0,0.6666666666666666,0,0.5,2,1,0,8,12,False
syn-47-balanced-007,47,balanced,full,control,"[""syn-47-balanced-007-d008"", ""syn-47-balanced-007-d009"", ""syn-47-balanced-007-d007"", ""syn-47-balanced-007-d006"", ""syn-47-balanced-007-d005"", ""syn-47-balanced-007-d010""]",0.3333333333333333,1.0,1.0,0.5,12,6,1,0,False,0.5,0.5,1.0,1.0,0,0.5,0,0,0,12,12,False
syn-47-balanced-007,47,balanced,full,endpoints_100m,"[""syn-47-balanced-007-d008"", ""syn-47-balanced-007-d009"", ""syn-47-balanced-007-d007"", ""syn-47-balanced-007-d006"", ""syn-47-balanced-007-d005"", ""syn-47-balanced-007-d010""]",0.3333333333333333,1.0,1.0,0.5,12,6,1,0,False,0.5,0.5,1.0,1.0,0,0.5,0,0,0,12,12,False
syn-47-balanced-007,47,balanced,full,route_100m,"[""syn-47-balanced-007-d009"", ""syn-47-balanced-007-d008"", ""syn-47-balanced-007-d007"", ""syn-47-balanced-007-d006"", ""syn-47-balanced-007-d005"", ""syn-47-balanced-007-d010""]",0.3333333333333333,1.0,0.6309297535714575,0.5,12,6,1,0,False,0.5,0.5,1.0,1.0,0,0.5,0,0,0,12,12,False
syn-47-balanced-007,47,balanced,full,departure_5min,"[""syn-47-balanced-007-d008"", ""syn-47-balanced-007-d009"", ""syn-47-balanced-007-d007"", ""syn-47-balanced-007-d006"", ""syn-47-balanced-007-d005"", ""syn-47-balanced-007-d010""]",0.3333333333333333,1.0,1.0,0.5,12,6,1,0,False,0.5,0.5,1.0,1.0,0,0.5,0,0,0,12,12,False
syn-47-balanced-007,47,balanced,full,availability_25pct,"[""syn-47-balanced-007-d008"", ""syn-47-balanced-007-d009"", ""syn-47-balanced-007-d007"", ""syn-47-balanced-007-d010""]",0.3333333333333333,1.0,1.0,0.3333333333333333,12,4,1,0,False,0.3333333333333333,0.5,1.0,0.6666666666666666,0,0.5,0,0,0,8,12,False
syn-47-balanced-008,47,balanced,full,control,"[""syn-47-balanced-008-d006"", ""syn-47-balanced-008-d004"", ""syn-47-balanced-008-d009"", ""syn-47-balanced-008-d007"", ""syn-47-balanced-008-d008"", ""syn-47-balanced-008-d005""]",0.6666666666666666,0.3333333333333333,0.7039180890341347,0.5,12,6,6,2,False,0.5,0.5,1.0,1.0,0,0.5,0,2,0,12,12,False
syn-47-balanced-008,47,balanced,full,endpoints_100m,"[""syn-47-balanced-008-d006"", ""syn-47-balanced-008-d004"", ""syn-47-balanced-008-d009"", ""syn-47-balanced-008-d008"", ""syn-47-balanced-008-d007"", ""syn-47-balanced-008-d005""]",0.6666666666666666,0.3333333333333333,0.7039180890341347,0.5,12,6,6,2,False,0.5,0.5,1.0,1.0,0,0.5,0,2,0,12,12,False
syn-47-balanced-008,47,balanced,full,route_100m,"[""syn-47-balanced-008-d006"", ""syn-47-balanced-008-d004"", ""syn-47-balanced-008-d007"", ""syn-47-balanced-008-d009"", ""syn-47-balanced-008-d008"", ""syn-47-balanced-008-d005""]",0.6666666666666666,0.3333333333333333,0.7039180890341347,0.5,12,6,6,2,False,0.5,0.5,1.0,1.0,0,0.5,0,2,0,12,12,False
syn-47-balanced-008,47,balanced,full,departure_5min,"[""syn-47-balanced-008-d006"", ""syn-47-balanced-008-d004"", ""syn-47-balanced-008-d007"", ""syn-47-balanced-008-d008"", ""syn-47-balanced-008-d009"", ""syn-47-balanced-008-d005""]",0.6666666666666666,0.3333333333333333,0.7039180890341347,0.5,12,6,6,2,False,0.5,0.5,1.0,1.0,0,0.5,0,2,0,12,12,False
syn-47-balanced-008,47,balanced,full,availability_25pct,"[""syn-47-balanced-008-d006"", ""syn-47-balanced-008-d009"", ""syn-47-balanced-008-d007"", ""syn-47-balanced-008-d005""]",1.0,0.5,1.0,0.3333333333333333,12,4,6,0,False,0.3333333333333333,0.5714285714285714,1.0,0.6666666666666666,0,0.5,2,0,0,7,12,False
syn-47-balanced-009,47,balanced,full,control,"[""syn-47-balanced-009-d008"", ""syn-47-balanced-009-d006"", ""syn-47-balanced-009-d003"", ""syn-47-balanced-009-d007"", ""syn-47-balanced-009-d005"", ""syn-47-balanced-009-d004""]",0.0,0.0,0.0,0.5,12,6,1,1,False,0.5,0.5,1.0,1.0,0,0.5,0,1,0,12,12,False
syn-47-balanced-009,47,balanced,full,endpoints_100m,"[""syn-47-balanced-009-d008"", ""syn-47-balanced-009-d006"", ""syn-47-balanced-009-d003"", ""syn-47-balanced-009-d007"", ""syn-47-balanced-009-d005"", ""syn-47-balanced-009-d004""]",0.0,0.0,0.0,0.5,12,6,1,1,False,0.5,0.5,1.0,1.0,0,0.5,0,1,0,12,12,False
syn-47-balanced-009,47,balanced,full,route_100m,"[""syn-47-balanced-009-d008"", ""syn-47-balanced-009-d006"", ""syn-47-balanced-009-d003"", ""syn-47-balanced-009-d007"", ""syn-47-balanced-009-d005"", ""syn-47-balanced-009-d004""]",0.0,0.0,0.0,0.5,12,6,1,1,False,0.5,0.5,1.0,1.0,0,0.5,0,1,0,12,12,False
syn-47-balanced-009,47,balanced,full,departure_5min,"[""syn-47-balanced-009-d008"", ""syn-47-balanced-009-d006"", ""syn-47-balanced-009-d003"", ""syn-47-balanced-009-d007"", ""syn-47-balanced-009-d005"", ""syn-47-balanced-009-d004""]",0.0,0.0,0.0,0.5,12,6,1,1,False,0.5,0.5,1.0,1.0,0,0.5,0,1,0,12,12,False
syn-47-balanced-009,47,balanced,full,availability_25pct,"[""syn-47-balanced-009-d008"", ""syn-47-balanced-009-d006"", ""syn-47-balanced-009-d003"", ""syn-47-balanced-009-d007"", ""syn-47-balanced-009-d005"", ""syn-47-balanced-009-d004""]",0.0,0.0,0.0,0.5,12,6,1,1,False,0.5,0.5,1.0,1.0,0,0.5,0,1,0,12,12,False
syn-47-balanced-010,47,balanced,full,control,"[""syn-47-balanced-010-d004"", ""syn-47-balanced-010-d007"", ""syn-47-balanced-010-d006"", ""syn-47-balanced-010-d005"", ""syn-47-balanced-010-d003"", ""syn-47-balanced-010-d002""]",0.0,,,0.5,12,6,0,0,True,0.5,0.5,1.0,1.0,0,0.5,0,0,0,12,12,False
syn-47-balanced-010,47,balanced,full,endpoints_100m,"[""syn-47-balanced-010-d004"", ""syn-47-balanced-010-d006"", ""syn-47-balanced-010-d007"", ""syn-47-balanced-010-d005"", ""syn-47-balanced-010-d003"", ""syn-47-balanced-010-d002""]",0.0,,,0.5,12,6,0,0,True,0.5,0.5,1.0,1.0,0,0.5,0,0,0,12,12,False
syn-47-balanced-010,47,balanced,full,route_100m,"[""syn-47-balanced-010-d004"", ""syn-47-balanced-010-d006"", ""syn-47-balanced-010-d007"", ""syn-47-balanced-010-d005"", ""syn-47-balanced-010-d003"", ""syn-47-balanced-010-d002""]",0.0,,,0.5,12,6,0,0,True,0.5,0.5,1.0,1.0,0,0.5,0,0,0,12,12,False
syn-47-balanced-010,47,balanced,full,departure_5min,"[""syn-47-balanced-010-d004"", ""syn-47-balanced-010-d007"", ""syn-47-balanced-010-d006"", ""syn-47-balanced-010-d005"", ""syn-47-balanced-010-d003"", ""syn-47-balanced-010-d002""]",0.0,,,0.5,12,6,0,0,True,0.5,0.5,1.0,1.0,0,0.5,0,0,0,12,12,False
syn-47-balanced-010,47,balanced,full,availability_25pct,"[""syn-47-balanced-010-d004"", ""syn-47-balanced-010-d007"", ""syn-47-balanced-010-d006"", ""syn-47-balanced-010-d005"", ""syn-47-balanced-010-d003""]",0.0,,,0.4166666666666667,12,5,0,0,True,0.4166666666666667,0.5555555555555556,1.0,0.8333333333333334,0,0.5,0,0,0,9,12,False
syn-47-balanced-011,47,balanced,full,control,"[""syn-47-balanced-011-d002"", ""syn-47-balanced-011-d004"", ""syn-47-balanced-011-d006"", ""syn-47-balanced-011-d003"", ""syn-47-balanced-011-d001"", ""syn-47-balanced-011-d005""]",0.3333333333333333,0.2,0.46927872602275644,0.5,12,6,5,2,False,0.5,0.5,1.0,1.0,0,0.5,0,2,0,12,12,False
syn-47-balanced-011,47,balanced,full,endpoints_100m,"[""syn-47-balanced-011-d002"", ""syn-47-balanced-011-d004"", ""syn-47-balanced-011-d006"", ""syn-47-balanced-011-d003"", ""syn-47-balanced-011-d001"", ""syn-47-balanced-011-d005""]",0.3333333333333333,0.2,0.46927872602275644,0.5,12,6,5,2,False,0.5,0.5,1.0,1.0,0,0.5,0,2,0,12,12,False
syn-47-balanced-011,47,balanced,full,route_100m,"[""syn-47-balanced-011-d006"", ""syn-47-balanced-011-d003"", ""syn-47-balanced-011-d004"", ""syn-47-balanced-011-d002"", ""syn-47-balanced-011-d001"", ""syn-47-balanced-011-d005""]",0.3333333333333333,0.2,0.2960819109658652,0.5,12,6,5,2,False,0.5,0.5,1.0,1.0,0,0.5,0,2,0,12,12,False
syn-47-balanced-011,47,balanced,full,departure_5min,"[""syn-47-balanced-011-d002"", ""syn-47-balanced-011-d004"", ""syn-47-balanced-011-d006"", ""syn-47-balanced-011-d003"", ""syn-47-balanced-011-d001"", ""syn-47-balanced-011-d005""]",0.3333333333333333,0.2,0.46927872602275644,0.5,12,6,5,2,False,0.5,0.5,1.0,1.0,0,0.5,0,2,0,12,12,False
syn-47-balanced-011,47,balanced,full,availability_25pct,"[""syn-47-balanced-011-d002"", ""syn-47-balanced-011-d004"", ""syn-47-balanced-011-d006"", ""syn-47-balanced-011-d003"", ""syn-47-balanced-011-d001"", ""syn-47-balanced-011-d005""]",0.3333333333333333,0.2,0.46927872602275644,0.5,12,6,5,2,False,0.5,0.5454545454545454,1.0,1.0,0,0.5,0,2,0,11,12,False
syn-47-balanced-012,47,balanced,full,control,"[""syn-47-balanced-012-d001"", ""syn-47-balanced-012-d005"", ""syn-47-balanced-012-d003"", ""syn-47-balanced-012-d000"", ""syn-47-balanced-012-d002"", ""syn-47-balanced-012-d004""]",0.3333333333333333,0.3333333333333333,0.2960819109658652,0.5,12,6,3,2,False,0.5,0.5,1.0,1.0,0,0.5,0,2,0,12,12,False
syn-47-balanced-012,47,balanced,full,endpoints_100m,"[""syn-47-balanced-012-d001"", ""syn-47-balanced-012-d003"", ""syn-47-balanced-012-d005"", ""syn-47-balanced-012-d000"", ""syn-47-balanced-012-d002"", ""syn-47-balanced-012-d004""]",0.3333333333333333,0.3333333333333333,0.23463936301137822,0.5,12,6,3,2,False,0.5,0.5,1.0,1.0,0,0.5,0,2,0,12,12,False
syn-47-balanced-012,47,balanced,full,route_100m,"[""syn-47-balanced-012-d001"", ""syn-47-balanced-012-d005"", ""syn-47-balanced-012-d003"", ""syn-47-balanced-012-d000"", ""syn-47-balanced-012-d002"", ""syn-47-balanced-012-d004""]",0.3333333333333333,0.3333333333333333,0.2960819109658652,0.5,12,6,3,2,False,0.5,0.5,1.0,1.0,0,0.5,0,2,0,12,12,False
syn-47-balanced-012,47,balanced,full,departure_5min,"[""syn-47-balanced-012-d001"", ""syn-47-balanced-012-d005"", ""syn-47-balanced-012-d003"", ""syn-47-balanced-012-d000"", ""syn-47-balanced-012-d002"", ""syn-47-balanced-012-d004""]",0.3333333333333333,0.3333333333333333,0.2960819109658652,0.5,12,6,3,2,False,0.5,0.5,1.0,1.0,0,0.5,0,2,0,12,12,False
syn-47-balanced-012,47,balanced,full,availability_25pct,"[""syn-47-balanced-012-d005"", ""syn-47-balanced-012-d003"", ""syn-47-balanced-012-d000"", ""syn-47-balanced-012-d002"", ""syn-47-balanced-012-d004""]",0.3333333333333333,0.3333333333333333,0.46927872602275644,0.4166666666666667,12,5,3,2,False,0.4166666666666667,0.5555555555555556,1.0,0.8333333333333334,0,0.5,0,2,0,9,12,False
syn-47-balanced-013,47,balanced,full,control,"[""syn-47-balanced-013-d011"", ""syn-47-balanced-013-d002"", ""syn-47-balanced-013-d000"", ""syn-47-balanced-013-d004"", ""syn-47-balanced-013-d003"", ""syn-47-balanced-013-d001""]",0.3333333333333333,0.5,0.38685280723454163,0.5,12,6,2,1,False,0.5,0.5,1.0,1.0,0,0.5,0,1,0,12,12,False
syn-47-balanced-013,47,balanced,full,endpoints_100m,"[""syn-47-balanced-013-d011"", ""syn-47-balanced-013-d002"", ""syn-47-balanced-013-d000"", ""syn-47-balanced-013-d004"", ""syn-47-balanced-013-d003"", ""syn-47-balanced-013-d001""]",0.3333333333333333,0.5,0.38685280723454163,0.5,12,6,2,1,False,0.5,0.5,1.0,1.0,0,0.5,0,1,0,12,12,False
syn-47-balanced-013,47,balanced,full,route_100m,"[""syn-47-balanced-013-d011"", ""syn-47-balanced-013-d002"", ""syn-47-balanced-013-d000"", ""syn-47-balanced-013-d004"", ""syn-47-balanced-013-d003"", ""syn-47-balanced-013-d001""]",0.3333333333333333,0.5,0.38685280723454163,0.5,12,6,2,1,False,0.5,0.5,1.0,1.0,0,0.5,0,1,0,12,12,False
syn-47-balanced-013,47,balanced,full,departure_5min,"[""syn-47-balanced-013-d002"", ""syn-47-balanced-013-d011"", ""syn-47-balanced-013-d000"", ""syn-47-balanced-013-d004"", ""syn-47-balanced-013-d003"", ""syn-47-balanced-013-d001""]",0.3333333333333333,0.5,0.6131471927654584,0.5,12,6,2,1,False,0.5,0.5,1.0,1.0,0,0.5,0,1,0,12,12,False
syn-47-balanced-013,47,balanced,full,availability_25pct,"[""syn-47-balanced-013-d011"", ""syn-47-balanced-013-d000"", ""syn-47-balanced-013-d004""]",0.0,0.0,0.0,0.25,12,3,2,0,False,0.25,0.5,1.0,0.5,0,0.5,2,0,0,6,12,False
syn-47-balanced-014,47,balanced,full,control,"[""syn-47-balanced-014-d010"", ""syn-47-balanced-014-d011"", ""syn-47-balanced-014-d002"", ""syn-47-balanced-014-d003"", ""syn-47-balanced-014-d000"", ""syn-47-balanced-014-d001""]",0.3333333333333333,0.25,0.2960819109658652,0.5,12,6,4,1,False,0.5,0.5,1.0,1.0,0,0.5,0,1,0,12,12,False
syn-47-balanced-014,47,balanced,full,endpoints_100m,"[""syn-47-balanced-014-d011"", ""syn-47-balanced-014-d010"", ""syn-47-balanced-014-d002"", ""syn-47-balanced-014-d003"", ""syn-47-balanced-014-d000"", ""syn-47-balanced-014-d001""]",0.3333333333333333,0.25,0.46927872602275644,0.5,12,6,4,1,False,0.5,0.5,1.0,1.0,0,0.5,0,1,0,12,12,False
syn-47-balanced-014,47,balanced,full,route_100m,"[""syn-47-balanced-014-d010"", ""syn-47-balanced-014-d011"", ""syn-47-balanced-014-d002"", ""syn-47-balanced-014-d003"", ""syn-47-balanced-014-d000"", ""syn-47-balanced-014-d001""]",0.3333333333333333,0.25,0.2960819109658652,0.5,12,6,4,1,False,0.5,0.5,1.0,1.0,0,0.5,0,1,0,12,12,False
syn-47-balanced-014,47,balanced,full,departure_5min,"[""syn-47-balanced-014-d010"", ""syn-47-balanced-014-d011"", ""syn-47-balanced-014-d002"", ""syn-47-balanced-014-d003"", ""syn-47-balanced-014-d000"", ""syn-47-balanced-014-d001""]",0.3333333333333333,0.25,0.2960819109658652,0.5,12,6,4,1,False,0.5,0.5,1.0,1.0,0,0.5,0,1,0,12,12,False
syn-47-balanced-014,47,balanced,full,availability_25pct,"[""syn-47-balanced-014-d010"", ""syn-47-balanced-014-d002"", ""syn-47-balanced-014-d003"", ""syn-47-balanced-014-d000""]",0.3333333333333333,0.25,0.23463936301137822,0.3333333333333333,12,4,4,0,False,0.3333333333333333,0.5714285714285714,1.0,0.6666666666666666,0,0.5,3,0,0,7,12,False
syn-47-balanced-015,47,balanced,full,control,"[""syn-47-balanced-015-d011"", ""syn-47-balanced-015-d009"", ""syn-47-balanced-015-d001"", ""syn-47-balanced-015-d000"", ""syn-47-balanced-015-d002"", ""syn-47-balanced-015-d010""]",0.3333333333333333,0.2,0.2960819109658652,0.5,12,6,5,2,False,0.5,0.5,1.0,1.0,0,0.5,0,2,0,12,12,False
syn-47-balanced-015,47,balanced,full,endpoints_100m,"[""syn-47-balanced-015-d011"", ""syn-47-balanced-015-d009"", ""syn-47-balanced-015-d001"", ""syn-47-balanced-015-d000"", ""syn-47-balanced-015-d002"", ""syn-47-balanced-015-d010""]",0.3333333333333333,0.2,0.2960819109658652,0.5,12,6,5,2,False,0.5,0.5,1.0,1.0,0,0.5,0,2,0,12,12,False
syn-47-balanced-015,47,balanced,full,route_100m,"[""syn-47-balanced-015-d011"", ""syn-47-balanced-015-d009"", ""syn-47-balanced-015-d001"", ""syn-47-balanced-015-d000"", ""syn-47-balanced-015-d002"", ""syn-47-balanced-015-d010""]",0.3333333333333333,0.2,0.2960819109658652,0.5,12,6,5,2,False,0.5,0.5,1.0,1.0,0,0.5,0,2,0,12,12,False
syn-47-balanced-015,47,balanced,full,departure_5min,"[""syn-47-balanced-015-d011"", ""syn-47-balanced-015-d009"", ""syn-47-balanced-015-d001"", ""syn-47-balanced-015-d000"", ""syn-47-balanced-015-d002"", ""syn-47-balanced-015-d010""]",0.3333333333333333,0.2,0.2960819109658652,0.5,12,6,5,2,False,0.5,0.5,1.0,1.0,0,0.5,0,2,0,12,12,False
syn-47-balanced-015,47,balanced,full,availability_25pct,"[""syn-47-balanced-015-d011"", ""syn-47-balanced-015-d009"", ""syn-47-balanced-015-d001"", ""syn-47-balanced-015-d002""]",0.3333333333333333,0.2,0.2960819109658652,0.3333333333333333,12,4,5,2,False,0.3333333333333333,0.4,1.0,0.6666666666666666,0,0.5,1,2,0,10,12,False
syn-47-balanced-016,47,balanced,full,control,"[""syn-47-balanced-016-d001"", ""syn-47-balanced-016-d009"", ""syn-47-balanced-016-d011"", ""syn-47-balanced-016-d010"", ""syn-47-balanced-016-d000"", ""syn-47-balanced-016-d008""]",0.0,0.0,0.0,0.5,12,6,1,0,False,0.5,0.5,1.0,1.0,0,0.5,0,0,0,12,12,False
syn-47-balanced-016,47,balanced,full,endpoints_100m,"[""syn-47-balanced-016-d001"", ""syn-47-balanced-016-d009"", ""syn-47-balanced-016-d011"", ""syn-47-balanced-016-d010"", ""syn-47-balanced-016-d000"", ""syn-47-balanced-016-d008""]",0.0,0.0,0.0,0.5,12,6,1,0,False,0.5,0.5,1.0,1.0,0,0.5,0,0,0,12,12,False
syn-47-balanced-016,47,balanced,full,route_100m,"[""syn-47-balanced-016-d001"", ""syn-47-balanced-016-d009"", ""syn-47-balanced-016-d011"", ""syn-47-balanced-016-d000"", ""syn-47-balanced-016-d010"", ""syn-47-balanced-016-d008""]",0.0,0.0,0.0,0.5,12,6,1,0,False,0.5,0.5,1.0,1.0,0,0.5,0,0,0,12,12,False
syn-47-balanced-016,47,balanced,full,departure_5min,"[""syn-47-balanced-016-d001"", ""syn-47-balanced-016-d009"", ""syn-47-balanced-016-d011"", ""syn-47-balanced-016-d000"", ""syn-47-balanced-016-d010"", ""syn-47-balanced-016-d008""]",0.0,0.0,0.0,0.5,12,6,1,0,False,0.5,0.5,1.0,1.0,0,0.5,0,0,0,12,12,False
syn-47-balanced-016,47,balanced,full,availability_25pct,"[""syn-47-balanced-016-d009"", ""syn-47-balanced-016-d011"", ""syn-47-balanced-016-d010"", ""syn-47-balanced-016-d000"", ""syn-47-balanced-016-d008""]",0.0,0.0,0.0,0.4166666666666667,12,5,1,0,False,0.4166666666666667,0.45454545454545453,1.0,0.8333333333333334,0,0.5,0,0,0,11,12,False
syn-47-balanced-017,47,balanced,full,control,"[""syn-47-balanced-017-d010"", ""syn-47-balanced-017-d007"", ""syn-47-balanced-017-d000"", ""syn-47-balanced-017-d009"", ""syn-47-balanced-017-d008"", ""syn-47-balanced-017-d011""]",0.6666666666666666,0.5,0.7653606369886217,0.5,12,6,4,0,False,0.5,0.5,1.0,1.0,0,0.5,0,0,0,12,12,False
syn-47-balanced-017,47,balanced,full,endpoints_100m,"[""syn-47-balanced-017-d010"", ""syn-47-balanced-017-d007"", ""syn-47-balanced-017-d000"", ""syn-47-balanced-017-d009"", ""syn-47-balanced-017-d008"", ""syn-47-balanced-017-d011""]",0.6666666666666666,0.5,0.7653606369886217,0.5,12,6,4,0,False,0.5,0.5,1.0,1.0,0,0.5,0,0,0,12,12,False
syn-47-balanced-017,47,balanced,full,route_100m,"[""syn-47-balanced-017-d010"", ""syn-47-balanced-017-d007"", ""syn-47-balanced-017-d000"", ""syn-47-balanced-017-d009"", ""syn-47-balanced-017-d008"", ""syn-47-balanced-017-d011""]",0.6666666666666666,0.5,0.7653606369886217,0.5,12,6,4,0,False,0.5,0.5,1.0,1.0,0,0.5,0,0,0,12,12,False
syn-47-balanced-017,47,balanced,full,departure_5min,"[""syn-47-balanced-017-d010"", ""syn-47-balanced-017-d007"", ""syn-47-balanced-017-d000"", ""syn-47-balanced-017-d009"", ""syn-47-balanced-017-d008"", ""syn-47-balanced-017-d011""]",0.6666666666666666,0.5,0.7653606369886217,0.5,12,6,4,0,False,0.5,0.5,1.0,1.0,0,0.5,0,0,0,12,12,False
syn-47-balanced-017,47,balanced,full,availability_25pct,"[""syn-47-balanced-017-d007"", ""syn-47-balanced-017-d008"", ""syn-47-balanced-017-d011""]",1.0,0.75,1.0,0.25,12,3,4,0,False,0.25,0.375,1.0,0.5,0,0.5,1,0,0,8,12,False
syn-47-balanced-018,47,balanced,full,control,"[""syn-47-balanced-018-d009"", ""syn-47-balanced-018-d007"", ""syn-47-balanced-018-d008"", ""syn-47-balanced-018-d010"", ""syn-47-balanced-018-d006"", ""syn-47-balanced-018-d011""]",0.6666666666666666,0.4,0.7039180890341347,0.5,12,6,5,1,False,0.5,0.5,1.0,1.0,0,0.5,0,1,0,12,12,False
syn-47-balanced-018,47,balanced,full,endpoints_100m,"[""syn-47-balanced-018-d009"", ""syn-47-balanced-018-d007"", ""syn-47-balanced-018-d008"", ""syn-47-balanced-018-d010"", ""syn-47-balanced-018-d006"", ""syn-47-balanced-018-d011""]",0.6666666666666666,0.4,0.7039180890341347,0.5,12,6,5,1,False,0.5,0.5,1.0,1.0,0,0.5,0,1,0,12,12,False
syn-47-balanced-018,47,balanced,full,route_100m,"[""syn-47-balanced-018-d009"", ""syn-47-balanced-018-d007"", ""syn-47-balanced-018-d008"", ""syn-47-balanced-018-d010"", ""syn-47-balanced-018-d006"", ""syn-47-balanced-018-d011""]",0.6666666666666666,0.4,0.7039180890341347,0.5,12,6,5,1,False,0.5,0.5,1.0,1.0,0,0.5,0,1,0,12,12,False
syn-47-balanced-018,47,balanced,full,departure_5min,"[""syn-47-balanced-018-d009"", ""syn-47-balanced-018-d007"", ""syn-47-balanced-018-d008"", ""syn-47-balanced-018-d010"", ""syn-47-balanced-018-d006"", ""syn-47-balanced-018-d011""]",0.6666666666666666,0.4,0.7039180890341347,0.5,12,6,5,1,False,0.5,0.5,1.0,1.0,0,0.5,0,1,0,12,12,False
syn-47-balanced-018,47,balanced,full,availability_25pct,"[""syn-47-balanced-018-d007"", ""syn-47-balanced-018-d008"", ""syn-47-balanced-018-d010"", ""syn-47-balanced-018-d006""]",0.6666666666666666,0.4,0.5307212739772434,0.3333333333333333,12,4,5,0,False,0.3333333333333333,0.5,1.0,0.6666666666666666,0,0.5,3,0,0,8,12,False
syn-47-balanced-019,47,balanced,full,control,"[""syn-47-balanced-019-d006"", ""syn-47-balanced-019-d010"", ""syn-47-balanced-019-d005"", ""syn-47-balanced-019-d007"", ""syn-47-balanced-019-d009"", ""syn-47-balanced-019-d008""]",0.3333333333333333,1.0,1.0,0.5,12,6,1,0,False,0.5,0.5,1.0,1.0,0,0.5,0,0,0,12,12,False
syn-47-balanced-019,47,balanced,full,endpoints_100m,"[""syn-47-balanced-019-d006"", ""syn-47-balanced-019-d010"", ""syn-47-balanced-019-d005"", ""syn-47-balanced-019-d007"", ""syn-47-balanced-019-d009"", ""syn-47-balanced-019-d008""]",0.3333333333333333,1.0,1.0,0.5,12,6,1,0,False,0.5,0.5,1.0,1.0,0,0.5,0,0,0,12,12,False
syn-47-balanced-019,47,balanced,full,route_100m,"[""syn-47-balanced-019-d006"", ""syn-47-balanced-019-d010"", ""syn-47-balanced-019-d005"", ""syn-47-balanced-019-d007"", ""syn-47-balanced-019-d009"", ""syn-47-balanced-019-d008""]",0.3333333333333333,1.0,1.0,0.5,12,6,1,0,False,0.5,0.5,1.0,1.0,0,0.5,0,0,0,12,12,False
syn-47-balanced-019,47,balanced,full,departure_5min,"[""syn-47-balanced-019-d006"", ""syn-47-balanced-019-d010"", ""syn-47-balanced-019-d005"", ""syn-47-balanced-019-d007"", ""syn-47-balanced-019-d009"", ""syn-47-balanced-019-d008""]",0.3333333333333333,1.0,1.0,0.5,12,6,1,0,False,0.5,0.5,1.0,1.0,0,0.5,0,0,0,12,12,False
syn-47-balanced-019,47,balanced,full,availability_25pct,"[""syn-47-balanced-019-d006"", ""syn-47-balanced-019-d010"", ""syn-47-balanced-019-d005"", ""syn-47-balanced-019-d007"", ""syn-47-balanced-019-d008""]",0.3333333333333333,1.0,1.0,0.4166666666666667,12,5,1,0,False,0.4166666666666667,0.45454545454545453,1.0,0.8333333333333334,0,0.5,0,0,0,11,12,False
syn-47-dense-000,47,dense,full,control,"[""syn-47-dense-000-d014"", ""syn-47-dense-000-d016"", ""syn-47-dense-000-d012"", ""syn-47-dense-000-d003"", ""syn-47-dense-000-d017"", ""syn-47-dense-000-d001"", ""syn-47-dense-000-d000"", ""syn-47-dense-000-d013"", ""syn-47-dense-000-d005"", ""syn-47-dense-000-d002"", ""syn-47-dense-000-d015"", ""syn-47-dense-000-d004""]",0.0,,,0.5,24,12,0,0,True,0.5,0.5,1.0,1.0,0,0.25,0,0,0,24,24,False
syn-47-dense-000,47,dense,full,endpoints_100m,"[""syn-47-dense-000-d014"", ""syn-47-dense-000-d016"", ""syn-47-dense-000-d012"", ""syn-47-dense-000-d003"", ""syn-47-dense-000-d017"", ""syn-47-dense-000-d001"", ""syn-47-dense-000-d000"", ""syn-47-dense-000-d013"", ""syn-47-dense-000-d005"", ""syn-47-dense-000-d002"", ""syn-47-dense-000-d015"", ""syn-47-dense-000-d004""]",0.0,,,0.5,24,12,0,0,True,0.5,0.5,1.0,1.0,0,0.25,0,0,0,24,24,False
syn-47-dense-000,47,dense,full,route_100m,"[""syn-47-dense-000-d014"", ""syn-47-dense-000-d016"", ""syn-47-dense-000-d012"", ""syn-47-dense-000-d003"", ""syn-47-dense-000-d017"", ""syn-47-dense-000-d013"", ""syn-47-dense-000-d001"", ""syn-47-dense-000-d000"", ""syn-47-dense-000-d005"", ""syn-47-dense-000-d002"", ""syn-47-dense-000-d015"", ""syn-47-dense-000-d004""]",0.0,,,0.5,24,12,0,0,True,0.5,0.5,1.0,1.0,0,0.25,0,0,0,24,24,False
syn-47-dense-000,47,dense,full,departure_5min,"[""syn-47-dense-000-d014"", ""syn-47-dense-000-d016"", ""syn-47-dense-000-d012"", ""syn-47-dense-000-d003"", ""syn-47-dense-000-d001"", ""syn-47-dense-000-d017"", ""syn-47-dense-000-d013"", ""syn-47-dense-000-d000"", ""syn-47-dense-000-d005"", ""syn-47-dense-000-d002"", ""syn-47-dense-000-d015"", ""syn-47-dense-000-d004""]",0.0,,,0.5,24,12,0,0,True,0.5,0.5,1.0,1.0,0,0.25,0,0,0,24,24,False
syn-47-dense-000,47,dense,full,availability_25pct,"[""syn-47-dense-000-d014"", ""syn-47-dense-000-d016"", ""syn-47-dense-000-d003"", ""syn-47-dense-000-d017"", ""syn-47-dense-000-d001"", ""syn-47-dense-000-d000"", ""syn-47-dense-000-d013"", ""syn-47-dense-000-d005"", ""syn-47-dense-000-d002"", ""syn-47-dense-000-d015"", ""syn-47-dense-000-d004""]",0.0,,,0.4583333333333333,24,11,0,0,True,0.4583333333333333,0.5,1.0,0.9166666666666666,0,0.25,0,0,0,22,24,False
syn-47-dense-001,47,dense,full,control,"[""syn-47-dense-001-d003"", ""syn-47-dense-001-d015"", ""syn-47-dense-001-d014"", ""syn-47-dense-001-d012"", ""syn-47-dense-001-d001"", ""syn-47-dense-001-d016"", ""syn-47-dense-001-d004"", ""syn-47-dense-001-d000"", ""syn-47-dense-001-d013"", ""syn-47-dense-001-d023"", ""syn-47-dense-001-d002"", ""syn-47-dense-001-d011""]",0.0,0.0,0.0,0.5,24,12,5,2,False,0.5,0.5,1.0,1.0,0,0.25,0,2,0,24,24,False
syn-47-dense-001,47,dense,full,endpoints_100m,"[""syn-47-dense-001-d003"", ""syn-47-dense-001-d014"", ""syn-47-dense-001-d015"", ""syn-47-dense-001-d012"", ""syn-47-dense-001-d001"", ""syn-47-dense-001-d016"", ""syn-47-dense-001-d004"", ""syn-47-dense-001-d000"", ""syn-47-dense-001-d013"", ""syn-47-dense-001-d023"", ""syn-47-dense-001-d002"", ""syn-47-dense-001-d011""]",0.0,0.0,0.0,0.5,24,12,5,2,False,0.5,0.5,1.0,1.0,0,0.25,0,2,0,24,24,False
syn-47-dense-001,47,dense,full,route_100m,"[""syn-47-dense-001-d003"", ""syn-47-dense-001-d015"", ""syn-47-dense-001-d014"", ""syn-47-dense-001-d012"", ""syn-47-dense-001-d001"", ""syn-47-dense-001-d016"", ""syn-47-dense-001-d004"", ""syn-47-dense-001-d000"", ""syn-47-dense-001-d013"", ""syn-47-dense-001-d023"", ""syn-47-dense-001-d002"", ""syn-47-dense-001-d011""]",0.0,0.0,0.0,0.5,24,12,5,2,False,0.5,0.5,1.0,1.0,0,0.25,0,2,0,24,24,False
syn-47-dense-001,47,dense,full,departure_5min,"[""syn-47-dense-001-d003"", ""syn-47-dense-001-d015"", ""syn-47-dense-001-d014"", ""syn-47-dense-001-d012"", ""syn-47-dense-001-d001"", ""syn-47-dense-001-d016"", ""syn-47-dense-001-d004"", ""syn-47-dense-001-d000"", ""syn-47-dense-001-d013"", ""syn-47-dense-001-d023"", ""syn-47-dense-001-d002"", ""syn-47-dense-001-d011""]",0.0,0.0,0.0,0.5,24,12,5,2,False,0.5,0.5,1.0,1.0,0,0.25,0,2,0,24,24,False
syn-47-dense-001,47,dense,full,availability_25pct,"[""syn-47-dense-001-d015"", ""syn-47-dense-001-d014"", ""syn-47-dense-001-d001"", ""syn-47-dense-001-d016"", ""syn-47-dense-001-d004"", ""syn-47-dense-001-d000"", ""syn-47-dense-001-d013"", ""syn-47-dense-001-d023"", ""syn-47-dense-001-d002"", ""syn-47-dense-001-d011""]",0.3333333333333333,0.2,0.23463936301137822,0.4166666666666667,24,10,5,1,False,0.4166666666666667,0.47619047619047616,1.0,0.8333333333333334,0,0.25,2,1,0,21,24,False
syn-47-dense-002,47,dense,full,control,"[""syn-47-dense-002-d014"", ""syn-47-dense-002-d023"", ""syn-47-dense-002-d010"", ""syn-47-dense-002-d013"", ""syn-47-dense-002-d003"", ""syn-47-dense-002-d015"", ""syn-47-dense-002-d001"", ""syn-47-dense-002-d011"", ""syn-47-dense-002-d000"", ""syn-47-dense-002-d012"", ""syn-47-dense-002-d002"", ""syn-47-dense-002-d022""]",0.3333333333333333,0.3333333333333333,0.46927872602275644,0.5,24,12,3,1,False,0.5,0.5,1.0,1.0,0,0.25,0,1,0,24,24,False
syn-47-dense-002,47,dense,full,endpoints_100m,"[""syn-47-dense-002-d010"", ""syn-47-dense-002-d023"", ""syn-47-dense-002-d014"", ""syn-47-dense-002-d013"", ""syn-47-dense-002-d003"", ""syn-47-dense-002-d015"", ""syn-47-dense-002-d001"", ""syn-47-dense-002-d011"", ""syn-47-dense-002-d000"", ""syn-47-dense-002-d012"", ""syn-47-dense-002-d002"", ""syn-47-dense-002-d022""]",0.3333333333333333,0.3333333333333333,0.23463936301137822,0.5,24,12,3,1,False,0.5,0.5,1.0,1.0,0,0.25,0,1,0,24,24,False
syn-47-dense-002,47,dense,full,route_100m,"[""syn-47-dense-002-d014"", ""syn-47-dense-002-d010"", ""syn-47-dense-002-d023"", ""syn-47-dense-002-d013"", ""syn-47-dense-002-d003"", ""syn-47-dense-002-d015"", ""syn-47-dense-002-d001"", ""syn-47-dense-002-d011"", ""syn-47-dense-002-d000"", ""syn-47-dense-002-d012"", ""syn-47-dense-002-d002"", ""syn-47-dense-002-d022""]",0.3333333333333333,0.3333333333333333,0.46927872602275644,0.5,24,12,3,1,False,0.5,0.5,1.0,1.0,0,0.25,0,1,0,24,24,False
syn-47-dense-002,47,dense,full,departure_5min,"[""syn-47-dense-002-d014"", ""syn-47-dense-002-d023"", ""syn-47-dense-002-d010"", ""syn-47-dense-002-d013"", ""syn-47-dense-002-d003"", ""syn-47-dense-002-d001"", ""syn-47-dense-002-d015"", ""syn-47-dense-002-d011"", ""syn-47-dense-002-d000"", ""syn-47-dense-002-d012"", ""syn-47-dense-002-d002"", ""syn-47-dense-002-d022""]",0.3333333333333333,0.3333333333333333,0.46927872602275644,0.5,24,12,3,1,False,0.5,0.5,1.0,1.0,0,0.25,0,1,0,24,24,False
syn-47-dense-002,47,dense,full,availability_25pct,"[""syn-47-dense-002-d014"", ""syn-47-dense-002-d023"", ""syn-47-dense-002-d010"", ""syn-47-dense-002-d013"", ""syn-47-dense-002-d003"", ""syn-47-dense-002-d015"", ""syn-47-dense-002-d001"", ""syn-47-dense-002-d011"", ""syn-47-dense-002-d000"", ""syn-47-dense-002-d012"", ""syn-47-dense-002-d002"", ""syn-47-dense-002-d022""]",0.3333333333333333,0.3333333333333333,0.46927872602275644,0.5,24,12,3,1,False,0.5,0.6,1.0,1.0,0,0.25,0,1,0,20,24,False
syn-47-dense-003,47,dense,full,control,"[""syn-47-dense-003-d021"", ""syn-47-dense-003-d013"", ""syn-47-dense-003-d009"", ""syn-47-dense-003-d001"", ""syn-47-dense-003-d002"", ""syn-47-dense-003-d022"", ""syn-47-dense-003-d014"", ""syn-47-dense-003-d000"", ""syn-47-dense-003-d012"", ""syn-47-dense-003-d023"", ""syn-47-dense-003-d010"", ""syn-47-dense-003-d011""]",0.0,0.0,0.0,0.5,24,12,9,4,False,0.5,0.5,1.0,1.0,0,0.25,0,4,0,24,24,False
syn-47-dense-003,47,dense,full,endpoints_100m,"[""syn-47-dense-003-d021"", ""syn-47-dense-003-d013"", ""syn-47-dense-003-d009"", ""syn-47-dense-003-d001"", ""syn-47-dense-003-d002"", ""syn-47-dense-003-d014"", ""syn-47-dense-003-d022"", ""syn-47-dense-003-d000"", ""syn-47-dense-003-d023"", ""syn-47-dense-003-d012"", ""syn-47-dense-003-d010"", ""syn-47-dense-003-d011""]",0.0,0.0,0.0,0.5,24,12,9,4,False,0.5,0.5,1.0,1.0,0,0.25,0,4,0,24,24,False
syn-47-dense-003,47,dense,full,route_100m,"[""syn-47-dense-003-d021"", ""syn-47-dense-003-d013"", ""syn-47-dense-003-d009"", ""syn-47-dense-003-d001"", ""syn-47-dense-003-d002"", ""syn-47-dense-003-d014"", ""syn-47-dense-003-d022"", ""syn-47-dense-003-d000"", ""syn-47-dense-003-d012"", ""syn-47-dense-003-d023"", ""syn-47-dense-003-d010"", ""syn-47-dense-003-d011""]",0.0,0.0,0.0,0.5,24,12,9,4,False,0.5,0.5,1.0,1.0,0,0.25,0,4,0,24,24,False
syn-47-dense-003,47,dense,full,departure_5min,"[""syn-47-dense-003-d021"", ""syn-47-dense-003-d013"", ""syn-47-dense-003-d009"", ""syn-47-dense-003-d001"", ""syn-47-dense-003-d002"", ""syn-47-dense-003-d022"", ""syn-47-dense-003-d014"", ""syn-47-dense-003-d000"", ""syn-47-dense-003-d012"", ""syn-47-dense-003-d023"", ""syn-47-dense-003-d010"", ""syn-47-dense-003-d011""]",0.0,0.0,0.0,0.5,24,12,9,4,False,0.5,0.5,1.0,1.0,0,0.25,0,4,0,24,24,False
syn-47-dense-003,47,dense,full,availability_25pct,"[""syn-47-dense-003-d021"", ""syn-47-dense-003-d013"", ""syn-47-dense-003-d009"", ""syn-47-dense-003-d001"", ""syn-47-dense-003-d002"", ""syn-47-dense-003-d022"", ""syn-47-dense-003-d000"", ""syn-47-dense-003-d023"", ""syn-47-dense-003-d010"", ""syn-47-dense-003-d011""]",0.0,0.0,0.0,0.4166666666666667,24,10,9,4,False,0.4166666666666667,0.5882352941176471,1.0,0.8333333333333334,0,0.25,1,4,0,17,24,False
syn-47-dense-004,47,dense,full,control,"[""syn-47-dense-004-d001"", ""syn-47-dense-004-d009"", ""syn-47-dense-004-d022"", ""syn-47-dense-004-d020"", ""syn-47-dense-004-d010"", ""syn-47-dense-004-d023"", ""syn-47-dense-004-d000"", ""syn-47-dense-004-d021"", ""syn-47-dense-004-d008"", ""syn-47-dense-004-d011"", ""syn-47-dense-004-d013"", ""syn-47-dense-004-d012""]",0.6666666666666666,0.25,0.5307212739772434,0.5,24,12,8,2,False,0.5,0.5,1.0,1.0,0,0.25,0,2,0,24,24,False
syn-47-dense-004,47,dense,full,endpoints_100m,"[""syn-47-dense-004-d001"", ""syn-47-dense-004-d009"", ""syn-47-dense-004-d022"", ""syn-47-dense-004-d010"", ""syn-47-dense-004-d020"", ""syn-47-dense-004-d000"", ""syn-47-dense-004-d023"", ""syn-47-dense-004-d021"", ""syn-47-dense-004-d008"", ""syn-47-dense-004-d011"", ""syn-47-dense-004-d013"", ""syn-47-dense-004-d012""]",0.6666666666666666,0.25,0.5307212739772434,0.5,24,12,8,2,False,0.5,0.5,1.0,1.0,0,0.25,0,2,0,24,24,False
syn-47-dense-004,47,dense,full,route_100m,"[""syn-47-dense-004-d009"", ""syn-47-dense-004-d022"", ""syn-47-dense-004-d001"", ""syn-47-dense-004-d023"", ""syn-47-dense-004-d020"", ""syn-47-dense-004-d010"", ""syn-47-dense-004-d000"", ""syn-47-dense-004-d021"", ""syn-47-dense-004-d008"", ""syn-47-dense-004-d011"", ""syn-47-dense-004-d013"", ""syn-47-dense-004-d012""]",0.6666666666666666,0.25,0.7653606369886217,0.5,24,12,8,2,False,0.5,0.5,1.0,1.0,0,0.25,0,2,0,24,24,False
syn-47-dense-004,47,dense,full,departure_5min,"[""syn-47-dense-004-d001"", ""syn-47-dense-004-d022"", ""syn-47-dense-004-d009"", ""syn-47-dense-004-d020"", ""syn-47-dense-004-d010"", ""syn-47-dense-004-d023"", ""syn-47-dense-004-d000"", ""syn-47-dense-004-d008"", ""syn-47-dense-004-d021"", ""syn-47-dense-004-d011"", ""syn-47-dense-004-d013"", ""syn-47-dense-004-d012""]",0.6666666666666666,0.25,0.5307212739772434,0.5,24,12,8,2,False,0.5,0.5,1.0,1.0,0,0.25,0,2,0,24,24,False
syn-47-dense-004,47,dense,full,availability_25pct,"[""syn-47-dense-004-d001"", ""syn-47-dense-004-d022"", ""syn-47-dense-004-d010"", ""syn-47-dense-004-d023"", ""syn-47-dense-004-d000"", ""syn-47-dense-004-d021"", ""syn-47-dense-004-d008"", ""syn-47-dense-004-d011"", ""syn-47-dense-004-d013"", ""syn-47-dense-004-d012""]",0.6666666666666666,0.25,0.5307212739772434,0.4166666666666667,24,10,8,2,False,0.4166666666666667,0.5263157894736842,1.0,0.8333333333333334,0,0.25,2,2,0,19,24,False
syn-47-dense-005,47,dense,full,control,"[""syn-47-dense-005-d007"", ""syn-47-dense-005-d008"", ""syn-47-dense-005-d009"", ""syn-47-dense-005-d010"", ""syn-47-dense-005-d020"", ""syn-47-dense-005-d000"", ""syn-47-dense-005-d011"", ""syn-47-dense-005-d019"", ""syn-47-dense-005-d022"", ""syn-47-dense-005-d021"", ""syn-47-dense-005-d012"", ""syn-47-dense-005-d023""]",1.0,0.375,1.0,0.5,24,12,8,2,False,0.5,0.5,1.0,1.0,0,0.25,0,2,0,24,24,False
syn-47-dense-005,47,dense,full,endpoints_100m,"[""syn-47-dense-005-d007"", ""syn-47-dense-005-d008"", ""syn-47-dense-005-d009"", ""syn-47-dense-005-d010"", ""syn-47-dense-005-d020"", ""syn-47-dense-005-d000"", ""syn-47-dense-005-d019"", ""syn-47-dense-005-d011"", ""syn-47-dense-005-d022"", ""syn-47-dense-005-d021"", ""syn-47-dense-005-d012"", ""syn-47-dense-005-d023""]",1.0,0.375,1.0,0.5,24,12,8,2,False,0.5,0.5,1.0,1.0,0,0.25,0,2,0,24,24,False
syn-47-dense-005,47,dense,full,route_100m,"[""syn-47-dense-005-d007"", ""syn-47-dense-005-d008"", ""syn-47-dense-005-d009"", ""syn-47-dense-005-d020"", ""syn-47-dense-005-d010"", ""syn-47-dense-005-d000"", ""syn-47-dense-005-d011"", ""syn-47-dense-005-d019"", ""syn-47-dense-005-d022"", ""syn-47-dense-005-d021"", ""syn-47-dense-005-d012"", ""syn-47-dense-005-d023""]",1.0,0.375,1.0,0.5,24,12,8,2,False,0.5,0.5,1.0,1.0,0,0.25,0,2,0,24,24,False
syn-47-dense-005,47,dense,full,departure_5min,"[""syn-47-dense-005-d007"", ""syn-47-dense-005-d008"", ""syn-47-dense-005-d009"", ""syn-47-dense-005-d010"", ""syn-47-dense-005-d020"", ""syn-47-dense-005-d000"", ""syn-47-dense-005-d019"", ""syn-47-dense-005-d022"", ""syn-47-dense-005-d011"", ""syn-47-dense-005-d021"", ""syn-47-dense-005-d023"", ""syn-47-dense-005-d012""]",1.0,0.375,1.0,0.5,24,12,8,2,False,0.5,0.5,1.0,1.0,0,0.25,0,2,0,24,24,False
syn-47-dense-005,47,dense,full,availability_25pct,"[""syn-47-dense-005-d007"", ""syn-47-dense-005-d008"", ""syn-47-dense-005-d010"", ""syn-47-dense-005-d020"", ""syn-47-dense-005-d000"", ""syn-47-dense-005-d011"", ""syn-47-dense-005-d019"", ""syn-47-dense-005-d022"", ""syn-47-dense-005-d023""]",0.6666666666666666,0.25,0.7653606369886217,0.375,24,9,8,2,False,0.375,0.5,1.0,0.75,0,0.25,1,2,0,18,24,False
syn-47-dense-006,47,dense,full,control,"[""syn-47-dense-006-d020"", ""syn-47-dense-006-d019"", ""syn-47-dense-006-d021"", ""syn-47-dense-006-d023"", ""syn-47-dense-006-d010"", ""syn-47-dense-006-d006"", ""syn-47-dense-006-d007"", ""syn-47-dense-006-d009"", ""syn-47-dense-006-d008"", ""syn-47-dense-006-d011"", ""syn-47-dense-006-d022"", ""syn-47-dense-006-d018""]",0.3333333333333333,0.125,0.23463936301137822,0.5,24,12,8,4,False,0.5,0.5,1.0,1.0,0,0.25,0,4,0,24,24,False
syn-47-dense-006,47,dense,full,endpoints_100m,"[""syn-47-dense-006-d020"", ""syn-47-dense-006-d019"", ""syn-47-dense-006-d021"", ""syn-47-dense-006-d010"", ""syn-47-dense-006-d023"", ""syn-47-dense-006-d006"", ""syn-47-dense-006-d007"", ""syn-47-dense-006-d009"", ""syn-47-dense-006-d008"", ""syn-47-dense-006-d011"", ""syn-47-dense-006-d022"", ""syn-47-dense-006-d018""]",0.3333333333333333,0.125,0.23463936301137822,0.5,24,12,8,4,False,0.5,0.5,1.0,1.0,0,0.25,0,4,0,24,24,False
syn-47-dense-006,47,dense,full,route_100m,"[""syn-47-dense-006-d020"", ""syn-47-dense-006-d019"", ""syn-47-dense-006-d021"", ""syn-47-dense-006-d023"", ""syn-47-dense-006-d010"", ""syn-47-dense-006-d006"", ""syn-47-dense-006-d007"", ""syn-47-dense-006-d009"", ""syn-47-dense-006-d008"", ""syn-47-dense-006-d011"", ""syn-47-dense-006-d022"", ""syn-47-dense-006-d018""]",0.3333333333333333,0.125,0.23463936301137822,0.5,24,12,8,4,False,0.5,0.5,1.0,1.0,0,0.25,0,4,0,24,24,False
syn-47-dense-006,47,dense,full,departure_5min,"[""syn-47-dense-006-d020"", ""syn-47-dense-006-d019"", ""syn-47-dense-006-d021"", ""syn-47-dense-006-d010"", ""syn-47-dense-006-d023"", ""syn-47-dense-006-d006"", ""syn-47-dense-006-d007"", ""syn-47-dense-006-d009"", ""syn-47-dense-006-d008"", ""syn-47-dense-006-d011"", ""syn-47-dense-006-d022"", ""syn-47-dense-006-d018""]",0.3333333333333333,0.125,0.23463936301137822,0.5,24,12,8,4,False,0.5,0.5,1.0,1.0,0,0.25,0,4,0,24,24,False
syn-47-dense-006,47,dense,full,availability_25pct,"[""syn-47-dense-006-d020"", ""syn-47-dense-006-d019"", ""syn-47-dense-006-d023"", ""syn-47-dense-006-d010"", ""syn-47-dense-006-d006"", ""syn-47-dense-006-d007"", ""syn-47-dense-006-d009"", ""syn-47-dense-006-d008"", ""syn-47-dense-006-d011"", ""syn-47-dense-006-d022"", ""syn-47-dense-006-d018""]",0.0,0.0,0.0,0.4583333333333333,24,11,8,4,False,0.4583333333333333,0.4782608695652174,1.0,0.9166666666666666,0,0.25,1,4,0,23,24,False
syn-47-dense-007,47,dense,full,control,"[""syn-47-dense-007-d022"", ""syn-47-dense-007-d021"", ""syn-47-dense-007-d005"", ""syn-47-dense-007-d007"", ""syn-47-dense-007-d020"", ""syn-47-dense-007-d018"", ""syn-47-dense-007-d017"", ""syn-47-dense-007-d019"", ""syn-47-dense-007-d010"", ""syn-47-dense-007-d008"", ""syn-47-dense-007-d006"", ""syn-47-dense-007-d009""]",1.0,0.23076923076923078,1.0,0.5,24,12,13,4,False,0.5,0.5,1.0,1.0,0,0.25,0,4,0,24,24,False
syn-47-dense-007,47,dense,full,endpoints_100m,"[""syn-47-dense-007-d022"", ""syn-47-dense-007-d021"", ""syn-47-dense-007-d005"", ""syn-47-dense-007-d007"", ""syn-47-dense-007-d020"", ""syn-47-dense-007-d018"", ""syn-47-dense-007-d017"", ""syn-47-dense-007-d010"", ""syn-47-dense-007-d019"", ""syn-47-dense-007-d008"", ""syn-47-dense-007-d006"", ""syn-47-dense-007-d009""]",1.0,0.23076923076923078,1.0,0.5,24,12,13,4,False,0.5,0.5,1.0,1.0,0,0.25,0,4,0,24,24,False
syn-47-dense-007,47,dense,full,route_100m,"[""syn-47-dense-007-d022"", ""syn-47-dense-007-d021"", ""syn-47-dense-007-d005"", ""syn-47-dense-007-d007"", ""syn-47-dense-007-d020"", ""syn-47-dense-007-d018"", ""syn-47-dense-007-d019"", ""syn-47-dense-007-d017"", ""syn-47-dense-007-d010"", ""syn-47-dense-007-d008"", ""syn-47-dense-007-d006"", ""syn-47-dense-007-d009""]",1.0,0.23076923076923078,1.0,0.5,24,12,13,4,False,0.5,0.5,1.0,1.0,0,0.25,0,4,0,24,24,False
syn-47-dense-007,47,dense,full,departure_5min,"[""syn-47-dense-007-d022"", ""syn-47-dense-007-d021"", ""syn-47-dense-007-d005"", ""syn-47-dense-007-d007"", ""syn-47-dense-007-d020"", ""syn-47-dense-007-d018"", ""syn-47-dense-007-d017"", ""syn-47-dense-007-d010"", ""syn-47-dense-007-d019"", ""syn-47-dense-007-d008"", ""syn-47-dense-007-d006"", ""syn-47-dense-007-d009""]",1.0,0.23076923076923078,1.0,0.5,24,12,13,4,False,0.5,0.5,1.0,1.0,0,0.25,0,4,0,24,24,False
syn-47-dense-007,47,dense,full,availability_25pct,"[""syn-47-dense-007-d021"", ""syn-47-dense-007-d005"", ""syn-47-dense-007-d007"", ""syn-47-dense-007-d020"", ""syn-47-dense-007-d008""]",0.6666666666666666,0.15384615384615385,0.7653606369886217,0.20833333333333334,24,5,13,4,False,0.20833333333333334,0.3125,1.0,0.4166666666666667,0,0.25,5,4,0,16,24,False
syn-47-dense-008,47,dense,full,control,"[""syn-47-dense-008-d004"", ""syn-47-dense-008-d019"", ""syn-47-dense-008-d009"", ""syn-47-dense-008-d018"", ""syn-47-dense-008-d006"", ""syn-47-dense-008-d007"", ""syn-47-dense-008-d017"", ""syn-47-dense-008-d020"", ""syn-47-dense-008-d016"", ""syn-47-dense-008-d005"", ""syn-47-dense-008-d021"", ""syn-47-dense-008-d008""]",0.6666666666666666,0.5,0.7039180890341347,0.5,24,12,4,2,False,0.5,0.5,1.0,1.0,0,0.25,0,2,0,24,24,False
syn-47-dense-008,47,dense,full,endpoints_100m,"[""syn-47-dense-008-d004"", ""syn-47-dense-008-d019"", ""syn-47-dense-008-d009"", ""syn-47-dense-008-d018"", ""syn-47-dense-008-d006"", ""syn-47-dense-008-d007"", ""syn-47-dense-008-d020"", ""syn-47-dense-008-d017"", ""syn-47-dense-008-d016"", ""syn-47-dense-008-d005"", ""syn-47-dense-008-d008"", ""syn-47-dense-008-d021""]",0.6666666666666666,0.5,0.7039180890341347,0.5,24,12,4,2,False,0.5,0.5,1.0,1.0,0,0.25,0,2,0,24,24,False
syn-47-dense-008,47,dense,full,route_100m,"[""syn-47-dense-008-d004"", ""syn-47-dense-008-d019"", ""syn-47-dense-008-d009"", ""syn-47-dense-008-d018"", ""syn-47-dense-008-d006"", ""syn-47-dense-008-d007"", ""syn-47-dense-008-d017"", ""syn-47-dense-008-d020"", ""syn-47-dense-008-d016"", ""syn-47-dense-008-d005"", ""syn-47-dense-008-d021"", ""syn-47-dense-008-d008""]",0.6666666666666666,0.5,0.7039180890341347,0.5,24,12,4,2,False,0.5,0.5,1.0,1.0,0,0.25,0,2,0,24,24,False
syn-47-dense-008,47,dense,full,departure_5min,"[""syn-47-dense-008-d004"", ""syn-47-dense-008-d019"", ""syn-47-dense-008-d009"", ""syn-47-dense-008-d018"", ""syn-47-dense-008-d006"", ""syn-47-dense-008-d017"", ""syn-47-dense-008-d007"", ""syn-47-dense-008-d020"", ""syn-47-dense-008-d016"", ""syn-47-dense-008-d005"", ""syn-47-dense-008-d008"", ""syn-47-dense-008-d021""]",0.6666666666666666,0.5,0.7039180890341347,0.5,24,12,4,2,False,0.5,0.5,1.0,1.0,0,0.25,0,2,0,24,24,False
syn-47-dense-008,47,dense,full,availability_25pct,"[""syn-47-dense-008-d004"", ""syn-47-dense-008-d019"", ""syn-47-dense-008-d009"", ""syn-47-dense-008-d018"", ""syn-47-dense-008-d006"", ""syn-47-dense-008-d007"", ""syn-47-dense-008-d017"", ""syn-47-dense-008-d020"", ""syn-47-dense-008-d016"", ""syn-47-dense-008-d005"", ""syn-47-dense-008-d021""]",0.6666666666666666,0.5,0.7039180890341347,0.4583333333333333,24,11,4,1,False,0.4583333333333333,0.6111111111111112,1.0,0.9166666666666666,0,0.25,1,1,0,18,24,False
syn-47-dense-009,47,dense,full,control,"[""syn-47-dense-009-d020"", ""syn-47-dense-009-d016"", ""syn-47-dense-009-d003"", ""syn-47-dense-009-d005"", ""syn-47-dense-009-d017"", ""syn-47-dense-009-d004"", ""syn-47-dense-009-d018"", ""syn-47-dense-009-d008"", ""syn-47-dense-009-d019"", ""syn-47-dense-009-d015"", ""syn-47-dense-009-d007"", ""syn-47-dense-009-d006""]",0.6666666666666666,0.16666666666666666,0.7653606369886217,0.5,24,12,12,5,False,0.5,0.5,1.0,1.0,0,0.25,0,5,0,24,24,False
syn-47-dense-009,47,dense,full,endpoints_100m,"[""syn-47-dense-009-d020"", ""syn-47-dense-009-d016"", ""syn-47-dense-009-d003"", ""syn-47-dense-009-d005"", ""syn-47-dense-009-d017"", ""syn-47-dense-009-d018"", ""syn-47-dense-009-d004"", ""syn-47-dense-009-d019"", ""syn-47-dense-009-d008"", ""syn-47-dense-009-d015"", ""syn-47-dense-009-d007"", ""syn-47-dense-009-d006""]",0.6666666666666666,0.16666666666666666,0.7653606369886217,0.5,24,12,12,5,False,0.5,0.5,1.0,1.0,0,0.25,0,5,0,24,24,False
syn-47-dense-009,47,dense,full,route_100m,"[""syn-47-dense-009-d020"", ""syn-47-dense-009-d016"", ""syn-47-dense-009-d003"", ""syn-47-dense-009-d005"", ""syn-47-dense-009-d017"", ""syn-47-dense-009-d018"", ""syn-47-dense-009-d004"", ""syn-47-dense-009-d008"", ""syn-47-dense-009-d019"", ""syn-47-dense-009-d015"", ""syn-47-dense-009-d007"", ""syn-47-dense-009-d006""]",0.6666666666666666,0.16666666666666666,0.7653606369886217,0.5,24,12,12,5,False,0.5,0.5,1.0,1.0,0,0.25,0,5,0,24,24,False
syn-47-dense-009,47,dense,full,departure_5min,"[""syn-47-dense-009-d020"", ""syn-47-dense-009-d016"", ""syn-47-dense-009-d003"", ""syn-47-dense-009-d005"", ""syn-47-dense-009-d017"", ""syn-47-dense-009-d018"", ""syn-47-dense-009-d004"", ""syn-47-dense-009-d019"", ""syn-47-dense-009-d008"", ""syn-47-dense-009-d015"", ""syn-47-dense-009-d007"", ""syn-47-dense-009-d006""]",0.6666666666666666,0.16666666666666666,0.7653606369886217,0.5,24,12,12,5,False,0.5,0.5,1.0,1.0,0,0.25,0,5,0,24,24,False
syn-47-dense-009,47,dense,full,availability_25pct,"[""syn-47-dense-009-d020"", ""syn-47-dense-009-d003"", ""syn-47-dense-009-d005"", ""syn-47-dense-009-d017"", ""syn-47-dense-009-d004"", ""syn-47-dense-009-d018"", ""syn-47-dense-009-d008"", ""syn-47-dense-009-d019"", ""syn-47-dense-009-d015"", ""syn-47-dense-009-d007"", ""syn-47-dense-009-d006""]",0.3333333333333333,0.08333333333333333,0.46927872602275644,0.4583333333333333,24,11,12,4,False,0.4583333333333333,0.5238095238095238,1.0,0.9166666666666666,0,0.25,2,4,0,21,24,False
syn-47-dense-010,47,dense,full,control,"[""syn-47-dense-010-d006"", ""syn-47-dense-010-d005"", ""syn-47-dense-010-d015"", ""syn-47-dense-010-d002"", ""syn-47-dense-010-d019"", ""syn-47-dense-010-d014"", ""syn-47-dense-010-d016"", ""syn-47-dense-010-d007"", ""syn-47-dense-010-d003"", ""syn-47-dense-010-d017"", ""syn-47-dense-010-d018"", ""syn-47-dense-010-d004""]",0.0,,,0.5,24,12,0,0,True,0.5,0.5,1.0,1.0,0,0.25,0,0,0,24,24,False
syn-47-dense-010,47,dense,full,endpoints_100m,"[""syn-47-dense-010-d006"", ""syn-47-dense-010-d005"", ""syn-47-dense-010-d015"", ""syn-47-dense-010-d002"", ""syn-47-dense-010-d019"", ""syn-47-dense-010-d014"", ""syn-47-dense-010-d016"", ""syn-47-dense-010-d007"", ""syn-47-dense-010-d003"", ""syn-47-dense-010-d018"", ""syn-47-dense-010-d017"", ""syn-47-dense-010-d004""]",0.0,,,0.5,24,12,0,0,True,0.5,0.5,1.0,1.0,0,0.25,0,0,0,24,24,False
syn-47-dense-010,47,dense,full,route_100m,"[""syn-47-dense-010-d006"", ""syn-47-dense-010-d005"", ""syn-47-dense-010-d015"", ""syn-47-dense-010-d002"", ""syn-47-dense-010-d019"", ""syn-47-dense-010-d014"", ""syn-47-dense-010-d016"", ""syn-47-dense-010-d007"", ""syn-47-dense-010-d003"", ""syn-47-dense-010-d017"", ""syn-47-dense-010-d018"", ""syn-47-dense-010-d004""]",0.0,,,0.5,24,12,0,0,True,0.5,0.5,1.0,1.0,0,0.25,0,0,0,24,24,False
syn-47-dense-010,47,dense,full,departure_5min,"[""syn-47-dense-010-d006"", ""syn-47-dense-010-d005"", ""syn-47-dense-010-d015"", ""syn-47-dense-010-d002"", ""syn-47-dense-010-d019"", ""syn-47-dense-010-d014"", ""syn-47-dense-010-d016"", ""syn-47-dense-010-d007"", ""syn-47-dense-010-d003"", ""syn-47-dense-010-d017"", ""syn-47-dense-010-d018"", ""syn-47-dense-010-d004""]",0.0,,,0.5,24,12,0,0,True,0.5,0.5,1.0,1.0,0,0.25,0,0,0,24,24,False
syn-47-dense-010,47,dense,full,availability_25pct,"[""syn-47-dense-010-d006"", ""syn-47-dense-010-d005"", ""syn-47-dense-010-d015"", ""syn-47-dense-010-d002"", ""syn-47-dense-010-d016"", ""syn-47-dense-010-d007"", ""syn-47-dense-010-d003"", ""syn-47-dense-010-d017"", ""syn-47-dense-010-d004""]",0.0,,,0.375,24,9,0,0,True,0.375,0.5625,1.0,0.75,0,0.25,0,0,0,16,24,False
syn-47-dense-011,47,dense,full,control,"[""syn-47-dense-011-d015"", ""syn-47-dense-011-d018"", ""syn-47-dense-011-d002"", ""syn-47-dense-011-d006"", ""syn-47-dense-011-d001"", ""syn-47-dense-011-d005"", ""syn-47-dense-011-d013"", ""syn-47-dense-011-d016"", ""syn-47-dense-011-d014"", ""syn-47-dense-011-d017"", ""syn-47-dense-011-d004"", ""syn-47-dense-011-d003""]",0.0,0.0,0.0,0.5,24,12,8,5,False,0.5,0.5,1.0,1.0,0,0.25,0,5,0,24,24,False
syn-47-dense-011,47,dense,full,endpoints_100m,"[""syn-47-dense-011-d015"", ""syn-47-dense-011-d018"", ""syn-47-dense-011-d002"", ""syn-47-dense-011-d001"", ""syn-47-dense-011-d006"", ""syn-47-dense-011-d005"", ""syn-47-dense-011-d013"", ""syn-47-dense-011-d016"", ""syn-47-dense-011-d014"", ""syn-47-dense-011-d017"", ""syn-47-dense-011-d004"", ""syn-47-dense-011-d003""]",0.0,0.0,0.0,0.5,24,12,8,5,False,0.5,0.5,1.0,1.0,0,0.25,0,5,0,24,24,False
syn-47-dense-011,47,dense,full,route_100m,"[""syn-47-dense-011-d015"", ""syn-47-dense-011-d018"", ""syn-47-dense-011-d002"", ""syn-47-dense-011-d005"", ""syn-47-dense-011-d006"", ""syn-47-dense-011-d001"", ""syn-47-dense-011-d013"", ""syn-47-dense-011-d016"", ""syn-47-dense-011-d014"", ""syn-47-dense-011-d017"", ""syn-47-dense-011-d004"", ""syn-47-dense-011-d003""]",0.0,0.0,0.0,0.5,24,12,8,5,False,0.5,0.5,1.0,1.0,0,0.25,0,5,0,24,24,False
syn-47-dense-011,47,dense,full,departure_5min,"[""syn-47-dense-011-d015"", ""syn-47-dense-011-d018"", ""syn-47-dense-011-d002"", ""syn-47-dense-011-d006"", ""syn-47-dense-011-d001"", ""syn-47-dense-011-d005"", ""syn-47-dense-011-d013"", ""syn-47-dense-011-d016"", ""syn-47-dense-011-d014"", ""syn-47-dense-011-d017"", ""syn-47-dense-011-d004"", ""syn-47-dense-011-d003""]",0.0,0.0,0.0,0.5,24,12,8,5,False,0.5,0.5,1.0,1.0,0,0.25,0,5,0,24,24,False
syn-47-dense-011,47,dense,full,availability_25pct,"[""syn-47-dense-011-d015"", ""syn-47-dense-011-d018"", ""syn-47-dense-011-d002"", ""syn-47-dense-011-d006"", ""syn-47-dense-011-d001"", ""syn-47-dense-011-d005"", ""syn-47-dense-011-d013"", ""syn-47-dense-011-d016"", ""syn-47-dense-011-d014"", ""syn-47-dense-011-d017"", ""syn-47-dense-011-d004"", ""syn-47-dense-011-d003""]",0.0,0.0,0.0,0.5,24,12,8,4,False,0.5,0.5714285714285714,1.0,1.0,0,0.25,1,4,0,21,24,False
syn-47-dense-012,47,dense,full,control,"[""syn-47-dense-012-d012"", ""syn-47-dense-012-d017"", ""syn-47-dense-012-d000"", ""syn-47-dense-012-d004"", ""syn-47-dense-012-d001"", ""syn-47-dense-012-d014"", ""syn-47-dense-012-d015"", ""syn-47-dense-012-d013"", ""syn-47-dense-012-d005"", ""syn-47-dense-012-d016"", ""syn-47-dense-012-d003"", ""syn-47-dense-012-d002""]",0.6666666666666666,1.0,0.6934264036172708,0.5,24,12,2,0,False,0.5,0.5,1.0,1.0,0,0.25,0,0,0,24,24,False
syn-47-dense-012,47,dense,full,endpoints_100m,"[""syn-47-dense-012-d012"", ""syn-47-dense-012-d017"", ""syn-47-dense-012-d000"", ""syn-47-dense-012-d004"", ""syn-47-dense-012-d001"", ""syn-47-dense-012-d014"", ""syn-47-dense-012-d015"", ""syn-47-dense-012-d005"", ""syn-47-dense-012-d013"", ""syn-47-dense-012-d002"", ""syn-47-dense-012-d016"", ""syn-47-dense-012-d003""]",0.6666666666666666,1.0,0.6934264036172708,0.5,24,12,2,0,False,0.5,0.5,1.0,1.0,0,0.25,0,0,0,24,24,False
syn-47-dense-012,47,dense,full,route_100m,"[""syn-47-dense-012-d012"", ""syn-47-dense-012-d017"", ""syn-47-dense-012-d000"", ""syn-47-dense-012-d004"", ""syn-47-dense-012-d001"", ""syn-47-dense-012-d015"", ""syn-47-dense-012-d014"", ""syn-47-dense-012-d013"", ""syn-47-dense-012-d005"", ""syn-47-dense-012-d016"", ""syn-47-dense-012-d003"", ""syn-47-dense-012-d002""]",0.6666666666666666,1.0,0.6934264036172708,0.5,24,12,2,0,False,0.5,0.5,1.0,1.0,0,0.25,0,0,0,24,24,False
syn-47-dense-012,47,dense,full,departure_5min,"[""syn-47-dense-012-d012"", ""syn-47-dense-012-d017"", ""syn-47-dense-012-d000"", ""syn-47-dense-012-d004"", ""syn-47-dense-012-d001"", ""syn-47-dense-012-d014"", ""syn-47-dense-012-d015"", ""syn-47-dense-012-d013"", ""syn-47-dense-012-d005"", ""syn-47-dense-012-d002"", ""syn-47-dense-012-d016"", ""syn-47-dense-012-d003""]",0.6666666666666666,1.0,0.6934264036172708,0.5,24,12,2,0,False,0.5,0.5,1.0,1.0,0,0.25,0,0,0,24,24,False
syn-47-dense-012,47,dense,full,availability_25pct,"[""syn-47-dense-012-d017"", ""syn-47-dense-012-d000"", ""syn-47-dense-012-d015"", ""syn-47-dense-012-d013"", ""syn-47-dense-012-d005"", ""syn-47-dense-012-d003"", ""syn-47-dense-012-d002""]",0.6666666666666666,1.0,1.0,0.2916666666666667,24,7,2,0,False,0.2916666666666667,0.5833333333333334,1.0,0.5833333333333334,0,0.25,0,0,0,12,24,False
syn-47-dense-013,47,dense,full,control,"[""syn-47-dense-013-d003"", ""syn-47-dense-013-d015"", ""syn-47-dense-013-d012"", ""syn-47-dense-013-d016"", ""syn-47-dense-013-d011"", ""syn-47-dense-013-d023"", ""syn-47-dense-013-d002"", ""syn-47-dense-013-d014"", ""syn-47-dense-013-d000"", ""syn-47-dense-013-d013"", ""syn-47-dense-013-d004"", ""syn-47-dense-013-d001""]",1.0,0.2727272727272727,1.0,0.5,24,12,11,1,False,0.5,0.5,1.0,1.0,0,0.25,0,1,0,24,24,False
syn-47-dense-013,47,dense,full,endpoints_100m,"[""syn-47-dense-013-d003"", ""syn-47-dense-013-d012"", ""syn-47-dense-013-d015"", ""syn-47-dense-013-d016"", ""syn-47-dense-013-d011"", ""syn-47-dense-013-d023"", ""syn-47-dense-013-d002"", ""syn-47-dense-013-d014"", ""syn-47-dense-013-d000"", ""syn-47-dense-013-d013"", ""syn-47-dense-013-d004"", ""syn-47-dense-013-d001""]",1.0,0.2727272727272727,1.0,0.5,24,12,11,1,False,0.5,0.5,1.0,1.0,0,0.25,0,1,0,24,24,False
syn-47-dense-013,47,dense,full,route_100m,"[""syn-47-dense-013-d003"", ""syn-47-dense-013-d015"", ""syn-47-dense-013-d012"", ""syn-47-dense-013-d016"", ""syn-47-dense-013-d011"", ""syn-47-dense-013-d023"", ""syn-47-dense-013-d002"", ""syn-47-dense-013-d014"", ""syn-47-dense-013-d000"", ""syn-47-dense-013-d004"", ""syn-47-dense-013-d013"", ""syn-47-dense-013-d001""]",1.0,0.2727272727272727,1.0,0.5,24,12,11,1,False,0.5,0.5,1.0,1.0,0,0.25,0,1,0,24,24,False
syn-47-dense-013,47,dense,full,departure_5min,"[""syn-47-dense-013-d003"", ""syn-47-dense-013-d015"", ""syn-47-dense-013-d012"", ""syn-47-dense-013-d016"", ""syn-47-dense-013-d011"", ""syn-47-dense-013-d023"", ""syn-47-dense-013-d002"", ""syn-47-dense-013-d014"", ""syn-47-dense-013-d000"", ""syn-47-dense-013-d013"", ""syn-47-dense-013-d004"", ""syn-47-dense-013-d001""]",1.0,0.2727272727272727,1.0,0.5,24,12,11,1,False,0.5,0.5,1.0,1.0,0,0.25,0,1,0,24,24,False
syn-47-dense-013,47,dense,full,availability_25pct,"[""syn-47-dense-013-d012"", ""syn-47-dense-013-d016"", ""syn-47-dense-013-d023"", ""syn-47-dense-013-d002"", ""syn-47-dense-013-d000"", ""syn-47-dense-013-d013"", ""syn-47-dense-013-d004"", ""syn-47-dense-013-d001""]",0.6666666666666666,0.18181818181818182,0.7039180890341347,0.3333333333333333,24,8,11,1,False,0.3333333333333333,0.4444444444444444,1.0,0.6666666666666666,0,0.25,4,1,0,18,24,False
syn-47-dense-014,47,dense,full,control,"[""syn-47-dense-014-d001"", ""syn-47-dense-014-d012"", ""syn-47-dense-014-d010"", ""syn-47-dense-014-d011"", ""syn-47-dense-014-d022"", ""syn-47-dense-014-d014"", ""syn-47-dense-014-d013"", ""syn-47-dense-014-d015"", ""syn-47-dense-014-d023"", ""syn-47-dense-014-d003"", ""syn-47-dense-014-d000"", ""syn-47-dense-014-d002""]",1.0,0.2727272727272727,1.0,0.5,24,12,11,3,False,0.5,0.5,1.0,1.0,0,0.25,0,3,0,24,24,False
syn-47-dense-014,47,dense,full,endpoints_100m,"[""syn-47-dense-014-d001"", ""syn-47-dense-014-d012"", ""syn-47-dense-014-d010"", ""syn-47-dense-014-d011"", ""syn-47-dense-014-d022"", ""syn-47-dense-014-d014"", ""syn-47-dense-014-d015"", ""syn-47-dense-014-d013"", ""syn-47-dense-014-d023"", ""syn-47-dense-014-d003"", ""syn-47-dense-014-d000"", ""syn-47-dense-014-d002""]",1.0,0.2727272727272727,1.0,0.5,24,12,11,3,False,0.5,0.5,1.0,1.0,0,0.25,0,3,0,24,24,False
syn-47-dense-014,47,dense,full,route_100m,"[""syn-47-dense-014-d001"", ""syn-47-dense-014-d012"", ""syn-47-dense-014-d010"", ""syn-47-dense-014-d011"", ""syn-47-dense-014-d022"", ""syn-47-dense-014-d014"", ""syn-47-dense-014-d013"", ""syn-47-dense-014-d023"", ""syn-47-dense-014-d015"", ""syn-47-dense-014-d003"", ""syn-47-dense-014-d000"", ""syn-47-dense-014-d002""]",1.0,0.2727272727272727,1.0,0.5,24,12,11,3,False,0.5,0.5,1.0,1.0,0,0.25,0,3,0,24,24,False
syn-47-dense-014,47,dense,full,departure_5min,"[""syn-47-dense-014-d001"", ""syn-47-dense-014-d010"", ""syn-47-dense-014-d012"", ""syn-47-dense-014-d011"", ""syn-47-dense-014-d022"", ""syn-47-dense-014-d014"", ""syn-47-dense-014-d013"", ""syn-47-dense-014-d015"", ""syn-47-dense-014-d023"", ""syn-47-dense-014-d003"", ""syn-47-dense-014-d000"", ""syn-47-dense-014-d002""]",1.0,0.2727272727272727,1.0,0.5,24,12,11,3,False,0.5,0.5,1.0,1.0,0,0.25,0,3,0,24,24,False
syn-47-dense-014,47,dense,full,availability_25pct,"[""syn-47-dense-014-d001"", ""syn-47-dense-014-d010"", ""syn-47-dense-014-d014"", ""syn-47-dense-014-d015"", ""syn-47-dense-014-d023"", ""syn-47-dense-014-d003"", ""syn-47-dense-014-d000"", ""syn-47-dense-014-d002""]",0.6666666666666666,0.18181818181818182,0.7653606369886217,0.3333333333333333,24,8,11,3,False,0.3333333333333333,0.42105263157894735,1.0,0.6666666666666666,0,0.25,4,3,0,19,24,False
syn-47-dense-015,47,dense,full,control,"[""syn-47-dense-015-d021"", ""syn-47-dense-015-d014"", ""syn-47-dense-015-d022"", ""syn-47-dense-015-d023"", ""syn-47-dense-015-d009"", ""syn-47-dense-015-d010"", ""syn-47-dense-015-d002"", ""syn-47-dense-015-d001"", ""syn-47-dense-015-d011"", ""syn-47-dense-015-d012"", ""syn-47-dense-015-d013"", ""syn-47-dense-015-d000""]",0.0,0.0,0.0,0.5,24,12,6,4,False,0.5,0.5,1.0,1.0,0,0.25,0,4,0,24,24,False
syn-47-dense-015,47,dense,full,endpoints_100m,"[""syn-47-dense-015-d021"", ""syn-47-dense-015-d022"", ""syn-47-dense-015-d014"", ""syn-47-dense-015-d023"", ""syn-47-dense-015-d009"", ""syn-47-dense-015-d010"", ""syn-47-dense-015-d001"", ""syn-47-dense-015-d002"", ""syn-47-dense-015-d011"", ""syn-47-dense-015-d012"", ""syn-47-dense-015-d000"", ""syn-47-dense-015-d013""]",0.0,0.0,0.0,0.5,24,12,6,4,False,0.5,0.5,1.0,1.0,0,0.25,0,4,0,24,24,False
syn-47-dense-015,47,dense,full,route_100m,"[""syn-47-dense-015-d021"", ""syn-47-dense-015-d014"", ""syn-47-dense-015-d023"", ""syn-47-dense-015-d022"", ""syn-47-dense-015-d009"", ""syn-47-dense-015-d010"", ""syn-47-dense-015-d002"", ""syn-47-dense-015-d001"", ""syn-47-dense-015-d011"", ""syn-47-dense-015-d012"", ""syn-47-dense-015-d013"", ""syn-47-dense-015-d000""]",0.0,0.0,0.0,0.5,24,12,6,4,False,0.5,0.5,1.0,1.0,0,0.25,0,4,0,24,24,False
syn-47-dense-015,47,dense,full,departure_5min,"[""syn-47-dense-015-d021"", ""syn-47-dense-015-d023"", ""syn-47-dense-015-d014"", ""syn-47-dense-015-d022"", ""syn-47-dense-015-d010"", ""syn-47-dense-015-d009"", ""syn-47-dense-015-d002"", ""syn-47-dense-015-d001"", ""syn-47-dense-015-d011"", ""syn-47-dense-015-d012"", ""syn-47-dense-015-d013"", ""syn-47-dense-015-d000""]",0.0,0.0,0.0,0.5,24,12,6,4,False,0.5,0.5,1.0,1.0,0,0.25,0,4,0,24,24,False
syn-47-dense-015,47,dense,full,availability_25pct,"[""syn-47-dense-015-d014"", ""syn-47-dense-015-d022"", ""syn-47-dense-015-d009"", ""syn-47-dense-015-d010"", ""syn-47-dense-015-d001"", ""syn-47-dense-015-d012"", ""syn-47-dense-015-d013""]",0.0,0.0,0.0,0.2916666666666667,24,7,6,4,False,0.2916666666666667,0.3888888888888889,1.0,0.5833333333333334,0,0.25,1,4,0,18,24,False
syn-47-dense-016,47,dense,full,control,"[""syn-47-dense-016-d013"", ""syn-47-dense-016-d009"", ""syn-47-dense-016-d020"", ""syn-47-dense-016-d023"", ""syn-47-dense-016-d000"", ""syn-47-dense-016-d001"", ""syn-47-dense-016-d022"", ""syn-47-dense-016-d021"", ""syn-47-dense-016-d011"", ""syn-47-dense-016-d008"", ""syn-47-dense-016-d012"", ""syn-47-dense-016-d010""]",1.0,0.3,1.0,0.5,24,12,10,2,False,0.5,0.5,1.0,1.0,0,0.25,0,2,0,24,24,False
syn-47-dense-016,47,dense,full,endpoints_100m,"[""syn-47-dense-016-d013"", ""syn-47-dense-016-d009"", ""syn-47-dense-016-d020"", ""syn-47-dense-016-d023"", ""syn-47-dense-016-d000"", ""syn-47-dense-016-d001"", ""syn-47-dense-016-d022"", ""syn-47-dense-016-d021"", ""syn-47-dense-016-d011"", ""syn-47-dense-016-d008"", ""syn-47-dense-016-d012"", ""syn-47-dense-016-d010""]",1.0,0.3,1.0,0.5,24,12,10,2,False,0.5,0.5,1.0,1.0,0,0.25,0,2,0,24,24,False
syn-47-dense-016,47,dense,full,route_100m,"[""syn-47-dense-016-d013"", ""syn-47-dense-016-d009"", ""syn-47-dense-016-d020"", ""syn-47-dense-016-d023"", ""syn-47-dense-016-d000"", ""syn-47-dense-016-d001"", ""syn-47-dense-016-d022"", ""syn-47-dense-016-d021"", ""syn-47-dense-016-d011"", ""syn-47-dense-016-d008"", ""syn-47-dense-016-d012"", ""syn-47-dense-016-d010""]",1.0,0.3,1.0,0.5,24,12,10,2,False,0.5,0.5,1.0,1.0,0,0.25,0,2,0,24,24,False
syn-47-dense-016,47,dense,full,departure_5min,"[""syn-47-dense-016-d013"", ""syn-47-dense-016-d009"", ""syn-47-dense-016-d020"", ""syn-47-dense-016-d023"", ""syn-47-dense-016-d000"", ""syn-47-dense-016-d001"", ""syn-47-dense-016-d021"", ""syn-47-dense-016-d022"", ""syn-47-dense-016-d011"", ""syn-47-dense-016-d008"", ""syn-47-dense-016-d012"", ""syn-47-dense-016-d010""]",1.0,0.3,1.0,0.5,24,12,10,2,False,0.5,0.5,1.0,1.0,0,0.25,0,2,0,24,24,False
syn-47-dense-016,47,dense,full,availability_25pct,"[""syn-47-dense-016-d013"", ""syn-47-dense-016-d009"", ""syn-47-dense-016-d020"", ""syn-47-dense-016-d023"", ""syn-47-dense-016-d000"", ""syn-47-dense-016-d001"", ""syn-47-dense-016-d022"", ""syn-47-dense-016-d021"", ""syn-47-dense-016-d011"", ""syn-47-dense-016-d008"", ""syn-47-dense-016-d012"", ""syn-47-dense-016-d010""]",1.0,0.3,1.0,0.5,24,12,10,2,False,0.5,0.5714285714285714,1.0,1.0,0,0.25,0,2,0,21,24,False
syn-47-dense-017,47,dense,full,control,"[""syn-47-dense-017-d022"", ""syn-47-dense-017-d008"", ""syn-47-dense-017-d007"", ""syn-47-dense-017-d011"", ""syn-47-dense-017-d023"", ""syn-47-dense-017-d019"", ""syn-47-dense-017-d021"", ""syn-47-dense-017-d009"", ""syn-47-dense-017-d000"", ""syn-47-dense-017-d012"", ""syn-47-dense-017-d010"", ""syn-47-dense-017-d020""]",0.3333333333333333,0.16666666666666666,0.46927872602275644,0.5,24,12,6,2,False,0.5,0.5,1.0,1.0,0,0.25,0,2,0,24,24,False
syn-47-dense-017,47,dense,full,endpoints_100m,"[""syn-47-dense-017-d022"", ""syn-47-dense-017-d008"", ""syn-47-dense-017-d007"", ""syn-47-dense-017-d011"", ""syn-47-dense-017-d023"", ""syn-47-dense-017-d021"", ""syn-47-dense-017-d019"", ""syn-47-dense-017-d009"", ""syn-47-dense-017-d000"", ""syn-47-dense-017-d012"", ""syn-47-dense-017-d010"", ""syn-47-dense-017-d020""]",0.3333333333333333,0.16666666666666666,0.46927872602275644,0.5,24,12,6,2,False,0.5,0.5,1.0,1.0,0,0.25,0,2,0,24,24,False
syn-47-dense-017,47,dense,full,route_100m,"[""syn-47-dense-017-d022"", ""syn-47-dense-017-d008"", ""syn-47-dense-017-d007"", ""syn-47-dense-017-d011"", ""syn-47-dense-017-d023"", ""syn-47-dense-017-d009"", ""syn-47-dense-017-d021"", ""syn-47-dense-017-d019"", ""syn-47-dense-017-d000"", ""syn-47-dense-017-d012"", ""syn-47-dense-017-d010"", ""syn-47-dense-017-d020""]",0.3333333333333333,0.16666666666666666,0.46927872602275644,0.5,24,12,6,2,False,0.5,0.5,1.0,1.0,0,0.25,0,2,0,24,24,False
syn-47-dense-017,47,dense,full,departure_5min,"[""syn-47-dense-017-d022"", ""syn-47-dense-017-d008"", ""syn-47-dense-017-d007"", ""syn-47-dense-017-d011"", ""syn-47-dense-017-d023"", ""syn-47-dense-017-d021"", ""syn-47-dense-017-d019"", ""syn-47-dense-017-d009"", ""syn-47-dense-017-d000"", ""syn-47-dense-017-d012"", ""syn-47-dense-017-d010"", ""syn-47-dense-017-d020""]",0.3333333333333333,0.16666666666666666,0.46927872602275644,0.5,24,12,6,2,False,0.5,0.5,1.0,1.0,0,0.25,0,2,0,24,24,False
syn-47-dense-017,47,dense,full,availability_25pct,"[""syn-47-dense-017-d022"", ""syn-47-dense-017-d008"", ""syn-47-dense-017-d007"", ""syn-47-dense-017-d011"", ""syn-47-dense-017-d019"", ""syn-47-dense-017-d009"", ""syn-47-dense-017-d000"", ""syn-47-dense-017-d012"", ""syn-47-dense-017-d010"", ""syn-47-dense-017-d020""]",0.3333333333333333,0.16666666666666666,0.46927872602275644,0.4166666666666667,24,10,6,2,False,0.4166666666666667,0.47619047619047616,1.0,0.8333333333333334,0,0.25,0,2,0,21,24,False
syn-47-dense-018,47,dense,full,control,"[""syn-47-dense-018-d023"", ""syn-47-dense-018-d009"", ""syn-47-dense-018-d011"", ""syn-47-dense-018-d006"", ""syn-47-dense-018-d019"", ""syn-47-dense-018-d018"", ""syn-47-dense-018-d007"", ""syn-47-dense-018-d020"", ""syn-47-dense-018-d008"", ""syn-47-dense-018-d022"", ""syn-47-dense-018-d010"", ""syn-47-dense-018-d021""]",0.6666666666666666,0.16666666666666666,0.7039180890341347,0.5,24,12,12,3,False,0.5,0.5,1.0,1.0,0,0.25,0,3,0,24,24,False
syn-47-dense-018,47,dense,full,endpoints_100m,"[""syn-47-dense-018-d023"", ""syn-47-dense-018-d009"", ""syn-47-dense-018-d011"", ""syn-47-dense-018-d006"", ""syn-47-dense-018-d019"", ""syn-47-dense-018-d018"", ""syn-47-dense-018-d007"", ""syn-47-dense-018-d020"", ""syn-47-dense-018-d008"", ""syn-47-dense-018-d022"", ""syn-47-dense-018-d010"", ""syn-47-dense-018-d021""]",0.6666666666666666,0.16666666666666666,0.7039180890341347,0.5,24,12,12,3,False,0.5,0.5,1.0,1.0,0,0.25,0,3,0,24,24,False
syn-47-dense-018,47,dense,full,route_100m,"[""syn-47-dense-018-d023"", ""syn-47-dense-018-d009"", ""syn-47-dense-018-d011"", ""syn-47-dense-018-d006"", ""syn-47-dense-018-d019"", ""syn-47-dense-018-d007"", ""syn-47-dense-018-d018"", ""syn-47-dense-018-d020"", ""syn-47-dense-018-d008"", ""syn-47-dense-018-d022"", ""syn-47-dense-018-d010"", ""syn-47-dense-018-d021""]",0.6666666666666666,0.16666666666666666,0.7039180890341347,0.5,24,12,12,3,False,0.5,0.5,1.0,1.0,0,0.25,0,3,0,24,24,False
syn-47-dense-018,47,dense,full,departure_5min,"[""syn-47-dense-018-d023"", ""syn-47-dense-018-d011"", ""syn-47-dense-018-d009"", ""syn-47-dense-018-d006"", ""syn-47-dense-018-d019"", ""syn-47-dense-018-d018"", ""syn-47-dense-018-d007"", ""syn-47-dense-018-d020"", ""syn-47-dense-018-d008"", ""syn-47-dense-018-d010"", ""syn-47-dense-018-d022"", ""syn-47-dense-018-d021""]",0.6666666666666666,0.16666666666666666,0.7653606369886217,0.5,24,12,12,3,False,0.5,0.5,1.0,1.0,0,0.25,0,3,0,24,24,False
syn-47-dense-018,47,dense,full,availability_25pct,"[""syn-47-dense-018-d023"", ""syn-47-dense-018-d009"", ""syn-47-dense-018-d011"", ""syn-47-dense-018-d006"", ""syn-47-dense-018-d019"", ""syn-47-dense-018-d018"", ""syn-47-dense-018-d020"", ""syn-47-dense-018-d008"", ""syn-47-dense-018-d022"", ""syn-47-dense-018-d010"", ""syn-47-dense-018-d021""]",0.6666666666666666,0.16666666666666666,0.7039180890341347,0.4583333333333333,24,11,12,2,False,0.4583333333333333,0.55,1.0,0.9166666666666666,0,0.25,1,2,0,20,24,False
syn-47-dense-019,47,dense,full,control,"[""syn-47-dense-019-d020"", ""syn-47-dense-019-d006"", ""syn-47-dense-019-d010"", ""syn-47-dense-019-d019"", ""syn-47-dense-019-d008"", ""syn-47-dense-019-d005"", ""syn-47-dense-019-d022"", ""syn-47-dense-019-d021"", ""syn-47-dense-019-d009"", ""syn-47-dense-019-d018"", ""syn-47-dense-019-d017"", ""syn-47-dense-019-d007""]",1.0,0.3,1.0,0.5,24,12,10,3,False,0.5,0.5,1.0,1.0,0,0.25,0,3,0,24,24,False
syn-47-dense-019,47,dense,full,endpoints_100m,"[""syn-47-dense-019-d020"", ""syn-47-dense-019-d006"", ""syn-47-dense-019-d010"", ""syn-47-dense-019-d019"", ""syn-47-dense-019-d008"", ""syn-47-dense-019-d005"", ""syn-47-dense-019-d022"", ""syn-47-dense-019-d009"", ""syn-47-dense-019-d021"", ""syn-47-dense-019-d018"", ""syn-47-dense-019-d017"", ""syn-47-dense-019-d007""]",1.0,0.3,1.0,0.5,24,12,10,3,False,0.5,0.5,1.0,1.0,0,0.25,0,3,0,24,24,False
syn-47-dense-019,47,dense,full,route_100m,"[""syn-47-dense-019-d020"", ""syn-47-dense-019-d006"", ""syn-47-dense-019-d010"", ""syn-47-dense-019-d019"", ""syn-47-dense-019-d008"", ""syn-47-dense-019-d005"", ""syn-47-dense-019-d022"", ""syn-47-dense-019-d021"", ""syn-47-dense-019-d018"", ""syn-47-dense-019-d009"", ""syn-47-dense-019-d017"", ""syn-47-dense-019-d007""]",1.0,0.3,1.0,0.5,24,12,10,3,False,0.5,0.5,1.0,1.0,0,0.25,0,3,0,24,24,False
syn-47-dense-019,47,dense,full,departure_5min,"[""syn-47-dense-019-d020"", ""syn-47-dense-019-d006"", ""syn-47-dense-019-d010"", ""syn-47-dense-019-d008"", ""syn-47-dense-019-d019"", ""syn-47-dense-019-d005"", ""syn-47-dense-019-d022"", ""syn-47-dense-019-d021"", ""syn-47-dense-019-d009"", ""syn-47-dense-019-d018"", ""syn-47-dense-019-d017"", ""syn-47-dense-019-d007""]",1.0,0.3,1.0,0.5,24,12,10,3,False,0.5,0.5,1.0,1.0,0,0.25,0,3,0,24,24,False
syn-47-dense-019,47,dense,full,availability_25pct,"[""syn-47-dense-019-d006"", ""syn-47-dense-019-d010"", ""syn-47-dense-019-d019"", ""syn-47-dense-019-d008"", ""syn-47-dense-019-d005"", ""syn-47-dense-019-d022"", ""syn-47-dense-019-d009"", ""syn-47-dense-019-d017"", ""syn-47-dense-019-d007""]",1.0,0.3,1.0,0.375,24,9,10,2,False,0.375,0.5,1.0,0.75,0,0.25,2,2,0,18,24,False
