query_id,seed,scenario,provider,condition,retrieval_seconds,feature_seconds,filter_seconds,ranking_seconds,measurement_seconds
syn-11-thin-000,11,thin,full,control,1.819999306462705e-05,0.005322699988028035,7.03000114299357e-05,3.199998172931373e-05,0.005727199983084574
syn-11-thin-000,11,thin,full,endpoints_100m,1.6200006939470768e-05,0.0055155000009108335,7.790001109242439e-05,3.209998249076307e-05,0.006020300003001466
syn-11-thin-000,11,thin,full,route_100m,1.2400007108226418e-05,0.007332800014410168,0.00022839999292045832,2.3600005079060793e-05,0.007771200005663559
syn-11-thin-000,11,thin,full,departure_5min,1.1600001016631722e-05,0.0056122999812942,5.210001836530864e-05,2.649999805726111e-05,0.0058735000202432275
syn-11-thin-000,11,thin,full,availability_25pct,1.2399978004395962e-05,0.006138800003100187,5.0000002374872565e-05,2.479998511262238e-05,0.006420499994419515
syn-11-thin-001,11,thin,full,control,1.3100012438371778e-05,0.004443599988007918,4.710000939667225e-05,2.2599997464567423e-05,0.004714299982879311
syn-11-thin-001,11,thin,full,endpoints_100m,1.1900003300979733e-05,0.005850199988344684,7.460001506842673e-05,3.3199990866705775e-05,0.006188800005475059
syn-11-thin-001,11,thin,full,route_100m,1.6400008462369442e-05,0.005185299989534542,6.320001557469368e-05,3.0399998649954796e-05,0.005500600003870204
syn-11-thin-001,11,thin,full,departure_5min,1.5300000086426735e-05,0.005012200010241941,5.70000265724957e-05,3.060000017285347e-05,0.0054701000044588
syn-11-thin-001,11,thin,full,availability_25pct,1.2200005585327744e-05,0.0024876999959815294,4.7299981815740466e-05,2.6100024115294218e-05,0.0027376999787520617
syn-11-thin-002,11,thin,full,control,2.440001117065549e-05,0.0047657999966759235,5.180001608096063e-05,2.4300010409206152e-05,0.005163699999684468
syn-11-thin-002,11,thin,full,endpoints_100m,1.4399993233382702e-05,0.0072539999964646995,9.549999958835542e-05,5.8200006606057286e-05,0.007750699995085597
syn-11-thin-002,11,thin,full,route_100m,2.4899985874071717e-05,0.007318000018130988,6.849999772384763e-05,2.9999995604157448e-05,0.007673700019950047
syn-11-thin-002,11,thin,full,departure_5min,1.4899997040629387e-05,0.005498600017745048,4.889999399892986e-05,3.890000516548753e-05,0.0058043000171892345
syn-11-thin-002,11,thin,full,availability_25pct,1.1199997970834374e-05,0.0024960000009741634,4.980000085197389e-05,2.5199988158419728e-05,0.002765399985946715
syn-11-thin-003,11,thin,full,control,1.1500000255182385e-05,0.0044698999845422804,4.6900007873773575e-05,1.960000372491777e-05,0.004735900001833215
syn-11-thin-003,11,thin,full,endpoints_100m,1.200000406242907e-05,0.005119299981743097,6.250001024454832e-05,2.6399997295811772e-05,0.0054191000235732645
syn-11-thin-003,11,thin,full,route_100m,1.300001167692244e-05,0.004488600010517985,5.5599986808374524e-05,1.889999839477241e-05,0.004746800026623532
syn-11-thin-003,11,thin,full,departure_5min,1.179997343569994e-05,0.00447000001440756,4.500002251006663e-05,1.829999382607639e-05,0.0047064999816939235
syn-11-thin-003,11,thin,full,availability_25pct,1.200000406242907e-05,0.005511700001079589,0.00010869998368434608,8.150000940077007e-05,0.006073800002923235
syn-11-thin-004,11,thin,full,control,1.3899989426136017e-05,0.004817899985937402,7.09999876562506e-05,2.5199988158419728e-05,0.0051810999866575
syn-11-thin-004,11,thin,full,endpoints_100m,1.3800017768517137e-05,0.005863600003067404,6.520000169984996e-05,2.4800014216452837e-05,0.006198000017320737
syn-11-thin-004,11,thin,full,route_100m,1.5199999324977398e-05,0.004592799989040941,5.289999535307288e-05,2.0100007532164454e-05,0.004867199982982129
syn-11-thin-004,11,thin,full,departure_5min,1.300001167692244e-05,0.00803019999875687,8.269998943433166e-05,3.339999238960445e-05,0.00848509999923408
syn-11-thin-004,11,thin,full,availability_25pct,2.4100008886307478e-05,0.004761399992275983,6.890000076964498e-05,2.5100016500800848e-05,0.00511750002624467
syn-11-thin-005,11,thin,full,control,1.5400000847876072e-05,0.004560100001981482,5.2099989261478186e-05,1.5700003132224083e-05,0.0051159999857191
syn-11-thin-005,11,thin,full,endpoints_100m,1.7799990018829703e-05,0.006316400016658008,9.059999138116837e-05,1.7999991541728377e-05,0.006657599995378405
syn-11-thin-005,11,thin,full,route_100m,1.5300000086426735e-05,0.006870899989735335,7.300000288523734e-05,3.200001083314419e-05,0.007217599981231615
syn-11-thin-005,11,thin,full,departure_5min,1.5600002370774746e-05,0.006224700016900897,5.120001151226461e-05,1.7000013031065464e-05,0.0065061000059358776
syn-11-thin-005,11,thin,full,availability_25pct,1.6400008462369442e-05,0.00356919999467209,5.1700015319511294e-05,1.85999961104244e-05,0.003818400000454858
syn-11-thin-006,11,thin,full,control,1.1600001016631722e-05,0.004804299998795614,5.7199998991563916e-05,1.2599979527294636e-05,0.005086700024548918
syn-11-thin-006,11,thin,full,endpoints_100m,1.6200006939470768e-05,0.00548640001215972,9.310001041740179e-05,2.0499981474131346e-05,0.00591159999021329
syn-11-thin-006,11,thin,full,route_100m,1.6000005416572094e-05,0.004629900009604171,5.4800009820610285e-05,1.1600001016631722e-05,0.004897100006928667
syn-11-thin-006,11,thin,full,departure_5min,1.3200013199821115e-05,0.004493199987336993,5.020000389777124e-05,9.90001717582345e-06,0.004736900009447709
syn-11-thin-006,11,thin,full,availability_25pct,1.279998105019331e-05,0.006411799986381084,9.470002260059118e-05,0.0001832999987527728,0.007008499989751726
syn-11-thin-007,11,thin,full,control,1.580000389367342e-05,0.004408200009493157,4.949999856762588e-05,9.599985787644982e-06,0.005165300011867657
syn-11-thin-007,11,thin,full,endpoints_100m,1.7600017599761486e-05,0.007867500011343509,0.00011100000119768083,2.2199994418770075e-05,0.008371699979761615
syn-11-thin-007,11,thin,full,route_100m,2.400000812485814e-05,0.006782899989048019,6.160000339150429e-05,1.4599994756281376e-05,0.007089899998391047
syn-11-thin-007,11,thin,full,departure_5min,1.550000160932541e-05,0.005678199988324195,7.119998917914927e-05,1.750001683831215e-05,0.00602120000985451
syn-11-thin-007,11,thin,full,availability_25pct,1.7600017599761486e-05,0.004538500012131408,4.680000711232424e-05,1.069999416358769e-05,0.00477519998094067
syn-11-thin-008,11,thin,full,control,1.2400007108226418e-05,0.005356300011044368,6.349998875521123e-05,1.5099998563528061e-05,0.0056585000129416585
syn-11-thin-008,11,thin,full,endpoints_100m,1.6300007700920105e-05,0.005808200017781928,6.439999560825527e-05,1.6799982404336333e-05,0.006087999994633719
syn-11-thin-008,11,thin,full,route_100m,1.6400008462369442e-05,0.004675700009102002,5.4100004490464926e-05,1.1900003300979733e-05,0.004941799998050556
syn-11-thin-008,11,thin,full,departure_5min,1.2800010154023767e-05,0.0055865000176709145,6.500000017695129e-05,1.4599994756281376e-05,0.005892599991057068
syn-11-thin-008,11,thin,full,availability_25pct,1.5900004655122757e-05,0.004583599977195263,5.220001912675798e-05,1.0700023267418146e-05,0.004824899981031194
syn-11-thin-009,11,thin,full,control,1.3100012438371778e-05,0.005972499988274649,6.440002471208572e-05,2.1100015146657825e-05,0.006314700003713369
syn-11-thin-009,11,thin,full,endpoints_100m,1.559997326694429e-05,0.0044750999950338155,5.140001303516328e-05,1.610000617802143e-05,0.004728200001409277
syn-11-thin-009,11,thin,full,route_100m,1.2900010915473104e-05,0.005356800014851615,6.130000110715628e-05,2.099998528137803e-05,0.00567299997783266
syn-11-thin-009,11,thin,full,departure_5min,1.4999997802078724e-05,0.004803899995749816,6.019999273121357e-05,2.030000905506313e-05,0.005103800009237602
syn-11-thin-009,11,thin,full,availability_25pct,1.3400014722719789e-05,0.005330700019840151,5.629999213851988e-05,2.169999061152339e-05,0.005617799994070083
syn-11-thin-010,11,thin,full,control,1.3999990187585354e-05,0.005458600004203618,5.019997479394078e-05,1.7799990018829703e-05,0.005709699995350093
syn-11-thin-010,11,thin,full,endpoints_100m,1.2800010154023767e-05,0.004829099983908236,6.570000550709665e-05,2.3800006601959467e-05,0.005185200017876923
syn-11-thin-010,11,thin,full,route_100m,1.71000137925148e-05,0.005423000024165958,5.750000127591193e-05,2.0899984519928694e-05,0.005687400000169873
syn-11-thin-010,11,thin,full,departure_5min,1.4299992471933365e-05,0.004954300005920231,6.639998173341155e-05,2.5600020308047533e-05,0.0052952000114601105
syn-11-thin-010,11,thin,full,availability_25pct,1.6400008462369442e-05,0.004936400015139952,6.089999806135893e-05,2.2299995180219412e-05,0.0052195999887771904
syn-11-thin-011,11,thin,full,control,1.2699980288743973e-05,0.004549799981759861,5.660002352669835e-05,2.750000567175448e-05,0.00485219998518005
syn-11-thin-011,11,thin,full,endpoints_100m,1.4899997040629387e-05,0.006393900024704635,9.049999061971903e-05,3.6999990697950125e-05,0.00729979999596253
syn-11-thin-011,11,thin,full,route_100m,4.6900007873773575e-05,0.004535799991572276,6.550000398419797e-05,2.6399997295811772e-05,0.00489669997477904
syn-11-thin-011,11,thin,full,departure_5min,1.689998316578567e-05,0.0044827999954577535,4.789998638443649e-05,2.069998299703002e-05,0.004745200014440343
syn-11-thin-011,11,thin,full,availability_25pct,1.209997572004795e-05,0.0042507000034675,5.649999366141856e-05,3.630001447163522e-05,0.004569399985484779
syn-11-thin-012,11,thin,full,control,1.3600016245618463e-05,0.0045233000128064305,4.6200002543628216e-05,2.3300002794712782e-05,0.004806000011740252
syn-11-thin-012,11,thin,full,endpoints_100m,1.3399985618889332e-05,0.005157899984624237,5.870001041330397e-05,2.7699978090822697e-05,0.005475699988892302
syn-11-thin-012,11,thin,full,route_100m,1.71000137925148e-05,0.004592000012053177,6.19000056758523e-05,2.989999484270811e-05,0.004931400006171316
syn-11-thin-012,11,thin,full,departure_5min,1.7300015315413475e-05,0.004594800004269928,6.590000702999532e-05,1.7700018361210823e-05,0.004887699993560091
syn-11-thin-012,11,thin,full,availability_25pct,1.1899974197149277e-05,0.002255600003991276,3.9799982914701104e-05,1.6700010746717453e-05,0.0024372999905608594
syn-11-thin-013,11,thin,full,control,1.2400007108226418e-05,0.00730279998970218,0.00013230001786723733,4.499999340623617e-05,0.007918899995274842
syn-11-thin-013,11,thin,full,endpoints_100m,1.920000067912042e-05,0.0068829999945592135,0.00014359998749569058,3.4500000765547156e-05,0.0074075000011362135
syn-11-thin-013,11,thin,full,route_100m,3.37999954354018e-05,0.0066654999973252416,6.399999256245792e-05,3.15000070258975e-05,0.007047299994155765
syn-11-thin-013,11,thin,full,departure_5min,1.5300000086426735e-05,0.005611000000499189,9.970000246539712e-05,4.52000240329653e-05,0.006081600004108623
syn-11-thin-013,11,thin,full,availability_25pct,1.4800025383010507e-05,0.003124999988358468,5.5800017435103655e-05,3.530000685714185e-05,0.0038517999928444624
syn-11-thin-014,11,thin,full,control,1.3899989426136017e-05,0.0052340999827720225,9.010001667775214e-05,4.3800013372674584e-05,0.005705399991711602
syn-11-thin-014,11,thin,full,endpoints_100m,2.370000584051013e-05,0.009344999998575076,8.769999840296805e-05,3.190001007169485e-05,0.009729199984576553
syn-11-thin-014,11,thin,full,route_100m,1.6200006939470768e-05,0.004703000013250858,5.189998773857951e-05,2.5999994250014424e-05,0.005012699984945357
syn-11-thin-014,11,thin,full,departure_5min,1.7699989257380366e-05,0.005993200000375509,6.540000322274864e-05,3.1899980967864394e-05,0.006334300007438287
syn-11-thin-014,11,thin,full,availability_25pct,1.4100020052865148e-05,0.003511699993396178,4.2400002712383866e-05,2.3900007363408804e-05,0.0037606999976560473
syn-11-thin-015,11,thin,full,control,1.2899981811642647e-05,0.0052167999965604395,4.959999932907522e-05,2.7300004148855805e-05,0.005571199988480657
syn-11-thin-015,11,thin,full,endpoints_100m,1.270000939257443e-05,0.006643400003667921,7.189999450929463e-05,3.090000245720148e-05,0.006996500014793128
syn-11-thin-015,11,thin,full,route_100m,3.2199983252212405e-05,0.004637200006982312,7.259999983943999e-05,3.0000024707987905e-05,0.005025399994337931
syn-11-thin-015,11,thin,full,departure_5min,1.7699989257380366e-05,0.005463700013933703,6.349998875521123e-05,2.710000262595713e-05,0.005780400009825826
syn-11-thin-015,11,thin,full,availability_25pct,1.4999997802078724e-05,0.0049146999954245985,6.429999484680593e-05,3.200001083314419e-05,0.005269400018732995
syn-11-thin-016,11,thin,full,control,1.2900010915473104e-05,0.0048211000103037804,8.979998528957367e-05,3.060000017285347e-05,0.005263900005957112
syn-11-thin-016,11,thin,full,endpoints_100m,1.920000067912042e-05,0.00452919999952428,5.7999975979328156e-05,2.1700019715353847e-05,0.004810399987036362
syn-11-thin-016,11,thin,full,route_100m,1.200000406242907e-05,0.005105100019136444,5.679999594576657e-05,2.220002352260053e-05,0.005458700004965067
syn-11-thin-016,11,thin,full,departure_5min,1.5300000086426735e-05,0.006900300009874627,9.929999941959977e-05,3.600001218728721e-05,0.007485199981601909
syn-11-thin-016,11,thin,full,availability_25pct,2.2500025806948543e-05,0.004210999992210418,3.5699980799108744e-05,2.5699991965666413e-05,0.004484300006879494
syn-11-thin-017,11,thin,full,control,1.309998333454132e-05,0.004523999989032745,5.020000389777124e-05,1.5600002370774746e-05,0.004797900008270517
syn-11-thin-017,11,thin,full,endpoints_100m,1.3200013199821115e-05,0.007123300019884482,8.739999611862004e-05,1.6299978597089648e-05,0.007564200001070276
syn-11-thin-017,11,thin,full,route_100m,2.820001100189984e-05,0.004962700011674315,6.459999713115394e-05,1.9500002963468432e-05,0.005287400010274723
syn-11-thin-017,11,thin,full,departure_5min,1.5999976312741637e-05,0.005003800004487857,6.379999103955925e-05,2.0100007532164454e-05,0.0055694000038784
syn-11-thin-017,11,thin,full,availability_25pct,1.5900004655122757e-05,0.004577100015012547,6.620000931434333e-05,2.069998299703002e-05,0.004895899997791275
syn-11-thin-018,11,thin,full,control,1.200000406242907e-05,0.0044535000051837415,4.6600005589425564e-05,9.099981980398297e-06,0.004692399990744889
syn-11-thin-018,11,thin,full,endpoints_100m,1.200000406242907e-05,0.0054985000169835985,6.629998097196221e-05,1.4999997802078724e-05,0.005866499996045604
syn-11-thin-018,11,thin,full,route_100m,1.619997783564031e-05,0.004691399983130395,6.330001633614302e-05,1.4599994756281376e-05,0.005005999992135912
syn-11-thin-018,11,thin,full,departure_5min,1.8200022168457508e-05,0.0045590999943669885,5.360000068321824e-05,1.1299998732283711e-05,0.004827299999305978
syn-11-thin-018,11,thin,full,availability_25pct,1.3399985618889332e-05,0.005066099984105676,7.830001413822174e-05,1.5400000847876072e-05,0.0054348999983631074
syn-11-thin-019,11,thin,full,control,1.4299992471933365e-05,0.004435499984538183,5.0700007705017924e-05,1.0099989594891667e-05,0.004705400002421811
syn-11-thin-019,11,thin,full,endpoints_100m,1.3400014722719789e-05,0.004982500016922131,6.529997335746884e-05,1.6300007700920105e-05,0.005287300009513274
syn-11-thin-019,11,thin,full,route_100m,1.6200006939470768e-05,0.004492900014156476,0.00016969998250715435,1.170000177808106e-05,0.004868100018939003
syn-11-thin-019,11,thin,full,departure_5min,1.2400007108226418e-05,0.004505299992160872,5.420000525191426e-05,9.399984264746308e-06,0.004745399986859411
syn-11-thin-019,11,thin,full,availability_25pct,1.2900010915473104e-05,0.003613800014136359,5.7199998991563916e-05,1.6400008462369442e-05,0.0039028000028338283
syn-11-balanced-000,11,balanced,full,control,3.749999450519681e-05,0.017406599974492565,0.00014509999891743064,3.680001827888191e-05,0.018068700010189787
syn-11-balanced-000,11,balanced,full,endpoints_100m,2.7700007194653153e-05,0.016635800013318658,0.00022860002354718745,5.5899989092722535e-05,0.018057100009173155
syn-11-balanced-000,11,balanced,full,route_100m,3.5900011425837874e-05,0.025463199999649078,0.0002607000060379505,5.43000060133636e-05,0.02648060000501573
syn-11-balanced-000,11,balanced,full,departure_5min,4.069998976774514e-05,0.019523499999195337,0.0002958000113721937,3.9099977584555745e-05,0.020357900008093566
syn-11-balanced-000,11,balanced,full,availability_25pct,2.5199988158419728e-05,0.021688399981940165,0.0005911999905947596,5.8200006606057286e-05,0.023384600004646927
syn-11-balanced-001,11,balanced,full,control,3.440000000409782e-05,0.017688399995677173,0.0001708999916445464,3.8300000596791506e-05,0.01841359998797998
syn-11-balanced-001,11,balanced,full,endpoints_100m,2.4999986635521054e-05,0.020667699980549514,0.00014820002252236009,3.8700003642588854e-05,0.021597800019662827
syn-11-balanced-001,11,balanced,full,route_100m,3.890000516548753e-05,0.024678499990841374,0.0002545999886933714,5.709999823011458e-05,0.025729300017701462
syn-11-balanced-001,11,balanced,full,departure_5min,4.110002191737294e-05,0.02225390000967309,0.00021150000975467265,3.7299992982298136e-05,0.02301059997989796
syn-11-balanced-001,11,balanced,full,availability_25pct,1.9099999917671084e-05,0.013961399992695078,0.00013559998478740454,3.559998003765941e-05,0.014590999984648079
syn-11-balanced-002,11,balanced,full,control,2.370000584051013e-05,0.07371110000531189,0.00013959998614154756,3.200001083314419e-05,0.07428850000724196
syn-11-balanced-002,11,balanced,full,endpoints_100m,2.400000812485814e-05,0.0258107999979984,0.00015249999705702066,3.860000288113952e-05,0.02656049997312948
syn-11-balanced-002,11,balanced,full,route_100m,3.659998765215278e-05,0.016848300001583993,0.00017029998707585037,3.8300000596791506e-05,0.01756859998567961
syn-11-balanced-002,11,balanced,full,departure_5min,2.7000001864507794e-05,0.015352200018242002,0.00016569998115301132,4.019998596049845e-05,0.01603230001637712
syn-11-balanced-002,11,balanced,full,availability_25pct,4.3100008042529225e-05,0.017721699987305328,0.00014019999071024358,3.809999907389283e-05,0.018393700011074543
syn-11-balanced-003,11,balanced,full,control,2.4900014977902174e-05,0.013372500019613653,0.0001255999959539622,2.9399991035461426e-05,0.01453459999174811
syn-11-balanced-003,11,balanced,full,endpoints_100m,4.420001641847193e-05,0.015080499986652285,0.00014210000517778099,3.749999450519681e-05,0.015766500000609085
syn-11-balanced-003,11,balanced,full,route_100m,2.5399989681318402e-05,0.017527000018162653,0.00015119998715817928,4.7200010158121586e-05,0.01823270000750199
syn-11-balanced-003,11,balanced,full,departure_5min,2.7000001864507794e-05,0.015816400002222508,0.00014409999130293727,3.749999450519681e-05,0.016492099995957687
syn-11-balanced-003,11,balanced,full,availability_25pct,2.0499981474131346e-05,0.009100399998715147,0.0002201999886892736,3.4199998481199145e-05,0.009759700013091788
syn-11-balanced-004,11,balanced,full,control,2.4200009647756815e-05,0.015395800000987947,0.00014170000213198364,4.360001184977591e-05,0.016607800003839657
syn-11-balanced-004,11,balanced,full,endpoints_100m,2.929999027401209e-05,0.014580599992768839,0.0001399999891873449,3.5600009141489863e-05,0.015252900018822402
syn-11-balanced-004,11,balanced,full,route_100m,2.4200009647756815e-05,0.014725400018505752,0.0001404999929945916,5.050000618211925e-05,0.015409999992698431
syn-11-balanced-004,11,balanced,full,departure_5min,2.5399989681318402e-05,0.015725000004749745,0.00014290001126937568,3.4900003811344504e-05,0.01638489999459125
syn-11-balanced-004,11,balanced,full,availability_25pct,2.139998832717538e-05,0.017075899988412857,0.00019409999367780983,5.060000694356859e-05,0.01794670001254417
syn-11-balanced-005,11,balanced,full,control,3.880000440403819e-05,0.026305100007448345,0.00015669999993406236,3.880000440403819e-05,0.027060499996878207
syn-11-balanced-005,11,balanced,full,endpoints_100m,2.8199981898069382e-05,0.01882829997339286,0.00015259999781847,3.9300008211284876e-05,0.019606899993959814
syn-11-balanced-005,11,balanced,full,route_100m,2.7600006433203816e-05,0.018630200007464737,0.00014949997421354055,3.789999755099416e-05,0.01930820001871325
syn-11-balanced-005,11,balanced,full,departure_5min,2.5200017262250185e-05,0.014589500002330169,0.00014200000441633165,3.950000973418355e-05,0.01523969997651875
syn-11-balanced-005,11,balanced,full,availability_25pct,2.069998299703002e-05,0.014835599984508008,0.00010820000898092985,3.339999238960445e-05,0.01537169999210164
syn-11-balanced-006,11,balanced,full,control,3.659998765215278e-05,0.026309700013371184,0.00026619998971000314,5.590001819655299e-05,0.027379300008760765
syn-11-balanced-006,11,balanced,full,endpoints_100m,4.350001108832657e-05,0.016644999996060506,0.00014449999434873462,3.779999678954482e-05,0.01733790000434965
syn-11-balanced-006,11,balanced,full,route_100m,2.440001117065549e-05,0.017834800004493445,0.0005308999971020967,0.00013489997945725918,0.020181800005957484
syn-11-balanced-006,11,balanced,full,departure_5min,3.1499977922067046e-05,0.021221999981207773,0.00035749998642131686,5.8900011936202645e-05,0.02251569999498315
syn-11-balanced-006,11,balanced,full,availability_25pct,4.429998807609081e-05,0.021811000013258308,0.00014369998825713992,3.659998765215278e-05,0.022538400022313
syn-11-balanced-007,11,balanced,full,control,2.3800006601959467e-05,0.0204311000125017,0.0001503999810665846,3.819999983534217e-05,0.021374300005845726
syn-11-balanced-007,11,balanced,full,endpoints_100m,3.329999162815511e-05,0.015897100005531684,0.00024679998750798404,4.129999433644116e-05,0.016709000017726794
syn-11-balanced-007,11,balanced,full,route_100m,2.720000338740647e-05,0.017200500005856156,0.00024950000806711614,5.699999746866524e-05,0.018226400017738342
syn-11-balanced-007,11,balanced,full,departure_5min,4.029998672194779e-05,0.019689999986439943,0.0001556000206619501,3.890000516548753e-05,0.020427800016477704
syn-11-balanced-007,11,balanced,full,availability_25pct,2.4600012693554163e-05,0.03968429999076761,0.00020450001466087997,5.729999975301325e-05,0.04064029999426566
syn-11-balanced-008,11,balanced,full,control,4.149999585933983e-05,0.021423400001367554,0.00021130000823177397,4.849999095313251e-05,0.0222831999999471
syn-11-balanced-008,11,balanced,full,endpoints_100m,2.6699999580159783e-05,0.01855860001523979,0.00014819999341852963,3.739999374374747e-05,0.0192401000240352
syn-11-balanced-008,11,balanced,full,route_100m,2.4600012693554163e-05,0.014276600006269291,0.00014749998808838427,3.9399979868903756e-05,0.014945400005672127
syn-11-balanced-008,11,balanced,full,departure_5min,2.500001573935151e-05,0.015902999992249534,0.00022839999292045832,5.530001362785697e-05,0.01692120000370778
syn-11-balanced-008,11,balanced,full,availability_25pct,3.339999238960445e-05,0.01440859999274835,0.00012969999806955457,3.819999983534217e-05,0.015026000008219853
syn-11-balanced-009,11,balanced,full,control,3.7699996028095484e-05,0.020277800009353086,0.0002440999960526824,5.9699988923966885e-05,0.021354800002882257
syn-11-balanced-009,11,balanced,full,endpoints_100m,3.8700003642588854e-05,0.018847900006221607,0.0001483999949414283,3.840000135824084e-05,0.019766499986872077
syn-11-balanced-009,11,balanced,full,route_100m,4.0799990529194474e-05,0.014957200008211657,0.00020050001330673695,5.339999916031957e-05,0.015887499990640208
syn-11-balanced-009,11,balanced,full,departure_5min,2.7300004148855805e-05,0.01772899998468347,0.0001770000089891255,0.00017430001753382385,0.018580400006612763
syn-11-balanced-009,11,balanced,full,availability_25pct,2.5399989681318402e-05,0.0118335000006482,0.00012539999443106353,3.199998172931373e-05,0.012409599992679432
syn-11-balanced-010,11,balanced,full,control,2.2899999748915434e-05,0.015245299990056083,0.00016110000433400273,3.6600016755983233e-05,0.015901100006885827
syn-11-balanced-010,11,balanced,full,endpoints_100m,2.4100008886307478e-05,0.014997499994933605,0.00017430001753382385,3.840000135824084e-05,0.01569910001126118
syn-11-balanced-010,11,balanced,full,route_100m,2.5699991965666413e-05,0.018409799988148734,0.00015109998639672995,3.9799982914701104e-05,0.019066200009547174
syn-11-balanced-010,11,balanced,full,departure_5min,2.5599991204217076e-05,0.016341000009560958,0.0001551999885123223,4.119999357499182e-05,0.017015699995681643
syn-11-balanced-010,11,balanced,full,availability_25pct,2.2299995180219412e-05,0.011345600010827184,0.00010949998977594078,3.0199997127056122e-05,0.011882099992362782
syn-11-balanced-011,11,balanced,full,control,2.3600005079060793e-05,0.016888200014363974,0.00023330000112764537,5.800000508315861e-05,0.017753799998899922
syn-11-balanced-011,11,balanced,full,endpoints_100m,4.33000095654279e-05,0.02221960001043044,0.0001522000238765031,3.920000744983554e-05,0.022952300001634285
syn-11-balanced-011,11,balanced,full,route_100m,2.720000338740647e-05,0.023740699980407953,0.0002462000120431185,6.399999256245792e-05,0.02516530000139028
syn-11-balanced-011,11,balanced,full,departure_5min,4.700000863522291e-05,0.021826200012583286,0.0002093000221066177,7.959999493323267e-05,0.022953600011533126
syn-11-balanced-011,11,balanced,full,availability_25pct,4.3100008042529225e-05,0.019119100004900247,0.00013989998842589557,3.739999374374747e-05,0.019833600003039464
syn-11-balanced-012,11,balanced,full,control,2.3300002794712782e-05,0.014606100012315437,0.00014990000636316836,3.7999998312443495e-05,0.015321000013500452
syn-11-balanced-012,11,balanced,full,endpoints_100m,2.609999501146376e-05,0.015930800000205636,0.00022590000298805535,5.6899996707215905e-05,0.016788999986601993
syn-11-balanced-012,11,balanced,full,route_100m,2.5999994250014424e-05,0.014629099983721972,0.00014250000822357833,3.890000516548753e-05,0.015338900004280731
syn-11-balanced-012,11,balanced,full,departure_5min,2.8300011763349175e-05,0.014348800003062934,0.0001438999897800386,3.7699996028095484e-05,0.015020100021502003
syn-11-balanced-012,11,balanced,full,availability_25pct,2.1099986042827368e-05,0.009291700000176206,0.00010740000288933516,3.159997868351638e-05,0.009844199987128377
syn-11-balanced-013,11,balanced,full,control,2.370000584051013e-05,0.01481589998002164,0.00014180000289343297,3.689998993650079e-05,0.015487799973925576
syn-11-balanced-013,11,balanced,full,endpoints_100m,2.500001573935151e-05,0.015231600002152845,0.00014409999130293727,3.619998460635543e-05,0.01589909999165684
syn-11-balanced-013,11,balanced,full,route_100m,2.579999272711575e-05,0.018905700009781867,0.00022869999520480633,4.980000085197389e-05,0.019887900009052828
syn-11-balanced-013,11,balanced,full,departure_5min,3.989998367615044e-05,0.025842800008831546,0.00023859998327679932,5.439997767098248e-05,0.026890300010563806
syn-11-balanced-013,11,balanced,full,availability_25pct,3.6600016755983233e-05,0.01797769998665899,0.00014310001279227436,5.019997479394078e-05,0.018944300012663007
syn-11-balanced-014,11,balanced,full,control,2.4600012693554163e-05,0.014841600001091138,0.00019890000112354755,3.840000135824084e-05,0.015606700006173924
syn-11-balanced-014,11,balanced,full,endpoints_100m,2.6900001103058457e-05,0.01876330000231974,0.00020929999300278723,5.609999061562121e-05,0.019938299985369667
syn-11-balanced-014,11,balanced,full,route_100m,2.579999272711575e-05,0.024499299994204193,0.00024589998065494,6.369999027810991e-05,0.025512100022751838
syn-11-balanced-014,11,balanced,full,departure_5min,2.6900001103058457e-05,0.025090000010095537,0.00015429998165927827,3.960001049563289e-05,0.025774400011869147
syn-11-balanced-014,11,balanced,full,availability_25pct,2.3100001271814108e-05,0.015626800013706088,0.00012719997903332114,3.779999678954482e-05,0.01624560001073405
syn-11-balanced-015,11,balanced,full,control,3.5900011425837874e-05,0.02320319999125786,0.00015109998639672995,3.7200021324679255e-05,0.02394839999033138
syn-11-balanced-015,11,balanced,full,endpoints_100m,2.600002335384488e-05,0.015954500006046146,0.00014089999604038894,3.510000533424318e-05,0.016606099990895018
syn-11-balanced-015,11,balanced,full,route_100m,2.4399982066825032e-05,0.016692800010787323,0.00016380002489313483,3.7699996028095484e-05,0.01736729999538511
syn-11-balanced-015,11,balanced,full,departure_5min,2.5100016500800848e-05,0.01769939999212511,0.00023790000705048442,5.699999746866524e-05,0.0187214000034146
syn-11-balanced-015,11,balanced,full,availability_25pct,3.29999893438071e-05,0.016636299988022074,0.00018840000848285854,5.390000296756625e-05,0.017519599990919232
syn-11-balanced-016,11,balanced,full,control,3.3899996196851134e-05,0.01721749998978339,0.00022839999292045832,5.740000051446259e-05,0.01820900000166148
syn-11-balanced-016,11,balanced,full,endpoints_100m,2.929999027401209e-05,0.030220999993616715,9.449999197386205e-05,2.300000051036477e-05,0.03078039997490123
syn-11-balanced-016,11,balanced,full,route_100m,2.540001878514886e-05,0.014905099989846349,0.00022750001517124474,5.329999839887023e-05,0.01595969998743385
syn-11-balanced-016,11,balanced,full,departure_5min,4.1099992813542485e-05,0.01571820001117885,0.0002516999957151711,2.8499984182417393e-05,0.016350499994587153
syn-11-balanced-016,11,balanced,full,availability_25pct,1.5199999324977398e-05,0.012246800004504621,0.00012389998300932348,3.4900003811344504e-05,0.012846099998569116
syn-11-balanced-017,11,balanced,full,control,2.3399974452331662e-05,0.01437009999062866,0.00013760000001639128,3.57000099029392e-05,0.0150351999909617
syn-11-balanced-017,11,balanced,full,endpoints_100m,2.3900007363408804e-05,0.01526929999818094,0.000146100006531924,3.840000135824084e-05,0.015950300003169104
syn-11-balanced-017,11,balanced,full,route_100m,2.6900001103058457e-05,0.015303299995139241,0.0001441999920643866,3.63999861292541e-05,0.015981399978045374
syn-11-balanced-017,11,balanced,full,departure_5min,2.500001573935151e-05,0.020753599994350225,0.00022149999858811498,5.490001058205962e-05,0.021749499981524423
syn-11-balanced-017,11,balanced,full,availability_25pct,3.270001616328955e-05,0.023039399995468557,0.00019109999993816018,5.460000829771161e-05,0.02391920000081882
syn-11-balanced-018,11,balanced,full,control,3.57000099029392e-05,0.025794299988774583,0.0002294000005349517,5.7600002037361264e-05,0.026853300019865856
syn-11-balanced-018,11,balanced,full,endpoints_100m,4.05999890062958e-05,0.02621229999931529,0.00035539999953471124,5.8699981309473515e-05,0.02741430001333356
syn-11-balanced-018,11,balanced,full,route_100m,3.9000005926936865e-05,0.02441240000189282,0.00015159999020397663,3.9000005926936865e-05,0.02514869999140501
syn-11-balanced-018,11,balanced,full,departure_5min,2.609999501146376e-05,0.018224900006316602,0.0001475999888498336,3.819999983534217e-05,0.019119100004900247
syn-11-balanced-018,11,balanced,full,availability_25pct,3.609998384490609e-05,0.013239399995654821,0.00011760002234950662,3.649998689070344e-05,0.013851199997588992
syn-11-balanced-019,11,balanced,full,control,2.549999044276774e-05,0.014035700005479157,0.00015109998639672995,3.819999983534217e-05,0.014710200019180775
syn-11-balanced-019,11,balanced,full,endpoints_100m,2.5500019546598196e-05,0.013951300003100187,0.00015249999705702066,3.809999907389283e-05,0.014640399982454255
syn-11-balanced-019,11,balanced,full,route_100m,2.4899985874071717e-05,0.021925299981376156,0.00023450001026503742,4.270000499673188e-05,0.02273359999526292
syn-11-balanced-019,11,balanced,full,departure_5min,2.820001100189984e-05,0.014467200002400205,0.000142700009746477,3.759999526664615e-05,0.015136699978029355
syn-11-balanced-019,11,balanced,full,availability_25pct,2.1000014385208488e-05,0.008077900012722239,7.479998748749495e-05,2.4300010409206152e-05,0.00847330002579838
syn-11-dense-000,11,dense,full,control,3.630001447163522e-05,0.037451299984240904,0.00044249999336898327,8.480000542476773e-05,0.03927189999376424
syn-11-dense-000,11,dense,full,endpoints_100m,7.429998368024826e-05,0.04191940001328476,0.0002809999859891832,5.089998012408614e-05,0.04412679999950342
syn-11-dense-000,11,dense,full,route_100m,0.00030839999089948833,0.040476599999237806,0.0006364999862853438,7.619999814778566e-05,0.04293719999259338
syn-11-dense-000,11,dense,full,departure_5min,5.059997783973813e-05,0.0292306000192184,0.00025209999876096845,5.490001058205962e-05,0.03051219999906607
syn-11-dense-000,11,dense,full,availability_25pct,4.099999205209315e-05,0.02448639998328872,0.00021410000044852495,4.349998198449612e-05,0.025431999994907528
syn-11-dense-001,11,dense,full,control,5.6899996707215905e-05,0.034605300024850294,0.00025859999004751444,0.00017770001431927085,0.036211099999491125
syn-11-dense-001,11,dense,full,endpoints_100m,5.85000088904053e-05,0.030596199998399243,0.00031189998844638467,5.6899996707215905e-05,0.03190150001319125
syn-11-dense-001,11,dense,full,route_100m,3.9399979868903756e-05,0.029393099976005033,0.0002513000217732042,5.3099996875971556e-05,0.030532000004313886
syn-11-dense-001,11,dense,full,departure_5min,3.6600016755983233e-05,0.031224300008034334,0.00025469998945482075,7.71000050008297e-05,0.03246040001977235
syn-11-dense-001,11,dense,full,availability_25pct,7.940002251416445e-05,0.027851899998495355,0.00022289998014457524,4.859999171458185e-05,0.028889499983051792
syn-11-dense-002,11,dense,full,control,3.6200013710185885e-05,0.044011599995428696,0.00045530000352300704,8.9599983766675e-05,0.045895100018242374
syn-11-dense-002,11,dense,full,endpoints_100m,6.880000000819564e-05,0.036254000006010756,0.0004230999911669642,9.129999671131372e-05,0.03804859999218024
syn-11-dense-002,11,dense,full,route_100m,6.500000017695129e-05,0.03993840000475757,0.0002682000049389899,5.6500022765249014e-05,0.041122800001176074
syn-11-dense-002,11,dense,full,departure_5min,3.779999678954482e-05,0.03927589999511838,0.0002567000046838075,5.5599986808374524e-05,0.040415900002699345
syn-11-dense-002,11,dense,full,availability_25pct,3.190001007169485e-05,0.029012200015131384,0.0003437999985180795,7.799998275004327e-05,0.030606599990278482
syn-11-dense-003,11,dense,full,control,5.949998740106821e-05,0.04785619999165647,0.0002708999963942915,5.43000060133636e-05,0.04905109998071566
syn-11-dense-003,11,dense,full,endpoints_100m,3.840000135824084e-05,0.03376170000410639,0.00046999999904073775,9.120002505369484e-05,0.0356053999857977
syn-11-dense-003,11,dense,full,route_100m,6.809999467805028e-05,0.029970600007800385,0.00026450000586919487,5.3099996875971556e-05,0.03119369997875765
syn-11-dense-003,11,dense,full,departure_5min,3.749999450519681e-05,0.02836990001378581,0.0002683999773580581,4.679997800849378e-05,0.0298999999940861
syn-11-dense-003,11,dense,full,availability_25pct,3.4500000765547156e-05,0.021991099987644702,0.00019759999122470617,4.4400017941370606e-05,0.02292639997904189
syn-11-dense-004,11,dense,full,control,3.4500000765547156e-05,0.029239299998153,0.0002482999989297241,5.439997767098248e-05,0.030768099997658283
syn-11-dense-004,11,dense,full,endpoints_100m,6.479999865405262e-05,0.03492720000213012,0.0003887000202666968,5.339999916031957e-05,0.036425500002224
syn-11-dense-004,11,dense,full,route_100m,4.33000095654279e-05,0.03342030002386309,0.00025759998243302107,5.3499999921768904e-05,0.03468620000057854
syn-11-dense-004,11,dense,full,departure_5min,3.9300008211284876e-05,0.038184600009117275,0.0002649000089149922,5.5100012104958296e-05,0.039313799992669374
syn-11-dense-004,11,dense,full,availability_25pct,3.100000321865082e-05,0.0213588000042364,0.00020819998462684453,4.780001472681761e-05,0.022308900021016598
syn-11-dense-005,11,dense,full,control,4.680000711232424e-05,0.028555500000948086,0.00024900000425986946,5.0700007705017924e-05,0.029696999990846962
syn-11-dense-005,11,dense,full,endpoints_100m,3.789999755099416e-05,0.03374799998709932,0.0002812000166159123,5.140001303516328e-05,0.03490679999231361
syn-11-dense-005,11,dense,full,route_100m,3.710002056322992e-05,0.029506799997761846,0.00027600000612437725,5.4100004490464926e-05,0.03069719998165965
syn-11-dense-005,11,dense,full,departure_5min,3.8300000596791506e-05,0.029795800015563145,0.0002741999924182892,5.299999611452222e-05,0.03163490002043545
syn-11-dense-005,11,dense,full,availability_25pct,6.510000093840063e-05,0.026368599996203557,0.00021970001398585737,4.830001853406429e-05,0.02741400001104921
syn-11-dense-006,11,dense,full,control,3.5299977753311396e-05,0.034388600004604086,0.0002810999867506325,5.299999611452222e-05,0.03571850000298582
syn-11-dense-006,11,dense,full,endpoints_100m,7.2900002123788e-05,0.03591159998904914,0.0002699000178836286,5.219999002292752e-05,0.03708320000441745
syn-11-dense-006,11,dense,full,route_100m,3.7999998312443495e-05,0.031529100000625476,0.0002530000056140125,5.5100012104958296e-05,0.03264290001243353
syn-11-dense-006,11,dense,full,departure_5min,3.589998232200742e-05,0.029821999982232228,0.0002829000004567206,5.4800009820610285e-05,0.03095220000250265
syn-11-dense-006,11,dense,full,availability_25pct,3.409999771974981e-05,0.024921099975472316,0.00022420001914724708,4.990000161342323e-05,0.02587930002482608
syn-11-dense-007,11,dense,full,control,4.800001624971628e-05,0.03615010000066832,0.00025610000011511147,5.400000372901559e-05,0.03750639999634586
syn-11-dense-007,11,dense,full,endpoints_100m,5.9600017266348004e-05,0.028549299982842058,0.00025340000865980983,5.440000677481294e-05,0.029708499991102144
syn-11-dense-007,11,dense,full,route_100m,3.91000066883862e-05,0.030991100007668138,0.0002572000084910542,5.409997538663447e-05,0.03214230001321994
syn-11-dense-007,11,dense,full,departure_5min,3.700001980178058e-05,0.034827099996618927,0.0002640000020619482,5.509998300112784e-05,0.035978599975351244
syn-11-dense-007,11,dense,full,availability_25pct,3.120000474154949e-05,0.021575699996901676,0.0001928999845404178,5.420000525191426e-05,0.022619099996518344
syn-11-dense-008,11,dense,full,control,5.909998435527086e-05,0.033067000011214986,0.00035909999860450625,4.999997327104211e-05,0.03482979998807423
syn-11-dense-008,11,dense,full,endpoints_100m,7.090001599863172e-05,0.029741399979684502,0.0002556999970693141,5.390000296756625e-05,0.031225199985783547
syn-11-dense-008,11,dense,full,route_100m,4.089999129064381e-05,0.033390299999155104,0.000288500013994053,5.639999289996922e-05,0.03491099999519065
syn-11-dense-008,11,dense,full,departure_5min,4.300000728107989e-05,0.028179800021462142,0.0002604000037536025,5.329999839887023e-05,0.029320500005269423
syn-11-dense-008,11,dense,full,availability_25pct,3.5200006095692515e-05,0.025697299977764487,0.00032890000147745013,4.290000651963055e-05,0.026780999993206933
syn-11-dense-009,11,dense,full,control,4.6900007873773575e-05,0.03335390001302585,0.0002294000005349517,4.5599997974932194e-05,0.03439389998675324
syn-11-dense-009,11,dense,full,endpoints_100m,0.00011210000957362354,0.032941500016022474,0.00034169998252764344,5.8200006606057286e-05,0.03426089999265969
syn-11-dense-009,11,dense,full,route_100m,3.649998689070344e-05,0.030178399989381433,0.00026020000223070383,5.5100012104958296e-05,0.03201439999975264
syn-11-dense-009,11,dense,full,departure_5min,2.8900016332045197e-05,0.03943730000173673,0.0007316999835893512,5.780000356025994e-05,0.041796799981966615
syn-11-dense-009,11,dense,full,availability_25pct,4.8299989430233836e-05,0.024330399988684803,0.00022119999630376697,4.6900007873773575e-05,0.02548360000946559
syn-11-dense-010,11,dense,full,control,3.610001294873655e-05,0.02898339999956079,0.0002521999995224178,5.23999915458262e-05,0.030084899975918233
syn-11-dense-010,11,dense,full,endpoints_100m,3.860000288113952e-05,0.030518599989591166,0.0002584000176284462,5.269999383017421e-05,0.03161020000698045
syn-11-dense-010,11,dense,full,route_100m,3.6699988413602114e-05,0.03232749999733642,0.00025469998945482075,5.4599979193881154e-05,0.03344580001430586
syn-11-dense-010,11,dense,full,departure_5min,3.7299992982298136e-05,0.03489449998596683,0.0002595999976620078,6.409999332390726e-05,0.03657810000004247
syn-11-dense-010,11,dense,full,availability_25pct,4.9700000090524554e-05,0.023399500001687557,0.00018390000332146883,4.350001108832657e-05,0.024260400008643046
syn-11-dense-011,11,dense,full,control,3.510000533424318e-05,0.029880199988838285,0.00027030002092942595,5.590001819655299e-05,0.03149180000764318
syn-11-dense-011,11,dense,full,endpoints_100m,4.509999416768551e-05,0.03190170001471415,0.00025519999326206744,5.2300019888207316e-05,0.03372229999513365
syn-11-dense-011,11,dense,full,route_100m,5.059997783973813e-05,0.030170800018822774,0.0002612999815028161,5.440000677481294e-05,0.03132680000271648
syn-11-dense-011,11,dense,full,departure_5min,3.7200021324679255e-05,0.029294999985722825,0.00040869999793358147,8.819997310638428e-05,0.030967799975769594
syn-11-dense-011,11,dense,full,availability_25pct,4.379998426884413e-05,0.05198029999155551,0.00037239998346194625,6.079999729990959e-05,0.05422240000916645
syn-11-dense-012,11,dense,full,control,3.749999450519681e-05,0.04164320000563748,0.00034779999987222254,5.900001269765198e-05,0.04309720001765527
syn-11-dense-012,11,dense,full,endpoints_100m,5.740000051446259e-05,0.039017300005070865,0.0002764000091701746,5.6200020480901e-05,0.04017819999717176
syn-11-dense-012,11,dense,full,route_100m,3.7699996028095484e-05,0.04014130000723526,0.0003667000273708254,7.449998520314693e-05,0.0416655000008177
syn-11-dense-012,11,dense,full,departure_5min,5.180001608096063e-05,0.03394550000666641,0.00025829998776316643,5.339999916031957e-05,0.03508449997752905
syn-11-dense-012,11,dense,full,availability_25pct,3.3100019209086895e-05,0.028079699986847118,0.00022149999858811498,5.0300004659220576e-05,0.02907660001073964
syn-11-dense-013,11,dense,full,control,3.6600016755983233e-05,0.03763159998925403,0.00027450002380646765,5.490001058205962e-05,0.03880039998330176
syn-11-dense-013,11,dense,full,endpoints_100m,3.709999145939946e-05,0.03079940000316128,0.0002556999970693141,5.43000060133636e-05,0.0319230999739375
syn-11-dense-013,11,dense,full,route_100m,3.679998917505145e-05,0.03336110000964254,0.00026279999292455614,5.4800009820610285e-05,0.03461639999295585
syn-11-dense-013,11,dense,full,departure_5min,4.05999890062958e-05,0.04602290000184439,0.00046449998626485467,8.530000923201442e-05,0.048777300020447
syn-11-dense-013,11,dense,full,availability_25pct,3.399999695830047e-05,0.031019799993373454,0.00021959998412057757,4.600000102072954e-05,0.03200519998790696
syn-11-dense-014,11,dense,full,control,3.7699996028095484e-05,0.03189860002021305,0.00025939999613910913,5.3499999921768904e-05,0.03303670001332648
syn-11-dense-014,11,dense,full,endpoints_100m,3.809999907389283e-05,0.03262810001615435,0.0005142999871168286,4.7699984861537814e-05,0.033987200004048645
syn-11-dense-014,11,dense,full,route_100m,5.190001684240997e-05,0.032899699988774955,0.0005395000043790787,5.709999823011458e-05,0.034344299987424165
syn-11-dense-014,11,dense,full,departure_5min,3.7999998312443495e-05,0.02943070000037551,0.00025460001779720187,5.3800002206116915e-05,0.030561800027498975
syn-11-dense-014,11,dense,full,availability_25pct,2.8600014047697186e-05,0.019750900013605133,0.00016700002015568316,3.8700003642588854e-05,0.02056020000600256
syn-11-dense-015,11,dense,full,control,3.6999990697950125e-05,0.03636769999866374,0.0002623000182211399,5.0000002374872565e-05,0.03744319998077117
syn-11-dense-015,11,dense,full,endpoints_100m,3.700001980178058e-05,0.044737799995345995,0.00044639999396167696,8.769999840296805e-05,0.04674570000497624
syn-11-dense-015,11,dense,full,route_100m,7.03000114299357e-05,0.04806149998330511,0.00043420001748017967,8.72999953571707e-05,0.04993629999808036
syn-11-dense-015,11,dense,full,departure_5min,6.2700011767447e-05,0.038233700004639104,0.00025930002448149025,5.269999383017421e-05,0.03943579999031499
syn-11-dense-015,11,dense,full,availability_25pct,2.9999995604157448e-05,0.021156899980269372,0.00018030000501312315,4.420001641847193e-05,0.022037700022337958
syn-11-dense-016,11,dense,full,control,6.369999027810991e-05,0.03536609999719076,0.0002696000155992806,5.540001438930631e-05,0.036544599977787584
syn-11-dense-016,11,dense,full,endpoints_100m,3.789999755099416e-05,0.04416930000297725,0.00044570001773536205,9.129999671131372e-05,0.04602310000336729
syn-11-dense-016,11,dense,full,route_100m,6.330001633614302e-05,0.04204350002692081,0.0003541000187397003,6.330001633614302e-05,0.04338899999856949
syn-11-dense-016,11,dense,full,departure_5min,3.9399979868903756e-05,0.0487301999819465,0.0004642000130843371,8.45999747980386e-05,0.05065640000975691
syn-11-dense-016,11,dense,full,availability_25pct,5.299999611452222e-05,0.03138450000551529,0.00020450001466087997,4.67000063508749e-05,0.03251329998602159
syn-11-dense-017,11,dense,full,control,3.5200006095692515e-05,0.029176700016250834,0.0004771999956574291,5.840000812895596e-05,0.030598800018196926
syn-11-dense-017,11,dense,full,endpoints_100m,4.0799990529194474e-05,0.02955639999709092,0.000531300000147894,0.00010219999239780009,0.03171050001401454
syn-11-dense-017,11,dense,full,route_100m,6.560000474564731e-05,0.03903899999568239,0.0002564000023994595,5.4800009820610285e-05,0.040215699991676956
syn-11-dense-017,11,dense,full,departure_5min,3.789999755099416e-05,0.031205799983581528,0.00025630000163801014,5.5199983762577176e-05,0.03236549999564886
syn-11-dense-017,11,dense,full,availability_25pct,3.440000000409782e-05,0.02510710002388805,0.00024759999359957874,4.779998562298715e-05,0.026131600025109947
syn-11-dense-018,11,dense,full,control,3.649998689070344e-05,0.029454899980919436,0.00025919999461621046,5.399997462518513e-05,0.03059790001134388
syn-11-dense-018,11,dense,full,endpoints_100m,3.739999374374747e-05,0.028782600013073534,0.0002581999870017171,5.339999916031957e-05,0.029917500010924414
syn-11-dense-018,11,dense,full,route_100m,3.779999678954482e-05,0.03283830001601018,0.00026099997921846807,5.269999383017421e-05,0.03400000001420267
syn-11-dense-018,11,dense,full,departure_5min,3.819999983534217e-05,0.031102500011911616,0.00025599999935366213,5.409997538663447e-05,0.03225029999157414
syn-11-dense-018,11,dense,full,availability_25pct,3.609998384490609e-05,0.0314146000018809,0.0002367999986745417,4.830001853406429e-05,0.03250370000023395
syn-11-dense-019,11,dense,full,control,3.6500015994533896e-05,0.034067400003550574,0.00026119998074136674,5.5800017435103655e-05,0.035216900025261566
syn-11-dense-019,11,dense,full,endpoints_100m,3.759999526664615e-05,0.03889090000302531,0.0002818999928422272,5.440000677481294e-05,0.04011269999318756
syn-11-dense-019,11,dense,full,route_100m,3.9000005926936865e-05,0.031576700013829395,0.0002586999908089638,5.339999916031957e-05,0.03275549999671057
syn-11-dense-019,11,dense,full,departure_5min,3.759999526664615e-05,0.03104090000852011,0.00025519999326206744,5.3499999921768904e-05,0.032177000015508384
syn-11-dense-019,11,dense,full,availability_25pct,3.260001540184021e-05,0.02424930001143366,0.0002294000005349517,4.879999323748052e-05,0.025242599978810176
syn-29-thin-000,29,thin,full,control,1.3299984857439995e-05,0.004478299990296364,4.680000711232424e-05,2.2899999748915434e-05,0.004752700013341382
syn-29-thin-000,29,thin,full,endpoints_100m,1.2200005585327744e-05,0.006130099995061755,9.90999978967011e-05,3.8300000596791506e-05,0.0065756999829318374
syn-29-thin-000,29,thin,full,route_100m,2.3600005079060793e-05,0.006315699982224032,8.260001777671278e-05,3.1199975637719035e-05,0.006672100018477067
syn-29-thin-000,29,thin,full,departure_5min,1.6499980119988322e-05,0.004625299974577501,5.660002352669835e-05,2.579999272711575e-05,0.004894899990176782
syn-29-thin-000,29,thin,full,availability_25pct,1.2100004823878407e-05,0.004505999997491017,5.3099996875971556e-05,2.4900014977902174e-05,0.004755800007842481
syn-29-thin-001,29,thin,full,control,1.2100004823878407e-05,0.004466800019145012,4.529999569058418e-05,2.2799998987466097e-05,0.004750599997350946
syn-29-thin-001,29,thin,full,endpoints_100m,1.270000939257443e-05,0.007398300018394366,0.00010299999848939478,4.800001624971628e-05,0.008192000008421019
syn-29-thin-001,29,thin,full,route_100m,1.9700004486367106e-05,0.005849600012879819,6.350001785904169e-05,3.0399998649954796e-05,0.006209200015291572
syn-29-thin-001,29,thin,full,departure_5min,1.6000005416572094e-05,0.005146499985130504,6.500000017695129e-05,3.029999788850546e-05,0.005484599998453632
syn-29-thin-001,29,thin,full,availability_25pct,1.580000389367342e-05,0.007058499992126599,9.710001177154481e-05,4.600000102072954e-05,0.007541099999798462
syn-29-thin-002,29,thin,full,control,1.4499993994832039e-05,0.007951100007630885,8.230001549236476e-05,3.9700011257082224e-05,0.008398900012252852
syn-29-thin-002,29,thin,full,endpoints_100m,2.030000905506313e-05,0.005430499993963167,9.14999982342124e-05,2.449998282827437e-05,0.005780200008302927
syn-29-thin-002,29,thin,full,route_100m,1.5199999324977398e-05,0.0046135000011418015,4.780001472681761e-05,3.1800009310245514e-05,0.004877900006249547
syn-29-thin-002,29,thin,full,departure_5min,1.3599987141788006e-05,0.00489069998729974,6.320001557469368e-05,2.929999027401209e-05,0.005239099991740659
syn-29-thin-002,29,thin,full,availability_25pct,1.4600023860111833e-05,0.0033941000001505017,3.9700011257082224e-05,2.1599989850074053e-05,0.0036395000061020255
syn-29-thin-003,29,thin,full,control,1.2400007108226418e-05,0.004747800005134195,7.380000897683203e-05,3.0499999411404133e-05,0.005133500002557412
syn-29-thin-003,29,thin,full,endpoints_100m,1.6499980119988322e-05,0.006229599996004254,6.880000000819564e-05,2.920001861639321e-05,0.006572799989953637
syn-29-thin-003,29,thin,full,route_100m,1.6099977074190974e-05,0.004596699989633635,5.23999915458262e-05,2.3300002794712782e-05,0.004881100001512095
syn-29-thin-003,29,thin,full,departure_5min,1.4200020814314485e-05,0.0056677999964449555,7.770000956952572e-05,2.7600006433203816e-05,0.005986799980746582
syn-29-thin-003,29,thin,full,availability_25pct,8.500006515532732e-06,0.0017441000090911984,3.0199997127056122e-05,2.0899984519928694e-05,0.0019388000073377043
syn-29-thin-004,29,thin,full,control,1.4299992471933365e-05,0.004668400011723861,5.199998850002885e-05,1.920000067912042e-05,0.0049842000007629395
syn-29-thin-004,29,thin,full,endpoints_100m,1.3500015484169126e-05,0.005118700006278232,6.839999696239829e-05,2.570002106949687e-05,0.005464299989398569
syn-29-thin-004,29,thin,full,route_100m,1.5900004655122757e-05,0.004506400000536814,6.44999963697046e-05,2.440001117065549e-05,0.00485080000362359
syn-29-thin-004,29,thin,full,departure_5min,1.5199999324977398e-05,0.0045316000177990645,5.259999306872487e-05,1.960000372491777e-05,0.004798200010554865
syn-29-thin-004,29,thin,full,availability_25pct,2.4399982066825032e-05,0.004630299983546138,0.00011359999189153314,2.0500010577961802e-05,0.0050063999951817095
syn-29-thin-005,29,thin,full,control,1.5700003132224083e-05,0.004649600014090538,5.49999822396785e-05,1.719998545013368e-05,0.004985800012946129
syn-29-thin-005,29,thin,full,endpoints_100m,1.3800017768517137e-05,0.005234900017967448,0.00020740000763908029,1.6400008462369442e-05,0.005650700011756271
syn-29-thin-005,29,thin,full,route_100m,1.300001167692244e-05,0.004792199993971735,7.239999831654131e-05,2.020000829361379e-05,0.005109399993671104
syn-29-thin-005,29,thin,full,departure_5min,1.3999990187585354e-05,0.004568600008497015,6.070002564229071e-05,1.6200006939470768e-05,0.004827299999305978
syn-29-thin-005,29,thin,full,availability_25pct,8.800008799880743e-06,0.0011447000142652541,1.889999839477241e-05,9.400013368576765e-06,0.0012729000009130687
syn-29-thin-006,29,thin,full,control,1.5600002370774746e-05,0.00472329999320209,6.630001007579267e-05,1.4899997040629387e-05,0.005048499995609745
syn-29-thin-006,29,thin,full,endpoints_100m,1.6099977074190974e-05,0.00464780000038445,6.659998325631022e-05,1.5700003132224083e-05,0.004991199995856732
syn-29-thin-006,29,thin,full,route_100m,1.3499986380338669e-05,0.005034799978602678,3.190001007169485e-05,7.300026481971145e-06,0.005198300001211464
syn-29-thin-006,29,thin,full,departure_5min,8.000002708286047e-06,0.005991399986669421,7.660000119358301e-05,2.2099993657320738e-05,0.006370000017341226
syn-29-thin-006,29,thin,full,availability_25pct,1.6799982404336333e-05,0.0023206000041682273,4.110002191737294e-05,1.2999982573091984e-05,0.0025357999838888645
syn-29-thin-007,29,thin,full,control,2.030000905506313e-05,0.005267700005788356,4.089999129064381e-05,1.0100018698722124e-05,0.005477900005644187
syn-29-thin-007,29,thin,full,endpoints_100m,9.600014891475439e-06,0.0044729000073857605,5.649999366141856e-05,1.1200027074664831e-05,0.004831599973840639
syn-29-thin-007,29,thin,full,route_100m,1.479999627918005e-05,0.005538099998375401,0.0001818999880924821,2.3900007363408804e-05,0.006212500011315569
syn-29-thin-007,29,thin,full,departure_5min,2.600002335384488e-05,0.011109399987617508,7.509998977184296e-05,8.070000330917537e-05,0.011680099996738136
syn-29-thin-007,29,thin,full,availability_25pct,2.640002639964223e-05,0.009941799973603338,0.00011150000500492752,2.440001117065549e-05,0.010459799988893792
syn-29-thin-008,29,thin,full,control,2.4500011932104826e-05,0.006756699993275106,7.509998977184296e-05,1.8399994587525725e-05,0.007120399997802451
syn-29-thin-008,29,thin,full,endpoints_100m,1.7099984688684344e-05,0.007118100009392947,9.459999273531139e-05,2.220002352260053e-05,0.007735299994237721
syn-29-thin-008,29,thin,full,route_100m,2.2199994418770075e-05,0.00836800000979565,0.00038240000139921904,2.020000829361379e-05,0.009193800011416897
syn-29-thin-008,29,thin,full,departure_5min,2.5899993488565087e-05,0.00762290001148358,0.00020900001982226968,2.0100007532164454e-05,0.008134200004860759
syn-29-thin-008,29,thin,full,availability_25pct,1.7799990018829703e-05,0.00583009998081252,9.960000170394778e-05,2.1799991372972727e-05,0.006538000016007572
syn-29-thin-009,29,thin,full,control,2.2700027329847217e-05,0.008589199976995587,6.19000056758523e-05,2.6599998818710446e-05,0.009185700007947162
syn-29-thin-009,29,thin,full,endpoints_100m,0.0002263000060338527,0.008609799988334998,8.170001092366874e-05,3.460000152699649e-05,0.009350999986054376
syn-29-thin-009,29,thin,full,route_100m,2.449998282827437e-05,0.010044599999673665,4.5900000259280205e-05,1.4199991710484028e-05,0.010283000010531396
syn-29-thin-009,29,thin,full,departure_5min,1.069999416358769e-05,0.006788099999539554,9.549999958835542e-05,2.9699993319809437e-05,0.00727459997870028
syn-29-thin-009,29,thin,full,availability_25pct,2.609999501146376e-05,0.006522000010591,6.189997657202184e-05,1.889999839477241e-05,0.006846899981610477
syn-29-thin-010,29,thin,full,control,1.4099990949034691e-05,0.004753200017148629,7.050001295283437e-05,2.6500027161091566e-05,0.005078599991975352
syn-29-thin-010,29,thin,full,endpoints_100m,1.5900004655122757e-05,0.004801100003533065,6.0399994254112244e-05,2.3500004317611456e-05,0.005125399999087676
syn-29-thin-010,29,thin,full,route_100m,1.5300000086426735e-05,0.00470109999878332,6.769999163225293e-05,2.720000338740647e-05,0.005020400014473125
syn-29-thin-010,29,thin,full,departure_5min,1.4299992471933365e-05,0.004997699987143278,6.3000014051795e-05,2.4600012693554163e-05,0.00533529999665916
syn-29-thin-010,29,thin,full,availability_25pct,1.5300000086426735e-05,0.0046108000096865,0.00013679999392479658,2.6599998818710446e-05,0.004997000010916963
syn-29-thin-011,29,thin,full,control,1.3699987903237343e-05,0.005592499976046383,6.400002166628838e-05,2.8700014809146523e-05,0.005939299997407943
syn-29-thin-011,29,thin,full,endpoints_100m,1.4999997802078724e-05,0.006648100010352209,9.009998757392168e-05,3.819999983534217e-05,0.007201700005680323
syn-29-thin-011,29,thin,full,route_100m,2.1499989088624716e-05,0.008188200008589774,9.729998419061303e-05,3.809999907389283e-05,0.008661300002131611
syn-29-thin-011,29,thin,full,departure_5min,2.2299995180219412e-05,0.0072552000056020916,6.910000229254365e-05,2.929999027401209e-05,0.007623000012245029
syn-29-thin-011,29,thin,full,availability_25pct,1.650000922381878e-05,0.006277300009969622,9.039998985826969e-05,4.0000013541430235e-05,0.00675470000714995
syn-29-thin-012,29,thin,full,control,2.1400017431005836e-05,0.004792499996256083,5.77000027988106e-05,2.7900008717551827e-05,0.005154899990884587
syn-29-thin-012,29,thin,full,endpoints_100m,1.4599994756281376e-05,0.004486399993766099,4.749998333863914e-05,2.3800006601959467e-05,0.004755200003273785
syn-29-thin-012,29,thin,full,route_100m,1.3300013961270452e-05,0.005190399999264628,0.00010350000229664147,5.0000002374872565e-05,0.005709499993827194
syn-29-thin-012,29,thin,full,departure_5min,2.4600012693554163e-05,0.00932079998892732,9.529999806545675e-05,4.579999949783087e-05,0.00982310000108555
syn-29-thin-012,29,thin,full,availability_25pct,1.4299992471933365e-05,0.0019894999859388918,3.779999678954482e-05,2.579999272711575e-05,0.0022338000126183033
syn-29-thin-013,29,thin,full,control,1.4399993233382702e-05,0.00584349999553524,6.739998934790492e-05,3.070000093430281e-05,0.006184400001075119
syn-29-thin-013,29,thin,full,endpoints_100m,1.4899997040629387e-05,0.005070899991551414,0.0001508000132162124,3.57000099029392e-05,0.005536999989999458
syn-29-thin-013,29,thin,full,route_100m,1.7399986973032355e-05,0.006188800005475059,8.229998638853431e-05,3.3899996196851134e-05,0.0065630000026430935
syn-29-thin-013,29,thin,full,departure_5min,2.600002335384488e-05,0.004680000012740493,6.389999180100858e-05,2.859998494386673e-05,0.005022400000598282
syn-29-thin-013,29,thin,full,availability_25pct,1.719998545013368e-05,0.004539899993687868,5.2099989261478186e-05,2.4199980543926358e-05,0.004817800014279783
syn-29-thin-014,29,thin,full,control,1.920000067912042e-05,0.005622500000754371,6.740001845173538e-05,3.130000550299883e-05,0.00596779998159036
syn-29-thin-014,29,thin,full,endpoints_100m,1.5099998563528061e-05,0.004944300017086789,5.759997293353081e-05,2.720000338740647e-05,0.005260600009933114
syn-29-thin-014,29,thin,full,route_100m,1.400001929141581e-05,0.0052063000039197505,8.950001210905612e-05,4.189999890513718e-05,0.005682199989678338
syn-29-thin-014,29,thin,full,departure_5min,2.3699976736679673e-05,0.004855700011830777,6.150000263005495e-05,2.8999987989664078e-05,0.005183600005693734
syn-29-thin-014,29,thin,full,availability_25pct,1.2499978765845299e-05,0.0027820999966934323,5.329999839887023e-05,2.9999995604157448e-05,0.003088099998421967
syn-29-thin-015,29,thin,full,control,1.4699995517730713e-05,0.0044556000211741775,4.999997327104211e-05,2.069998299703002e-05,0.0047602000122424215
syn-29-thin-015,29,thin,full,endpoints_100m,1.4699995517730713e-05,0.004679799982113764,6.829999620094895e-05,3.0000024707987905e-05,0.005007700005080551
syn-29-thin-015,29,thin,full,route_100m,1.559997326694429e-05,0.004633700009435415,5.1000009989365935e-05,2.239999594166875e-05,0.004891099990345538
syn-29-thin-015,29,thin,full,departure_5min,1.2400007108226418e-05,0.005874700000276789,7.300000288523734e-05,3.500000457279384e-05,0.006437500007450581
syn-29-thin-015,29,thin,full,availability_25pct,2.6399997295811772e-05,0.00393959999200888,5.85000088904053e-05,2.5200017262250185e-05,0.004241199989337474
syn-29-thin-016,29,thin,full,control,1.200000406242907e-05,0.005533300020033494,6.700001540593803e-05,2.5200017262250185e-05,0.005887600011192262
syn-29-thin-016,29,thin,full,endpoints_100m,1.7299986211583018e-05,0.004770600004121661,4.4500018702819943e-05,6.250001024454832e-05,0.005038700008299202
syn-29-thin-016,29,thin,full,route_100m,1.0099989594891667e-05,0.004205799981718883,9.350001346319914e-05,3.209998249076307e-05,0.0046818999981042
syn-29-thin-016,29,thin,full,departure_5min,1.7700018361210823e-05,0.006288900010986254,0.0003638999769464135,2.0799983758479357e-05,0.006955799995921552
syn-29-thin-016,29,thin,full,availability_25pct,1.7600017599761486e-05,0.004489999992074445,6.38000201433897e-05,2.3500004317611456e-05,0.0048462999984622
syn-29-thin-017,29,thin,full,control,1.3499986380338669e-05,0.004925099987303838,4.859999171458185e-05,2.2099993657320738e-05,0.0052220000070519745
syn-29-thin-017,29,thin,full,endpoints_100m,1.379998866468668e-05,0.006128600012743846,7.680000271648169e-05,2.300000051036477e-05,0.006506599980639294
syn-29-thin-017,29,thin,full,route_100m,1.6400008462369442e-05,0.004773100023157895,6.689998554065824e-05,2.060001133941114e-05,0.0051334000017959625
syn-29-thin-017,29,thin,full,departure_5min,1.6000005416572094e-05,0.005911200016271323,0.0003239999932702631,2.0599982235580683e-05,0.006479800009401515
syn-29-thin-017,29,thin,full,availability_25pct,1.5400000847876072e-05,0.004721700010122731,6.569997640326619e-05,2.0700012100860476e-05,0.005055999994510785
syn-29-thin-018,29,thin,full,control,1.2300006346777081e-05,0.005129500001203269,8.16000101622194e-05,1.069999416358769e-05,0.005393700004788116
syn-29-thin-018,29,thin,full,endpoints_100m,1.0299991117790341e-05,0.0048682999913580716,7.280000136233866e-05,1.5400000847876072e-05,0.005211199983023107
syn-29-thin-018,29,thin,full,route_100m,1.6300007700920105e-05,0.00462110000080429,6.560000474564731e-05,1.2100004823878407e-05,0.0049186999967787415
syn-29-thin-018,29,thin,full,departure_5min,1.4899997040629387e-05,0.004509399994276464,5.199998850002885e-05,1.0399991879239678e-05,0.004758099996251985
syn-29-thin-018,29,thin,full,availability_25pct,1.5099998563528061e-05,0.008837500005029142,6.510000093840063e-05,1.7099984688684344e-05,0.009157299995422363
syn-29-thin-019,29,thin,full,control,1.2500007869675756e-05,0.005027299979701638,7.810001261532307e-05,1.780001912266016e-05,0.0053789999801665545
syn-29-thin-019,29,thin,full,endpoints_100m,1.5700003132224083e-05,0.004567900003166869,5.139998393133283e-05,1.0899995686486363e-05,0.004809900012332946
syn-29-thin-019,29,thin,full,route_100m,1.3499986380338669e-05,0.004592199984472245,5.040000542066991e-05,9.899988071992993e-06,0.004820000001927838
syn-29-thin-019,29,thin,full,departure_5min,1.2599979527294636e-05,0.005208199989283457,0.00010070001007989049,2.2899999748915434e-05,0.005705499992473051
syn-29-thin-019,29,thin,full,availability_25pct,2.6399997295811772e-05,0.00403589999768883,4.9700000090524554e-05,1.4099990949034691e-05,0.004292099998565391
syn-29-balanced-000,29,balanced,full,control,4.2100000428035855e-05,0.01584409998031333,0.0002447000006213784,4.2100000428035855e-05,0.016642700007651
syn-29-balanced-000,29,balanced,full,endpoints_100m,2.859998494386673e-05,0.014204399980371818,0.00021699999342672527,0.00041039998177438974,0.015611000009812415
syn-29-balanced-000,29,balanced,full,route_100m,3.070000093430281e-05,0.014292799984104931,0.0005582000012509525,6.0399994254112244e-05,0.015582199994241819
syn-29-balanced-000,29,balanced,full,departure_5min,2.750000567175448e-05,0.01672000001417473,0.00015809998149052262,3.029999788850546e-05,0.017541000008350238
syn-29-balanced-000,29,balanced,full,availability_25pct,1.6099977074190974e-05,0.009278399986214936,0.00010760000441223383,3.090000245720148e-05,0.009752599988132715
syn-29-balanced-001,29,balanced,full,control,2.269999822601676e-05,0.016795899980934337,0.00014620000729337335,3.4900003811344504e-05,0.017446900019422174
syn-29-balanced-001,29,balanced,full,endpoints_100m,2.479998511262238e-05,0.0146070999908261,0.00015199999324977398,3.7699996028095484e-05,0.01533600001130253
syn-29-balanced-001,29,balanced,full,route_100m,2.579999272711575e-05,0.01725200001965277,0.0002353000163566321,5.6100019719451666e-05,0.018138699990231544
syn-29-balanced-001,29,balanced,full,departure_5min,8.589998469687998e-05,0.016822500008856878,0.00011669998639263213,3.0199997127056122e-05,0.01742519999970682
syn-29-balanced-001,29,balanced,full,availability_25pct,1.7200014553964138e-05,0.007362200005445629,0.00012459998833946884,3.190001007169485e-05,0.007832299976143986
syn-29-balanced-002,29,balanced,full,control,2.4299981305375695e-05,0.014861099974950776,0.00021920001017861068,4.370001261122525e-05,0.01579999999376014
syn-29-balanced-002,29,balanced,full,endpoints_100m,3.6900019040331244e-05,0.02469969997764565,0.00015990002430044115,3.819999983534217e-05,0.025417700002435595
syn-29-balanced-002,29,balanced,full,route_100m,2.5900022592395544e-05,0.014610399986850098,0.00014670001110062003,3.860000288113952e-05,0.015299299993785098
syn-29-balanced-002,29,balanced,full,departure_5min,2.4999986635521054e-05,0.020347899990156293,0.00015499998698942363,4.050001734867692e-05,0.021047299989731982
syn-29-balanced-002,29,balanced,full,availability_25pct,3.279998782090843e-05,0.008397300000069663,9.48999950196594e-05,2.8199981898069382e-05,0.008874599996488541
syn-29-balanced-003,29,balanced,full,control,2.3600005079060793e-05,0.014377699990291148,0.00014720001490786672,3.960001049563289e-05,0.015940999990561977
syn-29-balanced-003,29,balanced,full,endpoints_100m,2.2400025045499206e-05,0.01405299999169074,0.00013699999544769526,3.6500015994533896e-05,0.01469300000462681
syn-29-balanced-003,29,balanced,full,route_100m,2.4500011932104826e-05,0.014289600017946213,0.00013689999468624592,3.4900003811344504e-05,0.014916499989340082
syn-29-balanced-003,29,balanced,full,departure_5min,2.4300010409206152e-05,0.014760699996259063,0.00014399999054148793,3.4500000765547156e-05,0.01540130001376383
syn-29-balanced-003,29,balanced,full,availability_25pct,1.960000372491777e-05,0.009562899998854846,0.00020889998995698988,4.429998807609081e-05,0.01032830000622198
syn-29-balanced-004,29,balanced,full,control,2.3600005079060793e-05,0.014199199998984113,0.00015460001304745674,3.670001751743257e-05,0.014932899997802451
syn-29-balanced-004,29,balanced,full,endpoints_100m,2.47000134550035e-05,0.015318000019760802,8.72999953571707e-05,2.7000001864507794e-05,0.015789400000358
syn-29-balanced-004,29,balanced,full,route_100m,3.580001066438854e-05,0.015766299999086186,0.00010470001143403351,2.829998265951872e-05,0.016580299998167902
syn-29-balanced-004,29,balanced,full,departure_5min,1.6999983927235007e-05,0.01415810000617057,8.329999400302768e-05,2.0799983758479357e-05,0.014749099995242432
syn-29-balanced-004,29,balanced,full,availability_25pct,2.2799998987466097e-05,0.009266699984436855,0.00010510001447983086,3.23000131174922e-05,0.00977859998238273
syn-29-balanced-005,29,balanced,full,control,2.2899999748915434e-05,0.014710299990838394,0.00014440002269111574,3.63999861292541e-05,0.015402399993035942
syn-29-balanced-005,29,balanced,full,endpoints_100m,2.5100016500800848e-05,0.015604699990944937,0.00014220000593923032,3.6200013710185885e-05,0.016256500006420538
syn-29-balanced-005,29,balanced,full,route_100m,2.4500011932104826e-05,0.01800890002050437,0.00014820002252236009,3.579998156055808e-05,0.018679700006032363
syn-29-balanced-005,29,balanced,full,departure_5min,2.5899993488565087e-05,0.014315699983853847,0.00014849999570287764,3.7699996028095484e-05,0.01499979998334311
syn-29-balanced-005,29,balanced,full,availability_25pct,2.19999928958714e-05,0.013733599975239486,0.00010930001735687256,3.470000228844583e-05,0.014279399998486042
syn-29-balanced-006,29,balanced,full,control,2.239999594166875e-05,0.015922199992928654,0.00014370001736097038,3.709999145939946e-05,0.016605499986326322
syn-29-balanced-006,29,balanced,full,endpoints_100m,4.470002022571862e-05,0.01804759999504313,0.00015669999993406236,3.770002513192594e-05,0.018776999990222976
syn-29-balanced-006,29,balanced,full,route_100m,2.479998511262238e-05,0.015844899986404926,0.00015050001093186438,3.540000761859119e-05,0.01667720000841655
syn-29-balanced-006,29,balanced,full,departure_5min,2.9300019377842546e-05,0.01451380000798963,0.00014259997988119721,3.5500008380040526e-05,0.01523819999420084
syn-29-balanced-006,29,balanced,full,availability_25pct,3.539997851476073e-05,0.013011899980483577,0.0001297999988310039,3.3199990866705775e-05,0.0136427000106778
syn-29-balanced-007,29,balanced,full,control,7.839998579584062e-05,0.014364500006195158,0.00014250000822357833,3.6299985367804766e-05,0.015102900011697784
syn-29-balanced-007,29,balanced,full,endpoints_100m,2.4300010409206152e-05,0.014536700007738546,0.00014009998994879425,3.659998765215278e-05,0.015192200022283942
syn-29-balanced-007,29,balanced,full,route_100m,3.4500000765547156e-05,0.015903199993772432,0.0002161000156775117,4.4500018702819943e-05,0.016663999995216727
syn-29-balanced-007,29,balanced,full,departure_5min,2.6299996534362435e-05,0.014252699998905882,0.00015219999477267265,3.679998917505145e-05,0.014926599978934973
syn-29-balanced-007,29,balanced,full,availability_25pct,2.160001895390451e-05,0.009509600000455976,0.00010149998706765473,2.4800014216452837e-05,0.009993999992730096
syn-29-balanced-008,29,balanced,full,control,2.370000584051013e-05,0.01615710000623949,7.910002022981644e-05,7.37000082153827e-05,0.01667989999987185
syn-29-balanced-008,29,balanced,full,endpoints_100m,1.3800017768517137e-05,0.029118400008883327,0.0002586999908089638,6.0399994254112244e-05,0.03207079999265261
syn-29-balanced-008,29,balanced,full,route_100m,9.50000248849392e-05,0.03344980001566,0.00020739997853524983,5.190001684240997e-05,0.0344737000123132
syn-29-balanced-008,29,balanced,full,departure_5min,3.809999907389283e-05,0.03192220002529211,0.00021320002269931138,5.250002141110599e-05,0.03294919998734258
syn-29-balanced-008,29,balanced,full,availability_25pct,2.9999995604157448e-05,0.009783800021978095,0.0001081999798770994,4.159999662078917e-05,0.010324500006390736
syn-29-balanced-009,29,balanced,full,control,1.4899997040629387e-05,0.017523800022900105,0.00014739998732693493,3.8700003642588854e-05,0.01820759999100119
syn-29-balanced-009,29,balanced,full,endpoints_100m,2.47000134550035e-05,0.014344700000947341,0.0002182000025641173,8.610001532360911e-05,0.015357800002675503
syn-29-balanced-009,29,balanced,full,route_100m,3.809999907389283e-05,0.016852800006745383,8.699999307282269e-05,2.340000355616212e-05,0.01745459999074228
syn-29-balanced-009,29,balanced,full,departure_5min,2.929999027401209e-05,0.013194799976190552,8.690002141520381e-05,2.120001590810716e-05,0.013588100002380088
syn-29-balanced-009,29,balanced,full,availability_25pct,1.4999997802078724e-05,0.012873100000433624,0.00012989999959245324,5.219999002292752e-05,0.013874700001906604
syn-29-balanced-010,29,balanced,full,control,0.00039870000910013914,0.017040299979271367,0.00012790001346729696,2.929999027401209e-05,0.018287200015038252
syn-29-balanced-010,29,balanced,full,endpoints_100m,2.6399997295811772e-05,0.014097700011916459,0.0001464999804738909,3.679998917505145e-05,0.014745799999218434
syn-29-balanced-010,29,balanced,full,route_100m,2.4800014216452837e-05,0.014994900004239753,0.00016599998343735933,4.1799998143687844e-05,0.015717900008894503
syn-29-balanced-010,29,balanced,full,departure_5min,4.0799990529194474e-05,0.015593300020555034,0.0001294999965466559,3.530000685714185e-05,0.01623219999601133
syn-29-balanced-010,29,balanced,full,availability_25pct,2.1899992134422064e-05,0.014236499991966411,0.000159099989105016,3.9300008211284876e-05,0.015038700017612427
syn-29-balanced-011,29,balanced,full,control,4.270000499673188e-05,0.014526400016620755,0.00014519999967887998,3.640001523308456e-05,0.015219499997328967
syn-29-balanced-011,29,balanced,full,endpoints_100m,2.4699984351173043e-05,0.01688910002121702,0.00015979999443516135,3.91000066883862e-05,0.017579799983650446
syn-29-balanced-011,29,balanced,full,route_100m,2.579999272711575e-05,0.01722939999308437,0.000148899998748675,3.789999755099416e-05,0.017924200015841052
syn-29-balanced-011,29,balanced,full,departure_5min,2.4899985874071717e-05,0.021147499996004626,0.00011270001414231956,4.0000013541430235e-05,0.021790800004964694
syn-29-balanced-011,29,balanced,full,availability_25pct,2.370000584051013e-05,0.014249400002881885,0.0005067000165581703,3.369999467395246e-05,0.015208099997835234
syn-29-balanced-012,29,balanced,full,control,2.4500011932104826e-05,0.01433599999290891,0.00013500000932253897,3.540000761859119e-05,0.015010700008133426
syn-29-balanced-012,29,balanced,full,endpoints_100m,2.6699999580159783e-05,0.015447899990249425,8.739999611862004e-05,2.2499996703118086e-05,0.01599120002356358
syn-29-balanced-012,29,balanced,full,route_100m,2.5299988919869065e-05,0.014866700017591938,0.0001564999984111637,3.8300000596791506e-05,0.015843300003325567
syn-29-balanced-012,29,balanced,full,departure_5min,4.159999662078917e-05,0.017789999983506277,0.00014180000289343297,3.840000135824084e-05,0.01844440001877956
syn-29-balanced-012,29,balanced,full,availability_25pct,1.8499995348975062e-05,0.010321499983547255,0.00010840001050382853,3.29999893438071e-05,0.010844200005521998
syn-29-balanced-013,29,balanced,full,control,2.370000584051013e-05,0.0149243000196293,0.0001393999846186489,3.759999526664615e-05,0.015605299995513633
syn-29-balanced-013,29,balanced,full,endpoints_100m,2.5399989681318402e-05,0.016494300012709573,0.00016799999866634607,4.630000330507755e-05,0.017641899990849197
syn-29-balanced-013,29,balanced,full,route_100m,4.2100000428035855e-05,0.014451199996983632,0.00015480001457035542,3.9399979868903756e-05,0.015159500006120652
syn-29-balanced-013,29,balanced,full,departure_5min,2.5599991204217076e-05,0.014060300018172711,0.00014659998123534024,3.739999374374747e-05,0.014783299993723631
syn-29-balanced-013,29,balanced,full,availability_25pct,2.2799998987466097e-05,0.01275649998569861,0.0001306000049225986,0.00014640000881627202,0.013674799993168563
syn-29-balanced-014,29,balanced,full,control,3.350002225488424e-05,0.016923999995924532,0.00013120000949129462,3.130000550299883e-05,0.017791599995689467
syn-29-balanced-014,29,balanced,full,endpoints_100m,3.130000550299883e-05,0.019242600013967603,0.0001475999888498336,3.860000288113952e-05,0.019922699982998893
syn-29-balanced-014,29,balanced,full,route_100m,2.81000102404505e-05,0.0767061999940779,0.00015259999781847,3.8700003642588854e-05,0.07741030000033788
syn-29-balanced-014,29,balanced,full,departure_5min,2.4300010409206152e-05,0.022695799998473376,0.00023239999427460134,5.949998740106821e-05,0.023709700006293133
syn-29-balanced-014,29,balanced,full,availability_25pct,3.1800009310245514e-05,0.016169699985766783,0.00013070000568404794,3.7299992982298136e-05,0.016794499999377877
syn-29-balanced-015,29,balanced,full,control,3.850000211969018e-05,0.02391139999963343,0.0001477000187151134,3.91000066883862e-05,0.02460820000851527
syn-29-balanced-015,29,balanced,full,endpoints_100m,2.47000134550035e-05,0.02004490001127124,0.00040329998591914773,6.229997961781919e-05,0.021471099986229092
syn-29-balanced-015,29,balanced,full,route_100m,4.159999662078917e-05,0.02027280000038445,0.0002182000025641173,5.810000584460795e-05,0.021440799988340586
syn-29-balanced-015,29,balanced,full,departure_5min,2.7600006433203816e-05,0.025509900005999953,0.00023599999258294702,5.0300004659220576e-05,0.02652060001855716
syn-29-balanced-015,29,balanced,full,availability_25pct,3.0399998649954796e-05,0.012599000008776784,9.499999578110874e-05,3.440000000409782e-05,0.013204900023993105
syn-29-balanced-016,29,balanced,full,control,2.269999822601676e-05,0.021598000021185726,0.0002125999890267849,6.369999027810991e-05,0.0226713000156451
syn-29-balanced-016,29,balanced,full,endpoints_100m,4.119999357499182e-05,0.019038300000829622,0.00021379999816417694,5.590001819655299e-05,0.019863599998643622
syn-29-balanced-016,29,balanced,full,route_100m,3.8300000596791506e-05,0.01801500000874512,0.00014689998351968825,3.880000440403819e-05,0.018706000002566725
syn-29-balanced-016,29,balanced,full,departure_5min,2.4200009647756815e-05,0.018126700015272945,0.0001461999781895429,3.749999450519681e-05,0.018796699994709343
syn-29-balanced-016,29,balanced,full,availability_25pct,2.0100007532164454e-05,0.012053599988576025,0.00010639999527484179,3.91000066883862e-05,0.012695200013695285
syn-29-balanced-017,29,balanced,full,control,2.9699993319809437e-05,0.013908700027968735,0.00014600000577047467,3.8799975300207734e-05,0.014567600010195747
syn-29-balanced-017,29,balanced,full,endpoints_100m,2.5600020308047533e-05,0.01712139998562634,0.00019099999917671084,5.329999839887023e-05,0.018104499991750345
syn-29-balanced-017,29,balanced,full,route_100m,4.1399995097890496e-05,0.016222500009462237,0.00014709998504258692,3.770002513192594e-05,0.01692310001817532
syn-29-balanced-017,29,balanced,full,departure_5min,2.570002106949687e-05,0.01671540000825189,0.00014519999967887998,5.180001608096063e-05,0.01741050000418909
syn-29-balanced-017,29,balanced,full,availability_25pct,2.4199980543926358e-05,0.013388899998972192,0.00021840000408701599,3.850000211969018e-05,0.014114999998128042
syn-29-balanced-018,29,balanced,full,control,2.3899978259578347e-05,0.01874379999935627,0.00018089998047798872,4.050001734867692e-05,0.01959869998972863
syn-29-balanced-018,29,balanced,full,endpoints_100m,2.8099981136620045e-05,0.022190500021679327,0.00010740000288933516,2.9000017093494534e-05,0.022780700004659593
syn-29-balanced-018,29,balanced,full,route_100m,2.6500027161091566e-05,0.023983699997188523,0.00027970000519417226,5.9600017266348004e-05,0.025091399991651997
syn-29-balanced-018,29,balanced,full,departure_5min,4.659997648559511e-05,0.026512900018133223,0.00022390001686289907,5.7199998991563916e-05,0.02757100001326762
syn-29-balanced-018,29,balanced,full,availability_25pct,4.05999890062958e-05,0.0204088999889791,0.00014769998961128294,3.809999907389283e-05,0.02110410001478158
syn-29-balanced-019,29,balanced,full,control,2.3500004317611456e-05,0.015477500011911616,0.00014910000027157366,3.749999450519681e-05,0.016168300004210323
syn-29-balanced-019,29,balanced,full,endpoints_100m,2.6699999580159783e-05,0.015711700019892305,0.00015119998715817928,3.840000135824084e-05,0.016440800012787804
syn-29-balanced-019,29,balanced,full,route_100m,3.3899996196851134e-05,0.01618059998145327,0.00014570000348612666,3.7999998312443495e-05,0.016865699988557026
syn-29-balanced-019,29,balanced,full,departure_5min,2.4600012693554163e-05,0.01510799999232404,0.0001466000103391707,3.7999998312443495e-05,0.01579830000991933
syn-29-balanced-019,29,balanced,full,availability_25pct,2.300000051036477e-05,0.010756200004834682,0.00011389999417588115,2.9799994081258774e-05,0.011291000002529472
syn-29-dense-000,29,dense,full,control,3.5900011425837874e-05,0.03738230001181364,0.00026450000586919487,5.6599994422867894e-05,0.03866259998176247
syn-29-dense-000,29,dense,full,endpoints_100m,4.4400017941370606e-05,0.029140500002540648,0.00025359998107887805,5.370000144466758e-05,0.030705099983606488
syn-29-dense-000,29,dense,full,route_100m,8.889997843652964e-05,0.03167369999573566,0.0002570000069681555,6.53000024612993e-05,0.0328348999901209
syn-29-dense-000,29,dense,full,departure_5min,3.659998765215278e-05,0.04685270000481978,0.0002581000153440982,5.4100004490464926e-05,0.0485564999980852
syn-29-dense-000,29,dense,full,availability_25pct,5.3099996875971556e-05,0.03806809999514371,0.0008917000086512417,0.0003228000132367015,0.0407472999941092
syn-29-dense-001,29,dense,full,control,3.559998003765941e-05,0.03670959998271428,0.0005058000097051263,0.00010930001735687256,0.038593800010858104
syn-29-dense-001,29,dense,full,endpoints_100m,6.140000186860561e-05,0.04634169998462312,0.0004425999941304326,8.9599983766675e-05,0.04835960001219064
syn-29-dense-001,29,dense,full,route_100m,6.2700011767447e-05,0.031870000006165355,0.00027529997169040143,5.5500015150755644e-05,0.03306940000038594
syn-29-dense-001,29,dense,full,departure_5min,3.7299992982298136e-05,0.03254240000387654,0.0002584000176284462,6.439999560825527e-05,0.033687900024233386
syn-29-dense-001,29,dense,full,availability_25pct,3.329999162815511e-05,0.02252319999388419,0.00020589999621734023,4.329998046159744e-05,0.023770200001308694
syn-29-dense-002,29,dense,full,control,3.6999990697950125e-05,0.032971099979477,0.00026760000037029386,5.390000296756625e-05,0.034117700008209795
syn-29-dense-002,29,dense,full,endpoints_100m,3.749999450519681e-05,0.032406600017566234,0.0002848999865818769,5.4500007536262274e-05,0.03357289999257773
syn-29-dense-002,29,dense,full,route_100m,3.890000516548753e-05,0.05134160001762211,0.0003012999950442463,7.9699995694682e-05,0.05328619998181239
syn-29-dense-002,29,dense,full,departure_5min,6.640001083724201e-05,0.036258699983591214,0.0002567000046838075,5.4100004490464926e-05,0.03741620000801049
syn-29-dense-002,29,dense,full,availability_25pct,3.160000778734684e-05,0.02616370000760071,0.000318799982778728,0.00012589999823831022,0.02732650001416914
syn-29-dense-003,29,dense,full,control,6.0999998822808266e-05,0.04770130000542849,0.00044720000005327165,8.579998393543065e-05,0.049416900001233444
syn-29-dense-003,29,dense,full,endpoints_100m,4.470002022571862e-05,0.04729539999971166,0.00031350000062957406,8.040000102482736e-05,0.04923400000552647
syn-29-dense-003,29,dense,full,route_100m,5.629999213851988e-05,0.052308600017568097,0.0006336000224109739,9.210000280290842e-05,0.05461510000168346
syn-29-dense-003,29,dense,full,departure_5min,7.440001354552805e-05,0.04623799998080358,0.00024720001965761185,4.650000482797623e-05,0.047311400005128235
syn-29-dense-003,29,dense,full,availability_25pct,3.359999391250312e-05,0.032671700028004125,0.0003330000035930425,8.860000525601208e-05,0.03410260000964627
syn-29-dense-004,29,dense,full,control,6.029999349266291e-05,0.03655849999631755,0.00041310000233352184,7.909999112598598e-05,0.038424800004577264
syn-29-dense-004,29,dense,full,endpoints_100m,3.409999771974981e-05,0.0285843999881763,0.0002691000117920339,5.609999061562121e-05,0.0297327000007499
syn-29-dense-004,29,dense,full,route_100m,3.9000005926936865e-05,0.03683759999694303,0.0002606000052765012,5.780000356025994e-05,0.03810669999802485
syn-29-dense-004,29,dense,full,departure_5min,5.520001286640763e-05,0.03821500000776723,0.0002624999906402081,4.499999340623617e-05,0.04304609997780062
syn-29-dense-004,29,dense,full,availability_25pct,3.540000761859119e-05,0.03452290000859648,0.0003319999959785491,7.40000104997307e-05,0.03581949998624623
syn-29-dense-005,29,dense,full,control,3.780002589337528e-05,0.03487549998681061,0.0004636000085156411,8.72999953571707e-05,0.036882199987303466
syn-29-dense-005,29,dense,full,endpoints_100m,7.559999357908964e-05,0.04034300000057556,0.0003994000144302845,0.00013899998157285154,0.04218849999597296
syn-29-dense-005,29,dense,full,route_100m,6.890000076964498e-05,0.044095000019297004,0.0004059000057168305,7.089998689480126e-05,0.04571199999190867
syn-29-dense-005,29,dense,full,departure_5min,0.00010070001007989049,0.051647900021634996,0.000610099988989532,0.00014180000289343297,0.05464940000092611
syn-29-dense-005,29,dense,full,availability_25pct,6.960000609979033e-05,0.039057099987985566,0.00035710001247934997,0.0001483999949414283,0.04049670000676997
syn-29-dense-006,29,dense,full,control,3.6600016755983233e-05,0.043004500010283664,0.0004785000055562705,9.029998909682035e-05,0.04487769998377189
syn-29-dense-006,29,dense,full,endpoints_100m,6.769999163225293e-05,0.05504179999115877,0.00025090001872740686,5.23999915458262e-05,0.05629469998530112
syn-29-dense-006,29,dense,full,route_100m,4.320000880397856e-05,0.04405070000211708,0.0002581999870017171,5.339999916031957e-05,0.04527920001419261
syn-29-dense-006,29,dense,full,departure_5min,3.91000066883862e-05,0.04308159998618066,0.002434900001389906,9.300000965595245e-05,0.04691950001870282
syn-29-dense-006,29,dense,full,availability_25pct,5.01000031363219e-05,0.035659799992572516,0.0003132999991066754,5.5500015150755644e-05,0.0370235999871511
syn-29-dense-007,29,dense,full,control,6.059999577701092e-05,0.043872500013094395,0.0002917999809142202,5.400000372901559e-05,0.04506999999284744
syn-29-dense-007,29,dense,full,endpoints_100m,3.7299992982298136e-05,0.028014699986670166,0.0002541000139899552,5.599998985417187e-05,0.02918750001117587
syn-29-dense-007,29,dense,full,route_100m,3.779999678954482e-05,0.03636550001101568,0.0002584999892860651,5.370000144466758e-05,0.03752919999533333
syn-29-dense-007,29,dense,full,departure_5min,3.7200021324679255e-05,0.037323700002161786,0.0002759000053629279,5.5599986808374524e-05,0.03849019997869618
syn-29-dense-007,29,dense,full,availability_25pct,3.359999391250312e-05,0.02613119999296032,0.0002686000079847872,4.789998638443649e-05,0.02717390001635067
syn-29-dense-008,29,dense,full,control,3.640001523308456e-05,0.030812400014838204,0.0006900000153109431,5.3800002206116915e-05,0.032831599994096905
syn-29-dense-008,29,dense,full,endpoints_100m,8.280001929961145e-05,0.03497960002277978,0.0002725000085774809,5.470000905916095e-05,0.03619459999026731
syn-29-dense-008,29,dense,full,route_100m,3.7299992982298136e-05,0.02865280001424253,0.00047420000191777945,4.490002174861729e-05,0.03007380000781268
syn-29-dense-008,29,dense,full,departure_5min,3.809999907389283e-05,0.030797700019320473,0.0002576000115368515,5.2099989261478186e-05,0.03227510000579059
syn-29-dense-008,29,dense,full,availability_25pct,2.7400004910305142e-05,0.018858600000385195,0.00019610000890679657,4.3400010326877236e-05,0.01975600002333522
syn-29-dense-009,29,dense,full,control,3.8799975300207734e-05,0.03387640000437386,0.0004116999916732311,8.960001287050545e-05,0.03572990000247955
syn-29-dense-009,29,dense,full,endpoints_100m,5.119998240843415e-05,0.039149200019892305,0.0002666999935172498,5.3899973863735795e-05,0.040304800000740215
syn-29-dense-009,29,dense,full,route_100m,3.809999907389283e-05,0.03753089997917414,0.0002572000084910542,5.329999839887023e-05,0.038931399991270155
syn-29-dense-009,29,dense,full,departure_5min,7.48000165913254e-05,0.031669799995142967,0.00025680000544525683,5.1799986977130175e-05,0.033517800009576604
syn-29-dense-009,29,dense,full,availability_25pct,5.7600002037361264e-05,0.025306800001999363,0.00021229998674243689,4.430001717992127e-05,0.02629849998629652
syn-29-dense-010,29,dense,full,control,3.8700003642588854e-05,0.03458219999447465,0.00025889999233186245,9.849999332800508e-05,0.0358041999861598
syn-29-dense-010,29,dense,full,endpoints_100m,4.1099992813542485e-05,0.02921700000297278,0.0003609000123105943,8.140000863932073e-05,0.030863799998769537
syn-29-dense-010,29,dense,full,route_100m,5.500001134350896e-05,0.035277699993457645,0.00026840000646188855,5.57999883312732e-05,0.03644460000214167
syn-29-dense-010,29,dense,full,departure_5min,3.709999145939946e-05,0.036129799991613254,0.0003409000055398792,6.540000322274864e-05,0.037442300003021955
syn-29-dense-010,29,dense,full,availability_25pct,3.86999745387584e-05,0.02923200000077486,0.00022929999977350235,5.509998300112784e-05,0.03040419999160804
syn-29-dense-011,29,dense,full,control,3.6200013710185885e-05,0.031876099994406104,0.00043050001841038465,0.00026709999656304717,0.03386639998643659
syn-29-dense-011,29,dense,full,endpoints_100m,5.49999822396785e-05,0.029779900010908023,0.0002534999803174287,5.3800002206116915e-05,0.031360499997390434
syn-29-dense-011,29,dense,full,route_100m,4.7200010158121586e-05,0.031130499992286786,0.00025680000544525683,6.25999819021672e-05,0.032290799979818985
syn-29-dense-011,29,dense,full,departure_5min,3.890000516548753e-05,0.03025899999192916,0.0002733000146690756,5.370000144466758e-05,0.03141180000966415
syn-29-dense-011,29,dense,full,availability_25pct,5.0000002374872565e-05,0.022865200007800013,0.0001990000018849969,3.919997834600508e-05,0.02379020000807941
syn-29-dense-012,29,dense,full,control,3.7699996028095484e-05,0.030195600003935397,0.0002769000129774213,6.980000762268901e-05,0.03149120000307448
syn-29-dense-012,29,dense,full,endpoints_100m,5.959998816251755e-05,0.036414100002730265,0.00026840000646188855,5.599998985417187e-05,0.03764210001099855
syn-29-dense-012,29,dense,full,route_100m,3.850000211969018e-05,0.030939300020691007,0.00027660001069307327,5.77000027988106e-05,0.03209290001541376
syn-29-dense-012,29,dense,full,departure_5min,3.850000211969018e-05,0.02980700001353398,0.00044979999074712396,8.289999095723033e-05,0.03164710002602078
syn-29-dense-012,29,dense,full,availability_25pct,7.340000593103468e-05,0.022537800017744303,0.00020409998251125216,4.3800013372674584e-05,0.023494900000514463
syn-29-dense-013,29,dense,full,control,3.600001218728721e-05,0.028441800008295104,0.000256399973295629,5.3800002206116915e-05,0.02957129999413155
syn-29-dense-013,29,dense,full,endpoints_100m,3.679998917505145e-05,0.030989699997007847,0.0002128999913111329,4.5900000259280205e-05,0.03192989999661222
syn-29-dense-013,29,dense,full,route_100m,4.290000651963055e-05,0.03803309999057092,0.0002623000182211399,5.800000508315861e-05,0.03919630000018515
syn-29-dense-013,29,dense,full,departure_5min,3.809999907389283e-05,0.029920400003902614,0.0002659000165294856,5.490001058205962e-05,0.031075399980181828
syn-29-dense-013,29,dense,full,availability_25pct,3.409999771974981e-05,0.03067350000492297,0.00022350001381710172,5.119998240843415e-05,0.03168539999751374
syn-29-dense-014,29,dense,full,control,3.5999983083456755e-05,0.02950159998727031,0.0002851999888662249,5.2000017603859305e-05,0.030804800015175715
syn-29-dense-014,29,dense,full,endpoints_100m,4.439998883754015e-05,0.031166499975370243,0.0002702000201679766,5.329999839887023e-05,0.03237600001739338
syn-29-dense-014,29,dense,full,route_100m,3.8700003642588854e-05,0.02943779999623075,0.00039420000393874943,7.71000050008297e-05,0.03110640001250431
syn-29-dense-014,29,dense,full,departure_5min,6.409999332390726e-05,0.04266750000533648,0.00025680000544525683,5.679999594576657e-05,0.04410579998511821
syn-29-dense-014,29,dense,full,availability_25pct,3.57000099029392e-05,0.01974380001774989,0.00034970001433975995,6.819999543949962e-05,0.021160799980862066
syn-29-dense-015,29,dense,full,control,3.519997699186206e-05,0.03964770000311546,0.0002587999915704131,7.650000043213367e-05,0.04136609999113716
syn-29-dense-015,29,dense,full,endpoints_100m,7.059998461045325e-05,0.04876649999641813,0.00041969999438151717,9.030001820065081e-05,0.05061639999621548
syn-29-dense-015,29,dense,full,route_100m,6.669998401775956e-05,0.0444924000184983,0.00038880002102814615,5.7600002037361264e-05,0.04583590000402182
syn-29-dense-015,29,dense,full,departure_5min,3.980001201853156e-05,0.03856469999300316,0.00039900001138448715,8.880000677891076e-05,0.04037509998306632
syn-29-dense-015,29,dense,full,availability_25pct,5.679999594576657e-05,0.02994459998444654,0.00024759999359957874,4.919999628327787e-05,0.03091659999336116
syn-29-dense-016,29,dense,full,control,3.71999922208488e-05,0.03718410001602024,0.00028509998810477555,5.440000677481294e-05,0.03836480001336895
syn-29-dense-016,29,dense,full,endpoints_100m,3.860000288113952e-05,0.041401399997994304,0.00025829998776316643,5.599998985417187e-05,0.042543699993984774
syn-29-dense-016,29,dense,full,route_100m,3.8399972254410386e-05,0.04118569998536259,0.0002618000144138932,5.599998985417187e-05,0.04247650000615977
syn-29-dense-016,29,dense,full,departure_5min,6.399999256245792e-05,0.0350977000198327,0.0002993999805767089,0.0003418999840505421,0.037723999994341284
syn-29-dense-016,29,dense,full,availability_25pct,6.550000398419797e-05,0.024230399983935058,0.0002142000012099743,4.640000406652689e-05,0.025222500000381842
syn-29-dense-017,29,dense,full,control,3.5900011425837874e-05,0.031946900009643286,0.00026080000679939985,5.190001684240997e-05,0.033081800007494166
syn-29-dense-017,29,dense,full,endpoints_100m,3.9000005926936865e-05,0.0303567000082694,0.0002620999875944108,5.5899989092722535e-05,0.03183520000311546
syn-29-dense-017,29,dense,full,route_100m,7.010000990703702e-05,0.04811540001537651,0.0002662999904714525,5.360000068321824e-05,0.04932839999673888
syn-29-dense-017,29,dense,full,departure_5min,3.880000440403819e-05,0.05050360001041554,0.0004138000076636672,9.240000508725643e-05,0.05248029998620041
syn-29-dense-017,29,dense,full,availability_25pct,5.709999823011458e-05,0.021634000004269183,0.00020360000780783594,4.400001489557326e-05,0.022658799978671595
syn-29-dense-018,29,dense,full,control,9.300000965595245e-05,0.04787749997922219,0.0002573000092525035,5.329999839887023e-05,0.049074600014137104
syn-29-dense-018,29,dense,full,endpoints_100m,3.709999145939946e-05,0.03322379998280667,0.0002581999870017171,5.3800002206116915e-05,0.03492040000855923
syn-29-dense-018,29,dense,full,route_100m,7.54999928176403e-05,0.03517889999784529,0.0004670000053010881,9.449999197386205e-05,0.0371393000241369
syn-29-dense-018,29,dense,full,departure_5min,6.960000609979033e-05,0.04665170001680963,0.0002589999930933118,5.190001684240997e-05,0.04786170000443235
syn-29-dense-018,29,dense,full,availability_25pct,3.250001464039087e-05,0.028086300007998943,0.00033439998514950275,7.149999146349728e-05,0.029456699994625524
syn-29-dense-019,29,dense,full,control,6.220000796020031e-05,0.05000100002507679,0.00032920000376179814,7.460001506842673e-05,0.0514231999986805
syn-29-dense-019,29,dense,full,endpoints_100m,3.960001049563289e-05,0.045816600002581254,0.0006379000260494649,8.310002158395946e-05,0.04768650000914931
syn-29-dense-019,29,dense,full,route_100m,4.390001413412392e-05,0.033274799992796034,0.00025839998852461576,5.3800002206116915e-05,0.034430299972882494
syn-29-dense-019,29,dense,full,departure_5min,3.91000066883862e-05,0.04052969999611378,0.00040190000436268747,9.169999975711107e-05,0.04232530001900159
syn-29-dense-019,29,dense,full,availability_25pct,5.490001058205962e-05,0.024586399988038465,0.0003147000097669661,7.280000136233866e-05,0.02593379997415468
syn-47-thin-000,47,thin,full,control,1.309998333454132e-05,0.0057560999994166195,7.109998841769993e-05,3.370002377778292e-05,0.006104300002334639
syn-47-thin-000,47,thin,full,endpoints_100m,1.6600009985268116e-05,0.005265999992843717,8.460000390186906e-05,3.940000897273421e-05,0.0057212000247091055
syn-47-thin-000,47,thin,full,route_100m,2.370000584051013e-05,0.008222000004025176,9.059999138116837e-05,4.1799998143687844e-05,0.008682499988935888
syn-47-thin-000,47,thin,full,departure_5min,2.19999928958714e-05,0.004996300005586818,6.379999103955925e-05,2.780000795610249e-05,0.005305800004862249
syn-47-thin-000,47,thin,full,availability_25pct,1.3699987903237343e-05,0.0033526999759487808,3.950000973418355e-05,2.069998299703002e-05,0.003559900011168793
syn-47-thin-001,47,thin,full,control,1.1000025551766157e-05,0.005139499990036711,6.590000702999532e-05,4.3599982745945454e-05,0.005480599997099489
syn-47-thin-001,47,thin,full,endpoints_100m,1.5400000847876072e-05,0.004803100018762052,6.67999847792089e-05,3.190001007169485e-05,0.005158300016773865
syn-47-thin-001,47,thin,full,route_100m,1.689998316578567e-05,0.004465100006200373,4.8200017772614956e-05,2.3100001271814108e-05,0.004717700008768588
syn-47-thin-001,47,thin,full,departure_5min,1.270000939257443e-05,0.004993900016415864,6.38000201433897e-05,2.9999995604157448e-05,0.005329100007656962
syn-47-thin-001,47,thin,full,availability_25pct,1.5600002370774746e-05,0.006482999975560233,6.540000322274864e-05,3.100000321865082e-05,0.006829700025264174
syn-47-thin-002,47,thin,full,control,1.379998866468668e-05,0.00588339997921139,6.030002259649336e-05,2.4900014977902174e-05,0.006163300015032291
syn-47-thin-002,47,thin,full,endpoints_100m,1.2500007869675756e-05,0.004464500001631677,4.990000161342323e-05,2.5199988158419728e-05,0.0047565000131726265
syn-47-thin-002,47,thin,full,route_100m,2.370000584051013e-05,0.004502299998421222,4.6299974201247096e-05,2.2899999748915434e-05,0.004758800001582131
syn-47-thin-002,47,thin,full,departure_5min,1.3400014722719789e-05,0.006027700001141056,6.510000093840063e-05,3.0099996365606785e-05,0.006360400002449751
syn-47-thin-002,47,thin,full,availability_25pct,1.4399993233382702e-05,0.0036524999886751175,5.0300004659220576e-05,2.7900008717551827e-05,0.005027300008805469
syn-47-thin-003,47,thin,full,control,1.4099990949034691e-05,0.005411399994045496,6.75999908708036e-05,2.9300019377842546e-05,0.005753200006438419
syn-47-thin-003,47,thin,full,endpoints_100m,2.0100007532164454e-05,0.004474900022614747,3.889997606165707e-05,1.750001683831215e-05,0.004741199983982369
syn-47-thin-003,47,thin,full,route_100m,1.4599994756281376e-05,0.00533380001434125,9.839999256655574e-05,4.1399995097890496e-05,0.00584929998149164
syn-47-thin-003,47,thin,full,departure_5min,2.1700019715353847e-05,0.007703400013269857,0.00010000000474974513,3.980001201853156e-05,0.008207399980165064
syn-47-thin-003,47,thin,full,availability_25pct,3.160000778734684e-05,0.0048574999964330345,4.6900007873773575e-05,2.5199988158419728e-05,0.0051499999826774
syn-47-thin-004,47,thin,full,control,1.5199999324977398e-05,0.005897800001548603,6.929997471161187e-05,2.4500011932104826e-05,0.006246699980692938
syn-47-thin-004,47,thin,full,endpoints_100m,1.659998088143766e-05,0.004679799982113764,5.900001269765198e-05,2.2799998987466097e-05,0.004975299991201609
syn-47-thin-004,47,thin,full,route_100m,1.3499986380338669e-05,0.00443879998056218,5.220001912675798e-05,1.810002140700817e-05,0.004692699993029237
syn-47-thin-004,47,thin,full,departure_5min,1.1500000255182385e-05,0.006364500004565343,9.82999918051064e-05,3.730002208612859e-05,0.006865600007586181
syn-47-thin-004,47,thin,full,availability_25pct,2.0700012100860476e-05,0.004353800002718344,5.789997521787882e-05,2.4899985874071717e-05,0.004663300001993775
syn-47-thin-005,47,thin,full,control,1.5999976312741637e-05,0.005254899995634332,7.300000288523734e-05,2.3900007363408804e-05,0.005637700000079349
syn-47-thin-005,47,thin,full,endpoints_100m,1.650000922381878e-05,0.004648000001907349,5.699999746866524e-05,1.8700025975704193e-05,0.004935700009809807
syn-47-thin-005,47,thin,full,route_100m,1.4099990949034691e-05,0.004517099994700402,5.6899996707215905e-05,1.6200006939470768e-05,0.004792899999301881
syn-47-thin-005,47,thin,full,departure_5min,1.2300006346777081e-05,0.005019900010665879,8.319999324157834e-05,1.9500002963468432e-05,0.005351300002075732
syn-47-thin-005,47,thin,full,availability_25pct,1.3699987903237343e-05,0.0035726000205613673,4.789998638443649e-05,1.2400007108226418e-05,0.0038216999964788556
syn-47-thin-006,47,thin,full,control,1.0799994925037026e-05,0.004464599973289296,4.840001929551363e-05,8.99998121894896e-06,0.004713200003607199
syn-47-thin-006,47,thin,full,endpoints_100m,1.200000406242907e-05,0.0053422000200953335,0.00010270002530887723,2.2299995180219412e-05,0.00584050000179559
syn-47-thin-006,47,thin,full,route_100m,2.3500004317611456e-05,0.005320099997334182,6.590000702999532e-05,1.4299992471933365e-05,0.0056573000038042665
syn-47-thin-006,47,thin,full,departure_5min,1.5600002370774746e-05,0.004612399992765859,4.019998596049845e-05,1.1199997970834374e-05,0.0048642999900039285
syn-47-thin-006,47,thin,full,availability_25pct,1.179997343569994e-05,0.0030743000097572803,3.890000516548753e-05,1.1500000255182385e-05,0.0032919999794103205
syn-47-thin-007,47,thin,full,control,1.4699995517730713e-05,0.0045165000192355365,0.00010760000441223383,1.689998316578567e-05,0.0048648999945726246
syn-47-thin-007,47,thin,full,endpoints_100m,1.5999976312741637e-05,0.009210099990013987,0.0001010000123642385,1.829999382607639e-05,0.009640400006901473
syn-47-thin-007,47,thin,full,route_100m,2.2499996703118086e-05,0.008608000003732741,6.779999239370227e-05,1.610000617802143e-05,0.008928399998694658
syn-47-thin-007,47,thin,full,departure_5min,1.580000389367342e-05,0.004843899980187416,3.759999526664615e-05,9.000010322779417e-06,0.005036399990785867
syn-47-thin-007,47,thin,full,availability_25pct,1.5400000847876072e-05,0.0044578000088222325,5.01000031363219e-05,9.99998883344233e-06,0.0046904000046197325
syn-47-thin-008,47,thin,full,control,1.680001150816679e-05,0.0045990000071469694,6.019999273121357e-05,1.1199997970834374e-05,0.004912399977911264
syn-47-thin-008,47,thin,full,endpoints_100m,1.4199991710484028e-05,0.006047499977285042,6.04000233579427e-05,1.3800017768517137e-05,0.006322100001852959
syn-47-thin-008,47,thin,full,route_100m,1.3999990187585354e-05,0.004891300020972267,7.989999721758068e-05,1.4099990949034691e-05,0.005202100001042709
syn-47-thin-008,47,thin,full,departure_5min,1.5300000086426735e-05,0.004419999982928857,4.8999994760379195e-05,9.499985026195645e-06,0.004648299975087866
syn-47-thin-008,47,thin,full,availability_25pct,1.3500015484169126e-05,0.005085200013127178,6.479999865405262e-05,1.4199991710484028e-05,0.005389300000388175
syn-47-thin-009,47,thin,full,control,2.090001362375915e-05,0.004559799999697134,4.9299997044727206e-05,1.5300000086426735e-05,0.004866900009801611
syn-47-thin-009,47,thin,full,endpoints_100m,1.880002673715353e-05,0.005911699990974739,8.910000906325877e-05,2.780000795610249e-05,0.006372899981215596
syn-47-thin-009,47,thin,full,route_100m,2.3300002794712782e-05,0.0059769999934360385,6.989997928030789e-05,2.0899984519928694e-05,0.006325800000922754
syn-47-thin-009,47,thin,full,departure_5min,1.6000005416572094e-05,0.004546500014839694,5.15999854542315e-05,1.659998088143766e-05,0.004833300015889108
syn-47-thin-009,47,thin,full,availability_25pct,1.1999974958598614e-05,0.0034869000082835555,4.779998562298715e-05,1.5199999324977398e-05,0.003735000005690381
syn-47-thin-010,47,thin,full,control,1.6000005416572094e-05,0.004552500002318993,5.09000092279166e-05,1.9700004486367106e-05,0.0048624999762978405
syn-47-thin-010,47,thin,full,endpoints_100m,1.3399985618889332e-05,0.004998599993996322,6.78999931551516e-05,2.6500027161091566e-05,0.005317900009686127
syn-47-thin-010,47,thin,full,route_100m,1.5400000847876072e-05,0.005866199993761256,6.719998782500625e-05,2.6299996534362435e-05,0.0062197999795898795
syn-47-thin-010,47,thin,full,departure_5min,1.5400000847876072e-05,0.004496100009419024,5.0300004659220576e-05,1.9800005247816443e-05,0.004745099984575063
syn-47-thin-010,47,thin,full,availability_25pct,9.90001717582345e-06,0.001146900001913309,1.8699996871873736e-05,1.0799994925037026e-05,0.0012772999762091786
syn-47-thin-011,47,thin,full,control,8.399976650252938e-06,0.008429500012425706,6.589997792616487e-05,2.9099988751113415e-05,0.008775299997068942
syn-47-thin-011,47,thin,full,endpoints_100m,1.6200006939470768e-05,0.004699500015703961,8.850000449456275e-05,3.749999450519681e-05,0.005158500018296763
syn-47-thin-011,47,thin,full,route_100m,2.1799991372972727e-05,0.009813700016820803,0.00010710000060498714,5.050000618211925e-05,0.010354800004279241
syn-47-thin-011,47,thin,full,departure_5min,2.340000355616212e-05,0.009192700003040954,0.00010119998478330672,4.3400010326877236e-05,0.00971780001418665
syn-47-thin-011,47,thin,full,availability_25pct,1.580000389367342e-05,0.0017084999999497086,3.4999975468963385e-05,2.1199986804276705e-05,0.0019336999976076186
syn-47-thin-012,47,thin,full,control,1.5600002370774746e-05,0.0050441000203136355,6.469999789260328e-05,4.220000118948519e-05,0.005391700018662959
syn-47-thin-012,47,thin,full,endpoints_100m,1.550000160932541e-05,0.00535150000359863,8.699999307282269e-05,4.350001108832657e-05,0.005937400012044236
syn-47-thin-012,47,thin,full,route_100m,2.8000009479001164e-05,0.0049085000064224005,6.079999729990959e-05,7.709997589699924e-05,0.00529380000079982
syn-47-thin-012,47,thin,full,departure_5min,1.7400016076862812e-05,0.007952200016006827,8.410000009462237e-05,3.4999975468963385e-05,0.008355600002687424
syn-47-thin-012,47,thin,full,availability_25pct,1.2100004823878407e-05,0.0018795999931171536,4.350001108832657e-05,3.0399998649954796e-05,0.002187000005505979
syn-47-thin-013,47,thin,full,control,1.379998866468668e-05,0.005432200006907806,6.130000110715628e-05,3.1100003980100155e-05,0.005783500004326925
syn-47-thin-013,47,thin,full,endpoints_100m,1.5199999324977398e-05,0.004917200014460832,5.979998968541622e-05,2.9099988751113415e-05,0.005247699999017641
syn-47-thin-013,47,thin,full,route_100m,1.4400022337213159e-05,0.00446249998640269,4.7900015488266945e-05,2.3300002794712782e-05,0.005255500000203028
syn-47-thin-013,47,thin,full,departure_5min,2.4100008886307478e-05,0.004602300003170967,5.23999915458262e-05,2.4399982066825032e-05,0.004876899998635054
syn-47-thin-013,47,thin,full,availability_25pct,1.2399978004395962e-05,0.004808700003195554,6.0699996538460255e-05,2.8799986466765404e-05,0.005124499992234632
syn-47-thin-014,47,thin,full,control,1.3199984095990658e-05,0.004468800005270168,4.6200002543628216e-05,2.239999594166875e-05,0.0047805999929551035
syn-47-thin-014,47,thin,full,endpoints_100m,1.4399993233382702e-05,0.005146899988176301,7.020001066848636e-05,3.259998629800975e-05,0.005498400016222149
syn-47-thin-014,47,thin,full,route_100m,1.6600009985268116e-05,0.00590859999647364,7.419998291879892e-05,4.47999918833375e-05,0.006307800009381026
syn-47-thin-014,47,thin,full,departure_5min,1.7299986211583018e-05,0.0056041000061668456,6.640001083724201e-05,3.15000070258975e-05,0.005960200011031702
syn-47-thin-014,47,thin,full,availability_25pct,1.5400000847876072e-05,0.0052137000020593405,7.960002403706312e-05,3.130000550299883e-05,0.005569200002355501
syn-47-thin-015,47,thin,full,control,1.3800017768517137e-05,0.006374999997206032,5.699999746866524e-05,2.3600005079060793e-05,0.006821000017225742
syn-47-thin-015,47,thin,full,endpoints_100m,1.4999997802078724e-05,0.010603100003208965,6.910000229254365e-05,2.989999484270811e-05,0.01095490000443533
syn-47-thin-015,47,thin,full,route_100m,2.1899992134422064e-05,0.00459440000122413,4.6600005589425564e-05,2.030000905506313e-05,0.004866300005232915
syn-47-thin-015,47,thin,full,departure_5min,1.0799994925037026e-05,0.005140599998412654,6.920000305399299e-05,3.0199997127056122e-05,0.005483300017658621
syn-47-thin-015,47,thin,full,availability_25pct,1.3499986380338669e-05,0.0023267999931704253,4.4599990360438824e-05,1.8499995348975062e-05,0.0025285000156145543
syn-47-thin-016,47,thin,full,control,1.09999964479357e-05,0.004470300016691908,4.759998410008848e-05,1.5900004655122757e-05,0.004714899987448007
syn-47-thin-016,47,thin,full,endpoints_100m,1.2800010154023767e-05,0.0068079000047873706,9.640000644139946e-05,3.440000000409782e-05,0.007231600000523031
syn-47-thin-016,47,thin,full,route_100m,1.9500002963468432e-05,0.007780499989166856,8.850000449456275e-05,3.090000245720148e-05,0.008175199996912852
syn-47-thin-016,47,thin,full,departure_5min,1.759998849593103e-05,0.00710869999602437,0.00010320000001229346,4.470002022571862e-05,0.007648500002687797
syn-47-thin-016,47,thin,full,availability_25pct,2.759997732937336e-05,0.005059100018115714,6.089999806135893e-05,2.47000134550035e-05,0.005380299990065396
syn-47-thin-017,47,thin,full,control,1.5099998563528061e-05,0.005806999979540706,7.000000914558768e-05,2.1700019715353847e-05,0.006145300023490563
syn-47-thin-017,47,thin,full,endpoints_100m,1.580000389367342e-05,0.004699600016465411,5.4100004490464926e-05,1.719998545013368e-05,0.004965300002368167
syn-47-thin-017,47,thin,full,route_100m,1.4399993233382702e-05,0.004648899979656562,6.260001100599766e-05,1.960000372491777e-05,0.00499750001472421
syn-47-thin-017,47,thin,full,departure_5min,1.9700004486367106e-05,0.005186199996387586,6.479999865405262e-05,1.9500002963468432e-05,0.005499399994732812
syn-47-thin-017,47,thin,full,availability_25pct,1.3399985618889332e-05,0.0033454000076744705,4.1700026486068964e-05,1.4999997802078724e-05,0.003558399999747053
syn-47-thin-018,47,thin,full,control,1.3200013199821115e-05,0.005113500024890527,7.780001033097506e-05,1.7099984688684344e-05,0.00543739998829551
syn-47-thin-018,47,thin,full,endpoints_100m,1.6300007700920105e-05,0.005729699973016977,7.070001447573304e-05,1.580000389367342e-05,0.006044099980499595
syn-47-thin-018,47,thin,full,route_100m,1.5400000847876072e-05,0.005091099999845028,6.739998934790492e-05,1.5900004655122757e-05,0.005402599985245615
syn-47-thin-018,47,thin,full,departure_5min,1.5199999324977398e-05,0.005051400017691776,6.970000686123967e-05,1.4699995517730713e-05,0.005554300005314872
syn-47-thin-018,47,thin,full,availability_25pct,1.71000137925148e-05,0.003362299990840256,5.679999594576657e-05,1.5199999324977398e-05,0.0036643999919760972
syn-47-thin-019,47,thin,full,control,1.3399985618889332e-05,0.006466699996963143,6.429999484680593e-05,1.3300013961270452e-05,0.006755900016287342
syn-47-thin-019,47,thin,full,endpoints_100m,1.4899997040629387e-05,0.006685100001050159,6.709998706355691e-05,1.4399993233382702e-05,0.007001500023761764
syn-47-thin-019,47,thin,full,route_100m,1.5400000847876072e-05,0.004481100011616945,5.020000389777124e-05,1.0600022505968809e-05,0.004713900008937344
syn-47-thin-019,47,thin,full,departure_5min,1.2800010154023767e-05,0.004886100010480732,6.900000153109431e-05,1.6200006939470768e-05,0.0052026000048499554
syn-47-thin-019,47,thin,full,availability_25pct,1.2400007108226418e-05,0.0019530999998096377,5.740000051446259e-05,3.120000474154949e-05,0.0028817999991588295
syn-47-balanced-000,47,balanced,full,control,2.4100008886307478e-05,0.015497100015636533,0.00014239997835829854,3.5900011425837874e-05,0.016846799990162253
syn-47-balanced-000,47,balanced,full,endpoints_100m,3.460000152699649e-05,0.014911200007190928,0.00014330001431517303,3.779999678954482e-05,0.015584399981889874
syn-47-balanced-000,47,balanced,full,route_100m,3.530000685714185e-05,0.018990299984579906,0.00014680001186206937,3.890000516548753e-05,0.01965920001384802
syn-47-balanced-000,47,balanced,full,departure_5min,2.5899993488565087e-05,0.01475370000116527,0.00015269999857991934,5.0300004659220576e-05,0.015425799996592104
syn-47-balanced-000,47,balanced,full,availability_25pct,2.3800006601959467e-05,0.013939099997514859,0.00012149999383836985,3.5200006095692515e-05,0.014503899990813807
syn-47-balanced-001,47,balanced,full,control,2.3900007363408804e-05,0.014942400011932477,0.0001441999920643866,3.7999998312443495e-05,0.015641699981642887
syn-47-balanced-001,47,balanced,full,endpoints_100m,2.61999957729131e-05,0.013794600003166124,0.00014139999984763563,3.329999162815511e-05,0.014412899996386841
syn-47-balanced-001,47,balanced,full,route_100m,0.00027310001314617693,0.015763900009915233,0.0001412000274285674,3.740002284757793e-05,0.017030099988915026
syn-47-balanced-001,47,balanced,full,departure_5min,3.15000070258975e-05,0.015521799999987707,0.00014450002345256507,3.739999374374747e-05,0.016200499987462536
syn-47-balanced-001,47,balanced,full,availability_25pct,3.120000474154949e-05,0.014280000003054738,0.0001241999852936715,3.880000440403819e-05,0.014891200000420213
syn-47-balanced-002,47,balanced,full,control,2.3499975213781e-05,0.014507099986076355,0.00013930001296103,3.659998765215278e-05,0.015161799994530156
syn-47-balanced-002,47,balanced,full,endpoints_100m,2.4900014977902174e-05,0.015092299989191815,0.00014970000484026968,3.6999990697950125e-05,0.015770500001963228
syn-47-balanced-002,47,balanced,full,route_100m,2.440001117065549e-05,0.016865400015376508,0.00014849999570287764,3.7299992982298136e-05,0.017545399983646348
syn-47-balanced-002,47,balanced,full,departure_5min,2.4900014977902174e-05,0.01460269998642616,0.00014489999739453197,3.899997682310641e-05,0.015271700016455725
syn-47-balanced-002,47,balanced,full,availability_25pct,2.2499996703118086e-05,0.01244839999708347,0.00012100001913495362,3.5200006095692515e-05,0.013059599994448945
syn-47-balanced-003,47,balanced,full,control,4.5199994929134846e-05,0.018955899984575808,0.00015300000086426735,4.5599997974932194e-05,0.01969640000606887
syn-47-balanced-003,47,balanced,full,endpoints_100m,2.4999986635521054e-05,0.03046020001056604,0.00024590000975877047,5.949998740106821e-05,0.03156309999758378
syn-47-balanced-003,47,balanced,full,route_100m,0.00010859998292289674,0.019088600005488843,0.0006894000107422471,3.9399979868903756e-05,0.02056329997139983
syn-47-balanced-003,47,balanced,full,departure_5min,3.15000070258975e-05,0.023933199991006404,0.00016140000661835074,3.819999983534217e-05,0.024641299998620525
syn-47-balanced-003,47,balanced,full,availability_25pct,2.1800020476803184e-05,0.013015300006372854,0.00012209999840706587,3.749999450519681e-05,0.013608799985377118
syn-47-balanced-004,47,balanced,full,control,4.129999433644116e-05,0.017459599999710917,0.00014869999722577631,3.7299992982298136e-05,0.018196199991507456
syn-47-balanced-004,47,balanced,full,endpoints_100m,2.649999805726111e-05,0.0171703000087291,0.00014570000348612666,3.9700011257082224e-05,0.01788279999163933
syn-47-balanced-004,47,balanced,full,route_100m,6.729998858645558e-05,0.023133400012739003,0.00023589999182149768,5.180001608096063e-05,0.02401660001487471
syn-47-balanced-004,47,balanced,full,departure_5min,1.9800005247816443e-05,0.015859700011787936,0.00014990000636316836,3.7999998312443495e-05,0.016544200014322996
syn-47-balanced-004,47,balanced,full,availability_25pct,2.5199988158419728e-05,0.015363500016974285,0.00012589999823831022,3.060000017285347e-05,0.01637009999831207
syn-47-balanced-005,47,balanced,full,control,2.3900007363408804e-05,0.01645630001439713,0.00016659998800605536,5.390000296756625e-05,0.017243400012375787
syn-47-balanced-005,47,balanced,full,endpoints_100m,2.8699985705316067e-05,0.015308500005630776,0.00014859999646432698,3.580001066438854e-05,0.01597899998887442
syn-47-balanced-005,47,balanced,full,route_100m,2.500001573935151e-05,0.01681490000919439,0.00014180000289343297,3.7500023609027267e-05,0.017500300018582493
syn-47-balanced-005,47,balanced,full,departure_5min,2.509998739697039e-05,0.017555999977048486,0.00026080000679939985,6.390002090483904e-05,0.0187216000049375
syn-47-balanced-005,47,balanced,full,availability_25pct,4.2100000428035855e-05,0.015092699992237613,0.00013949998538009822,3.880000440403819e-05,0.01586930002667941
syn-47-balanced-006,47,balanced,full,control,3.1400006264448166e-05,0.015030399983515963,0.0001435000158380717,3.619998460635543e-05,0.015726800018455833
syn-47-balanced-006,47,balanced,full,endpoints_100m,2.4900014977902174e-05,0.0155938999960199,0.00014300001203082502,3.689998993650079e-05,0.01625610000337474
syn-47-balanced-006,47,balanced,full,route_100m,2.449998282827437e-05,0.019350599992321804,0.00018450000789016485,4.600000102072954e-05,0.02014820001204498
syn-47-balanced-006,47,balanced,full,departure_5min,3.15000070258975e-05,0.02124910001293756,0.00023779997718520463,5.429997690953314e-05,0.02268189997994341
syn-47-balanced-006,47,balanced,full,availability_25pct,2.7900008717551827e-05,0.009982199990190566,0.00010309999925084412,3.100000321865082e-05,0.01049730001250282
syn-47-balanced-007,47,balanced,full,control,5.329999839887023e-05,0.013712699990719557,0.00014210000517778099,3.7299992982298136e-05,0.014451299997745082
syn-47-balanced-007,47,balanced,full,endpoints_100m,2.549999044276774e-05,0.014831300009973347,0.0001382000045850873,3.619998460635543e-05,0.015481599984923378
syn-47-balanced-007,47,balanced,full,route_100m,2.4600012693554163e-05,0.015734400018118322,0.0001461999781895429,3.789999755099416e-05,0.016413599980296567
syn-47-balanced-007,47,balanced,full,departure_5min,2.680000034160912e-05,0.016399099986301735,0.00014230000670067966,3.7200021324679255e-05,0.01707419997546822
syn-47-balanced-007,47,balanced,full,availability_25pct,2.1800020476803184e-05,0.011068899999372661,0.00010559998918324709,3.160000778734684e-05,0.011569099995540455
syn-47-balanced-008,47,balanced,full,control,2.3299973690882325e-05,0.01501599999028258,0.00015310000162571669,3.6600016755983233e-05,0.01569490000838414
syn-47-balanced-008,47,balanced,full,endpoints_100m,2.5300018023699522e-05,0.019356600008904934,0.00014489999739453197,5.1000009989365935e-05,0.020073899999260902
syn-47-balanced-008,47,balanced,full,route_100m,2.4900014977902174e-05,0.024141000001691282,0.00015549999079667032,3.7699996028095484e-05,0.024980299989692867
syn-47-balanced-008,47,balanced,full,departure_5min,4.230000195093453e-05,0.015889400005107746,0.0001503999810665846,3.890000516548753e-05,0.016603900003246963
syn-47-balanced-008,47,balanced,full,availability_25pct,2.1000014385208488e-05,0.008744899998418987,9.82999918051064e-05,3.270001616328955e-05,0.009235399978933856
syn-47-balanced-009,47,balanced,full,control,2.2299995180219412e-05,0.014502900012303144,0.00013959998614154756,3.7200021324679255e-05,0.015180100017460063
syn-47-balanced-009,47,balanced,full,endpoints_100m,2.449998282827437e-05,0.015385900012915954,0.00013890000991523266,3.409999771974981e-05,0.016021799994632602
syn-47-balanced-009,47,balanced,full,route_100m,2.4999986635521054e-05,0.01634339999873191,0.0001568000006955117,3.759999526664615e-05,0.017023299995344132
syn-47-balanced-009,47,balanced,full,departure_5min,2.4600012693554163e-05,0.015720399998826906,0.0001621000119484961,3.890000516548753e-05,0.016401100001530722
syn-47-balanced-009,47,balanced,full,availability_25pct,2.4900014977902174e-05,0.021870500000659376,0.00014600000577047467,3.57000099029392e-05,0.02250099999946542
syn-47-balanced-010,47,balanced,full,control,2.4699984351173043e-05,0.01579369997489266,0.00014650000957772136,3.7999998312443495e-05,0.01645600001211278
syn-47-balanced-010,47,balanced,full,endpoints_100m,2.4500011932104826e-05,0.015305900014936924,0.00014379998901858926,3.709999145939946e-05,0.015960899996571243
syn-47-balanced-010,47,balanced,full,route_100m,2.4399982066825032e-05,0.016161799983819947,0.000155999994603917,3.980001201853156e-05,0.01685200000065379
syn-47-balanced-010,47,balanced,full,departure_5min,2.6900001103058457e-05,0.0138128999969922,0.000139000010676682,3.649998689070344e-05,0.014422600012039766
syn-47-balanced-010,47,balanced,full,availability_25pct,2.2099993657320738e-05,0.011159999994561076,0.00010980002116411924,3.2100011594593525e-05,0.011669800005620345
syn-47-balanced-011,47,balanced,full,control,2.4199980543926358e-05,0.022226200002478436,0.00014489999739453197,8.230001549236476e-05,0.022923100012121722
syn-47-balanced-011,47,balanced,full,endpoints_100m,1.5900004655122757e-05,0.02275620002183132,0.00019130000146105886,4.019998596049845e-05,0.023531900020316243
syn-47-balanced-011,47,balanced,full,route_100m,2.81000102404505e-05,0.021686699998099357,0.0001373999984934926,5.199998850002885e-05,0.022511999995913357
syn-47-balanced-011,47,balanced,full,departure_5min,3.1499977922067046e-05,0.017783299990696833,0.00022350001381710172,5.4500007536262274e-05,0.018783200008329004
syn-47-balanced-011,47,balanced,full,availability_25pct,4.0099985199049115e-05,0.020150500000454485,0.00012290000449866056,3.369999467395246e-05,0.02091439999639988
syn-47-balanced-012,47,balanced,full,control,2.3200002033263445e-05,0.013930199987953529,0.00014869999722577631,3.880000440403819e-05,0.01467390000470914
syn-47-balanced-012,47,balanced,full,endpoints_100m,2.8999987989664078e-05,0.017372600006638095,0.00019260001135990024,3.0499999411404133e-05,0.017925599997397512
syn-47-balanced-012,47,balanced,full,route_100m,1.550000160932541e-05,0.014906099997460842,0.00021389999892562628,3.950000973418355e-05,0.01563370000803843
syn-47-balanced-012,47,balanced,full,departure_5min,2.5200017262250185e-05,0.014558900002157316,0.00013490000856108963,3.399999695830047e-05,0.015383799996925518
syn-47-balanced-012,47,balanced,full,availability_25pct,1.990000600926578e-05,0.013269799994304776,0.00018969998927786946,7.879998884163797e-05,0.014095499995164573
syn-47-balanced-013,47,balanced,full,control,2.2799998987466097e-05,0.0155627999920398,0.00015750000602565706,3.670001751743257e-05,0.0162459000130184
syn-47-balanced-013,47,balanced,full,endpoints_100m,2.4599983589723706e-05,0.01655699999537319,0.00014429999282583594,3.9000005926936865e-05,0.017252699995879084
syn-47-balanced-013,47,balanced,full,route_100m,2.5999994250014424e-05,0.014410600007977337,0.0001404999929945916,3.609998384490609e-05,0.015109200001461431
syn-47-balanced-013,47,balanced,full,departure_5min,2.5899993488565087e-05,0.01779689997783862,0.0001638999965507537,3.819999983534217e-05,0.01850229999399744
syn-47-balanced-013,47,balanced,full,availability_25pct,1.930000144056976e-05,0.007767000002786517,0.0002266999799758196,3.0199997127056122e-05,0.008354499994311482
syn-47-balanced-014,47,balanced,full,control,2.440001117065549e-05,0.015250299999024719,0.0001488000270910561,3.730002208612859e-05,0.01595219998853281
syn-47-balanced-014,47,balanced,full,endpoints_100m,2.5600020308047533e-05,0.0157269999908749,0.00016349999350495636,3.8700003642588854e-05,0.016424099972937256
syn-47-balanced-014,47,balanced,full,route_100m,2.4200009647756815e-05,0.01633310000761412,0.00014910000027157366,3.7299992982298136e-05,0.017002199980197474
syn-47-balanced-014,47,balanced,full,departure_5min,2.5999994250014424e-05,0.014175200019963086,0.0001495999749749899,3.6900019040331244e-05,0.014833099994575605
syn-47-balanced-014,47,balanced,full,availability_25pct,2.099998528137803e-05,0.008551499980967492,0.00010229999315924942,3.4199998481199145e-05,0.009068599989404902
syn-47-balanced-015,47,balanced,full,control,2.3300002794712782e-05,0.015837300015846267,0.00014329998521134257,3.7999998312443495e-05,0.016528100008144975
syn-47-balanced-015,47,balanced,full,endpoints_100m,2.479998511262238e-05,0.014683199988212436,0.000152299995534122,3.709999145939946e-05,0.015354300005128607
syn-47-balanced-015,47,balanced,full,route_100m,2.4599983589723706e-05,0.015244899987010285,0.0001466000103391707,3.789999755099416e-05,0.015927600004943088
syn-47-balanced-015,47,balanced,full,departure_5min,2.47000134550035e-05,0.01720020000357181,0.00014930000179447234,3.99000127799809e-05,0.01786960000754334
syn-47-balanced-015,47,balanced,full,availability_25pct,2.2099993657320738e-05,0.020347999990917742,0.00019669998437166214,5.6199991377070546e-05,0.02126860001590103
syn-47-balanced-016,47,balanced,full,control,2.4899985874071717e-05,0.01857329998165369,0.00034020000020973384,3.2800016924738884e-05,0.01944440000806935
syn-47-balanced-016,47,balanced,full,endpoints_100m,4.7999987145885825e-05,0.018597399990539998,0.00030350001179613173,3.5900011425837874e-05,0.019600700004957616
syn-47-balanced-016,47,balanced,full,route_100m,4.429998807609081e-05,0.020152200013399124,0.00015070001245476305,3.8399972254410386e-05,0.02083279998623766
syn-47-balanced-016,47,balanced,full,departure_5min,2.5199988158419728e-05,0.018059900001389906,0.0002663999912329018,5.5899989092722535e-05,0.019107600004645064
syn-47-balanced-016,47,balanced,full,availability_25pct,3.0800001695752144e-05,0.01750069999252446,0.0001354999840259552,3.470000228844583e-05,0.018159300001570955
syn-47-balanced-017,47,balanced,full,control,2.47000134550035e-05,0.018721300002653152,0.00029379999614320695,3.749999450519681e-05,0.02015870000468567
syn-47-balanced-017,47,balanced,full,endpoints_100m,3.9000005926936865e-05,0.016631399979814887,0.00015730000450275838,3.940000897273421e-05,0.017356600001221523
syn-47-balanced-017,47,balanced,full,route_100m,2.649999805726111e-05,0.018375199986621737,0.00024279998615384102,5.8900011936202645e-05,0.01944739997270517
syn-47-balanced-017,47,balanced,full,departure_5min,4.0799990529194474e-05,0.022115400002803653,0.00015480001457035542,3.91000066883862e-05,0.022829699999419972
syn-47-balanced-017,47,balanced,full,availability_25pct,2.4800014216452837e-05,0.020387199998367578,0.0001795999996829778,0.0016305000171996653,0.02333809999981895
syn-47-balanced-018,47,balanced,full,control,4.439998883754015e-05,0.02211730001727119,0.00015279999934136868,4.010001430287957e-05,0.022845799976494163
syn-47-balanced-018,47,balanced,full,endpoints_100m,2.8400012524798512e-05,0.02055710001150146,0.0001453000004403293,3.71999922208488e-05,0.021531200007302687
syn-47-balanced-018,47,balanced,full,route_100m,4.0000013541430235e-05,0.02028019999852404,0.00015320000238716602,3.940000897273421e-05,0.020992200006730855
syn-47-balanced-018,47,balanced,full,departure_5min,2.579999272711575e-05,0.020073199993930757,0.0003097000007983297,5.0399976316839457e-05,0.020959799992851913
syn-47-balanced-018,47,balanced,full,availability_25pct,2.169999061152339e-05,0.01177569999708794,0.00010419997852295637,3.1899980967864394e-05,0.012311800004681572
syn-47-balanced-019,47,balanced,full,control,2.4500011932104826e-05,0.0214523000176996,0.0001647000026423484,3.91000066883862e-05,0.022429200005717576
syn-47-balanced-019,47,balanced,full,endpoints_100m,3.239998477511108e-05,0.021222999988822266,0.00027600000612437725,5.7199998991563916e-05,0.02225830001407303
syn-47-balanced-019,47,balanced,full,route_100m,3.950000973418355e-05,0.02365379998809658,0.00024110000231303275,9.940000018104911e-05,0.024757900013355538
syn-47-balanced-019,47,balanced,full,departure_5min,4.4199987314641476e-05,0.01857929999823682,0.00015540001913905144,3.850000211969018e-05,0.019342800020240247
syn-47-balanced-019,47,balanced,full,availability_25pct,3.71999922208488e-05,0.016028400015784428,0.00021340002422221005,5.679999594576657e-05,0.017061799997463822
syn-47-dense-000,47,dense,full,control,3.57000099029392e-05,0.04510049999225885,0.000367300002835691,7.509998977184296e-05,0.0465892999782227
syn-47-dense-000,47,dense,full,endpoints_100m,5.119998240843415e-05,0.047800399974221364,0.00042320002103224397,0.00016060000052675605,0.049639000004390255
syn-47-dense-000,47,dense,full,route_100m,0.00017919999663718045,0.03822489999583922,0.0004206000012345612,7.829998503439128e-05,0.04012739998870529
syn-47-dense-000,47,dense,full,departure_5min,6.560000474564731e-05,0.05432860000291839,0.0002547000185586512,5.400000372901559e-05,0.05550710001261905
syn-47-dense-000,47,dense,full,availability_25pct,3.610001294873655e-05,0.044011999998474494,0.00023589999182149768,5.390000296756625e-05,0.045120000024326146
syn-47-dense-001,47,dense,full,control,3.739999374374747e-05,0.04142389999469742,0.0003912000101990998,7.639999967068434e-05,0.04336519999196753
syn-47-dense-001,47,dense,full,endpoints_100m,7.259999983943999e-05,0.0442656000086572,0.00046239999937824905,9.519999730400741e-05,0.04622469999594614
syn-47-dense-001,47,dense,full,route_100m,6.910000229254365e-05,0.03500329999951646,0.0002531000063754618,5.440000677481294e-05,0.03617760000634007
syn-47-dense-001,47,dense,full,departure_5min,6.340001709759235e-05,0.04041509999660775,0.0004181999829597771,8.590001380071044e-05,0.04316050000488758
syn-47-dense-001,47,dense,full,availability_25pct,6.600000779144466e-05,0.03832190000684932,0.0003798999823629856,7.54999928176403e-05,0.04005769998184405
syn-47-dense-002,47,dense,full,control,6.160000339150429e-05,0.051348800014238805,0.00038559999666176736,8.759999764151871e-05,0.05341649998445064
syn-47-dense-002,47,dense,full,endpoints_100m,0.0001176999940071255,0.061916899983771145,0.00042409999878145754,6.550000398419797e-05,0.06379380001453683
syn-47-dense-002,47,dense,full,route_100m,6.630001007579267e-05,0.04244509999989532,0.0004344999906606972,8.769999840296805e-05,0.0442713999946136
syn-47-dense-002,47,dense,full,departure_5min,6.309998570941389e-05,0.050427100009983405,0.0002686999796424061,5.43000060133636e-05,0.05235519999405369
syn-47-dense-002,47,dense,full,availability_25pct,7.2900002123788e-05,0.043351000000257045,0.00021779999951831996,5.160001455806196e-05,0.04490280000027269
syn-47-dense-003,47,dense,full,control,5.729999975301325e-05,0.03774880000855774,0.0002639999729581177,7.139999070204794e-05,0.039343400014331564
syn-47-dense-003,47,dense,full,endpoints_100m,6.86999992467463e-05,0.035636099986732006,0.0002516000240575522,5.339999916031957e-05,0.03791269997600466
syn-47-dense-003,47,dense,full,route_100m,4.630000330507755e-05,0.045472500001778826,0.0004406000080052763,8.789999992586672e-05,0.047329099994385615
syn-47-dense-003,47,dense,full,departure_5min,6.260001100599766e-05,0.038554900005692616,0.0002579999854788184,6.86999992467463e-05,0.03972460000659339
syn-47-dense-003,47,dense,full,availability_25pct,4.4800020987167954e-05,0.024443100002827123,0.0003924999909941107,6.029999349266291e-05,0.02600209999945946
syn-47-dense-004,47,dense,full,control,3.659998765215278e-05,0.03293510002549738,0.00040370001806877553,8.319999324157834e-05,0.03499240000382997
syn-47-dense-004,47,dense,full,endpoints_100m,5.9200014220550656e-05,0.043936200003372505,0.0003001999866683036,5.420000525191426e-05,0.04515759999048896
syn-47-dense-004,47,dense,full,route_100m,3.960001049563289e-05,0.042842800001380965,0.00028229999588802457,5.420000525191426e-05,0.04519190001883544
syn-47-dense-004,47,dense,full,departure_5min,3.8700003642588854e-05,0.0442662000132259,0.00027049999334849417,5.319999763742089e-05,0.04540480001014657
syn-47-dense-004,47,dense,full,availability_25pct,3.2800016924738884e-05,0.03449439999531023,0.000360800011549145,7.879998884163797e-05,0.036092599999392405
syn-47-dense-005,47,dense,full,control,3.640001523308456e-05,0.04672429998754524,0.00048230000538751483,9.479999425821006e-05,0.048637200001394376
syn-47-dense-005,47,dense,full,endpoints_100m,7.000000914558768e-05,0.04572239998378791,0.0002612000098451972,5.4100004490464926e-05,0.04696269999840297
syn-47-dense-005,47,dense,full,route_100m,3.880000440403819e-05,0.05074439998134039,0.00028970002313144505,5.2799994591623545e-05,0.052096900006290525
syn-47-dense-005,47,dense,full,departure_5min,6.439999560825527e-05,0.05043079997994937,0.0003896999987773597,8.319999324157834e-05,0.0520529999921564
syn-47-dense-005,47,dense,full,availability_25pct,7.769998046569526e-05,0.03163939999649301,0.0002243000199086964,4.569999873638153e-05,0.03275250000297092
syn-47-dense-006,47,dense,full,control,3.689998993650079e-05,0.03400839999085292,0.00025389998336322606,5.289999535307288e-05,0.03516850000596605
syn-47-dense-006,47,dense,full,endpoints_100m,3.759999526664615e-05,0.03086159998201765,0.00025519999326206744,5.370000144466758e-05,0.03203190001659095
syn-47-dense-006,47,dense,full,route_100m,3.700001980178058e-05,0.029590099991764873,0.00024950000806711614,5.4100004490464926e-05,0.030723099975148216
syn-47-dense-006,47,dense,full,departure_5min,3.6699988413602114e-05,0.0313272999774199,0.00026440000510774553,5.400000372901559e-05,0.03249330000835471
syn-47-dense-006,47,dense,full,availability_25pct,3.890000516548753e-05,0.038910599978407845,0.00036800000816583633,7.509998977184296e-05,0.04042430000845343
syn-47-dense-007,47,dense,full,control,3.7299992982298136e-05,0.031129199982387945,0.0002580000145826489,8.579998393543065e-05,0.03313310001976788
syn-47-dense-007,47,dense,full,endpoints_100m,5.740000051446259e-05,0.03580460001830943,0.0002592999953776598,5.669999518431723e-05,0.03697639997699298
syn-47-dense-007,47,dense,full,route_100m,5.1700015319511294e-05,0.029997200006619096,0.0002552999940235168,5.500001134350896e-05,0.03169350000098348
syn-47-dense-007,47,dense,full,departure_5min,6.909997318871319e-05,0.03212240000721067,0.0002663999912329018,5.219999002292752e-05,0.03329640001174994
syn-47-dense-007,47,dense,full,availability_25pct,3.1400006264448166e-05,0.020065000018803403,0.00022259997786022723,4.8200017772614956e-05,0.021015699981944636
syn-47-dense-008,47,dense,full,control,3.679998917505145e-05,0.03591679999954067,0.0002738000184763223,5.360000068321824e-05,0.03720269998302683
syn-47-dense-008,47,dense,full,endpoints_100m,3.7900026654824615e-05,0.03337180000380613,0.00043440001900307834,8.499997784383595e-05,0.035086599993519485
syn-47-dense-008,47,dense,full,route_100m,4.360001184977591e-05,0.030092500004684553,0.0002783999952953309,5.4500007536262274e-05,0.03126580000389367
syn-47-dense-008,47,dense,full,departure_5min,4.089999129064381e-05,0.0297549000242725,0.0002894999925047159,5.520001286640763e-05,0.03104259999236092
syn-47-dense-008,47,dense,full,availability_25pct,3.989998367615044e-05,0.022358599992003292,0.00019869999960064888,5.0000002374872565e-05,0.02329979999922216
syn-47-dense-009,47,dense,full,control,6.769999163225293e-05,0.04986679999274202,0.0002649000089149922,5.460000829771161e-05,0.051107099978253245
syn-47-dense-009,47,dense,full,endpoints_100m,4.010001430287957e-05,0.04798350000055507,0.0004226999881211668,8.190001244656742e-05,0.04991239999071695
syn-47-dense-009,47,dense,full,route_100m,7.179999374784529e-05,0.03696120000677183,0.0002759000053629279,5.2499992307275534e-05,0.03814439999405295
syn-47-dense-009,47,dense,full,departure_5min,3.6900019040331244e-05,0.039703499991446733,0.0002628000220283866,5.360000068321824e-05,0.04088049998972565
syn-47-dense-009,47,dense,full,availability_25pct,3.740002284757793e-05,0.05184299999382347,0.000621499988483265,8.610001532360911e-05,0.05379219999304041
syn-47-dense-010,47,dense,full,control,3.7500023609027267e-05,0.04466389998560771,0.0002607000060379505,5.329999839887023e-05,0.04576979999546893
syn-47-dense-010,47,dense,full,endpoints_100m,3.6999990697950125e-05,0.030616099975304678,0.0002643000043462962,5.440000677481294e-05,0.031712800002424046
syn-47-dense-010,47,dense,full,route_100m,3.680001827888191e-05,0.03370510000968352,0.00025809998624026775,5.460000829771161e-05,0.03481209999881685
syn-47-dense-010,47,dense,full,departure_5min,3.679998917505145e-05,0.032702800002880394,0.0004602000117301941,5.57999883312732e-05,0.03690360000473447
syn-47-dense-010,47,dense,full,availability_25pct,7.670000195503235e-05,0.027735999989090487,0.0001858999894466251,4.709998029284179e-05,0.0286750000086613
syn-47-dense-011,47,dense,full,control,3.600001218728721e-05,0.031760199985001236,0.00025680000544525683,5.400000372901559e-05,0.03290469999774359
syn-47-dense-011,47,dense,full,endpoints_100m,3.819999983534217e-05,0.029726300010224804,0.0002528000040911138,5.2799994591623545e-05,0.03083990002050996
syn-47-dense-011,47,dense,full,route_100m,4.949999856762588e-05,0.03623140000854619,0.00025829998776316643,5.9299985878169537e-05,0.03743399999802932
syn-47-dense-011,47,dense,full,departure_5min,3.7500023609027267e-05,0.030843499989714473,0.0005002999969292432,6.429999484680593e-05,0.03228729998227209
syn-47-dense-011,47,dense,full,availability_25pct,4.680000711232424e-05,0.029556099994806573,0.00024389999452978373,5.360000068321824e-05,0.03085459998692386
syn-47-dense-012,47,dense,full,control,3.959998139180243e-05,0.052809899993008,0.00047969998558983207,6.75999908708036e-05,0.054252700007054955
syn-47-dense-012,47,dense,full,endpoints_100m,3.989998367615044e-05,0.033000499999616295,0.00025339997955597937,7.550002192147076e-05,0.03415990000939928
syn-47-dense-012,47,dense,full,route_100m,3.9000005926936865e-05,0.04428629999165423,0.00026050000451505184,7.000000914558768e-05,0.045865300024161115
syn-47-dense-012,47,dense,full,departure_5min,7.09999876562506e-05,0.03215640000416897,0.0002590999938547611,5.250002141110599e-05,0.03330680000362918
syn-47-dense-012,47,dense,full,availability_25pct,2.9999995604157448e-05,0.018650000012712553,0.00014280001050792634,3.929997910745442e-05,0.01937339999130927
syn-47-dense-013,47,dense,full,control,3.71999922208488e-05,0.03212699998402968,0.00026270002126693726,5.509998300112784e-05,0.03330810001352802
syn-47-dense-013,47,dense,full,endpoints_100m,3.840000135824084e-05,0.031606400007149205,0.00026810000417754054,5.390000296756625e-05,0.03278779998072423
syn-47-dense-013,47,dense,full,route_100m,3.710002056322992e-05,0.04120820001116954,0.002234999992651865,6.329998723231256e-05,0.04480619999230839
syn-47-dense-013,47,dense,full,departure_5min,6.470002699643373e-05,0.034645200008526444,0.0002541000139899552,5.4599979193881154e-05,0.03580559999682009
syn-47-dense-013,47,dense,full,availability_25pct,3.160000778734684e-05,0.026221999985864386,0.00020740000763908029,4.3199979700148106e-05,0.027154100011102855
syn-47-dense-014,47,dense,full,control,3.6500015994533896e-05,0.03309779998380691,0.00025140002253465354,7.830001413822174e-05,0.03445950002060272
syn-47-dense-014,47,dense,full,endpoints_100m,5.260002217255533e-05,0.03219969998463057,0.0007222999993246049,0.0001120000088121742,0.03414410000550561
syn-47-dense-014,47,dense,full,route_100m,0.00016299998969770968,0.028382699994836003,0.00025099999038502574,5.4500007536262274e-05,0.029786900006001815
syn-47-dense-014,47,dense,full,departure_5min,4.05999890062958e-05,0.03001270000822842,0.00025749998167157173,5.6500022765249014e-05,0.031199299992294982
syn-47-dense-014,47,dense,full,availability_25pct,3.29999893438071e-05,0.034647899999981746,0.00016700002015568316,2.7700007194653153e-05,0.03554680000524968
syn-47-dense-015,47,dense,full,control,0.00012360000982880592,0.029730099980952218,0.0006656000041402876,7.999999797903001e-05,0.031649100012145936
syn-47-dense-015,47,dense,full,endpoints_100m,5.530001362785697e-05,0.02895649999845773,0.00026909998268820345,5.5899989092722535e-05,0.03037000002223067
syn-47-dense-015,47,dense,full,route_100m,3.969998215325177e-05,0.035304399993037805,0.0003220000071451068,6.660001236014068e-05,0.03668930000276305
syn-47-dense-015,47,dense,full,departure_5min,3.440000000409782e-05,0.03656410000985488,0.0002612999815028161,5.360000068321824e-05,0.0378344000200741
syn-47-dense-015,47,dense,full,availability_25pct,3.63999861292541e-05,0.02327469998272136,0.0002103000006172806,4.329998046159744e-05,0.024253500014310703
syn-47-dense-016,47,dense,full,control,3.7500023609027267e-05,0.030441899987636134,0.00025900002219714224,5.15999854542315e-05,0.03563549998216331
syn-47-dense-016,47,dense,full,endpoints_100m,4.6200002543628216e-05,0.04155419999733567,0.00030079999123699963,5.470000905916095e-05,0.04279800000949763
syn-47-dense-016,47,dense,full,route_100m,4.360001184977591e-05,0.03193450000253506,0.00026450000586919487,5.530001362785697e-05,0.03308120000292547
syn-47-dense-016,47,dense,full,departure_5min,3.929997910745442e-05,0.028635800001211464,0.00025880002067424357,5.440000677481294e-05,0.029799999989336357
syn-47-dense-016,47,dense,full,availability_25pct,3.670001751743257e-05,0.025654500001110137,0.0002313000150024891,5.43000060133636e-05,0.026755800005048513
syn-47-dense-017,47,dense,full,control,3.5299977753311396e-05,0.040184899989981204,0.00041810001130215824,8.640001760795712e-05,0.04197930000373162
syn-47-dense-017,47,dense,full,endpoints_100m,6.160000339150429e-05,0.04240909998770803,0.00043120002374053,8.250001701526344e-05,0.04424239997752011
syn-47-dense-017,47,dense,full,route_100m,6.930000381544232e-05,0.044648799987044185,0.00026130001060664654,5.3800002206116915e-05,0.04590789999929257
syn-47-dense-017,47,dense,full,departure_5min,5.609999061562121e-05,0.04700350001803599,0.0004437000025063753,8.520000847056508e-05,0.04879380000056699
syn-47-dense-017,47,dense,full,availability_25pct,6.049999501556158e-05,0.06844760000240058,0.00040109999827109277,7.989999721758068e-05,0.07698860001983121
syn-47-dense-018,47,dense,full,control,5.0300004659220576e-05,0.041779100021813065,0.000245599978370592,5.569998756982386e-05,0.04294630000367761
syn-47-dense-018,47,dense,full,endpoints_100m,4.0700018871575594e-05,0.04343799999332987,0.00026500000967644155,5.729999975301325e-05,0.0446038999943994
syn-47-dense-018,47,dense,full,route_100m,3.730002208612859e-05,0.04373679999844171,0.00028059998294338584,5.4100004490464926e-05,0.04502009999123402
syn-47-dense-018,47,dense,full,departure_5min,3.840000135824084e-05,0.04533379999338649,0.0003988000098615885,8.709999383427203e-05,0.047099399991566315
syn-47-dense-018,47,dense,full,availability_25pct,7.360000745393336e-05,0.034619900019606575,0.00045779999345541,9.119999594986439e-05,0.03774640001938678
syn-47-dense-019,47,dense,full,control,3.63999861292541e-05,0.029801399999996647,0.00025240000104531646,5.539998528547585e-05,0.03094060000148602
syn-47-dense-019,47,dense,full,endpoints_100m,3.730002208612859e-05,0.034154699998907745,0.00027409999165683985,5.289999535307288e-05,0.03532429999904707
syn-47-dense-019,47,dense,full,route_100m,3.789999755099416e-05,0.03239099998609163,0.0002547000185586512,5.299999611452222e-05,0.03355729999020696
syn-47-dense-019,47,dense,full,departure_5min,3.709999145939946e-05,0.04111590000684373,0.0003634000022429973,0.0001247999898623675,0.04287209999165498
syn-47-dense-019,47,dense,full,availability_25pct,3.440000000409782e-05,0.04000149999046698,0.00041360000614076853,4.700000863522291e-05,0.04199579998385161
